start_state_mm,step,remaining_passes_before,rpra_state_before_mm,online_state_before_mm,rpra_action_mm,online_action_mm,rpra_immediate_deflection_um,online_immediate_deflection_um,rpra_successor_mm,online_successor_mm,online_discrete_class,rpra_continuous_status,online_continuous_status,rpra_step_status,online_step_status,disagreement_classification,is_first_decision_disagreement
4.18,2,2,3.82,3.82,0.36,,71.36037244201924,,3.46,,,NUMERICAL_UNRESOLVED,,CONTINUE,NUMERICAL_UNRESOLVED,NUMERICAL_UNRESOLVED,False
4.185,1,3,4.185,4.185,0.36,,52.81911083355733,,3.825,,,NUMERICAL_UNRESOLVED,,CONTINUE,NUMERICAL_UNRESOLVED,NUMERICAL_UNRESOLVED,True
4.192,1,3,4.192,4.192,0.36,,52.530181721231614,,3.832,,,NUMERICAL_UNRESOLVED,,CONTINUE,NUMERICAL_UNRESOLVED,NUMERICAL_UNRESOLVED,True
4.203,1,3,4.203,4.203,0.36,,52.0803927897421,,3.843,,,NUMERICAL_UNRESOLVED,,CONTINUE,NUMERICAL_UNRESOLVED,NUMERICAL_UNRESOLVED,True
4.212,1,3,4.212,4.212,0.36,,51.71619556265447,,3.852,,,NUMERICAL_UNRESOLVED,,CONTINUE,NUMERICAL_UNRESOLVED,NUMERICAL_UNRESOLVED,True
4.218,1,3,4.218,4.218,0.36,,51.475281996330175,,3.858,,,NUMERICAL_UNRESOLVED,,CONTINUE,NUMERICAL_UNRESOLVED,NUMERICAL_UNRESOLVED,True
4.226,1,3,4.226,4.226,0.36,,51.15638595998316,,3.866,,,NUMERICAL_UNRESOLVED,,CONTINUE,NUMERICAL_UNRESOLVED,NUMERICAL_UNRESOLVED,True
4.231,1,3,4.231,4.231,0.36,,50.958412550161015,,3.871,,,NUMERICAL_UNRESOLVED,,CONTINUE,NUMERICAL_UNRESOLVED,NUMERICAL_UNRESOLVED,True
4.233,1,3,4.233,4.233,0.36,,50.87950921571976,,3.873,,,NUMERICAL_UNRESOLVED,,CONTINUE,NUMERICAL_UNRESOLVED,NUMERICAL_UNRESOLVED,True
4.235,1,3,4.235,4.235,0.36,,50.80076869441637,,3.875,,,NUMERICAL_UNRESOLVED,,CONTINUE,NUMERICAL_UNRESOLVED,NUMERICAL_UNRESOLVED,True
4.236,1,3,4.236,4.236,0.36,,50.761459357475125,,3.876,,,NUMERICAL_UNRESOLVED,,CONTINUE,NUMERICAL_UNRESOLVED,NUMERICAL_UNRESOLVED,True
4.239,1,3,4.239,4.239,0.36,,50.64377441360266,,3.879,,,NUMERICAL_UNRESOLVED,,CONTINUE,NUMERICAL_UNRESOLVED,NUMERICAL_UNRESOLVED,True
4.24,1,3,4.24,4.24,0.36,,50.604626947353346,,3.88,,,NUMERICAL_UNRESOLVED,,CONTINUE,NUMERICAL_UNRESOLVED,NUMERICAL_UNRESOLVED,True
4.242,1,3,4.242,4.242,0.36,,50.526452975167395,,3.882,,,NUMERICAL_UNRESOLVED,,CONTINUE,NUMERICAL_UNRESOLVED,NUMERICAL_UNRESOLVED,True
4.243,1,3,4.243,4.243,0.36,,50.487426365428945,,3.883,,,NUMERICAL_UNRESOLVED,,CONTINUE,NUMERICAL_UNRESOLVED,NUMERICAL_UNRESOLVED,True
4.251,1,3,4.251,4.251,0.36,,50.17665570076711,,3.891,,,NUMERICAL_UNRESOLVED,,CONTINUE,NUMERICAL_UNRESOLVED,NUMERICAL_UNRESOLVED,True
4.253,1,3,4.253,4.253,0.36,,50.09936176463223,,3.893,,,NUMERICAL_UNRESOLVED,,CONTINUE,NUMERICAL_UNRESOLVED,NUMERICAL_UNRESOLVED,True
4.26,1,3,4.26,4.26,0.36,,49.83007987584073,,3.9,,,NUMERICAL_UNRESOLVED,,CONTINUE,NUMERICAL_UNRESOLVED,NUMERICAL_UNRESOLVED,True
4.263,1,3,4.263,4.263,0.36,,49.71526406879751,,3.903,,,NUMERICAL_UNRESOLVED,,CONTINUE,NUMERICAL_UNRESOLVED,NUMERICAL_UNRESOLVED,True
4.266,1,3,4.266,4.266,0.36,,49.60080072760419,,3.906,,,NUMERICAL_UNRESOLVED,,CONTINUE,NUMERICAL_UNRESOLVED,NUMERICAL_UNRESOLVED,True
4.267,1,3,4.267,4.267,0.36,,49.56272437251595,,3.907,,,NUMERICAL_UNRESOLVED,,CONTINUE,NUMERICAL_UNRESOLVED,NUMERICAL_UNRESOLVED,True
4.27,1,3,4.27,4.27,0.36,,49.4487288845639,,3.91,,,NUMERICAL_UNRESOLVED,,CONTINUE,NUMERICAL_UNRESOLVED,NUMERICAL_UNRESOLVED,True
4.272,1,3,4.272,4.272,0.36,,49.37292604306616,,3.912,,,NUMERICAL_UNRESOLVED,,CONTINUE,NUMERICAL_UNRESOLVED,NUMERICAL_UNRESOLVED,True
4.274,1,3,4.274,4.274,0.36,,49.29727805922929,,3.914,,,NUMERICAL_UNRESOLVED,,CONTINUE,NUMERICAL_UNRESOLVED,NUMERICAL_UNRESOLVED,True
4.278,1,3,4.278,4.278,0.36,,49.14644508476175,,3.918,,,NUMERICAL_UNRESOLVED,,CONTINUE,NUMERICAL_UNRESOLVED,NUMERICAL_UNRESOLVED,True
4.29,1,3,4.29,4.29,0.36,,48.69762188773589,,3.93,,,NUMERICAL_UNRESOLVED,,CONTINUE,NUMERICAL_UNRESOLVED,NUMERICAL_UNRESOLVED,True
4.345,1,3,4.345,4.345,0.408,,56.408057400143306,,3.937,,,PASS,,CONTINUE,NUMERICAL_UNRESOLVED,NUMERICAL_UNRESOLVED,True
4.346,1,3,4.346,4.346,0.409,,56.576756690733305,,3.937,,,PASS,,CONTINUE,NUMERICAL_UNRESOLVED,NUMERICAL_UNRESOLVED,True
4.347,1,3,4.347,4.347,0.41,,56.7455618890663,,3.937,,,PASS,,CONTINUE,NUMERICAL_UNRESOLVED,NUMERICAL_UNRESOLVED,True
4.348,1,3,4.348,4.348,0.411,,56.91447283492635,,3.937,,,PASS,,CONTINUE,NUMERICAL_UNRESOLVED,NUMERICAL_UNRESOLVED,True
4.349,1,3,4.349,4.349,0.412,,57.08348936866161,,3.937,,,PASS,,CONTINUE,NUMERICAL_UNRESOLVED,NUMERICAL_UNRESOLVED,True
4.35,1,3,4.35,4.35,0.413,,57.25261133118125,,3.937,,,PASS,,CONTINUE,NUMERICAL_UNRESOLVED,NUMERICAL_UNRESOLVED,True
4.351,1,3,4.351,4.351,0.414,,57.42183856395226,,3.937,,,PASS,,CONTINUE,NUMERICAL_UNRESOLVED,NUMERICAL_UNRESOLVED,True
4.352,1,3,4.352,4.352,0.415,,57.59117090899578,,3.937,,,PASS,,CONTINUE,NUMERICAL_UNRESOLVED,NUMERICAL_UNRESOLVED,True
4.353,1,3,4.353,4.353,0.416,,57.7606082088836,,3.937,,,PASS,,CONTINUE,NUMERICAL_UNRESOLVED,NUMERICAL_UNRESOLVED,True
4.354,1,3,4.354,4.354,0.417,,57.93015030673566,,3.937,,,PASS,,CONTINUE,NUMERICAL_UNRESOLVED,NUMERICAL_UNRESOLVED,True
4.355,1,3,4.355,4.355,0.418,,58.099797046216175,,3.937,,,PASS,,CONTINUE,NUMERICAL_UNRESOLVED,NUMERICAL_UNRESOLVED,True
4.356,1,3,4.356,4.356,0.419,,58.2695482715305,,3.937,,,PASS,,CONTINUE,NUMERICAL_UNRESOLVED,NUMERICAL_UNRESOLVED,True
4.357,1,3,4.357,4.357,0.42,,58.43940382742213,,3.937,,,PASS,,CONTINUE,NUMERICAL_UNRESOLVED,NUMERICAL_UNRESOLVED,True
4.358,1,3,4.358,4.358,0.421,,58.60936355916921,,3.937,,,PASS,,CONTINUE,NUMERICAL_UNRESOLVED,NUMERICAL_UNRESOLVED,True
4.359,1,3,4.359,4.359,0.422,,58.779427312581106,,3.937,,,PASS,,CONTINUE,NUMERICAL_UNRESOLVED,NUMERICAL_UNRESOLVED,True
4.36,1,3,4.36,4.36,0.423,,58.94959493399635,,3.937,,,PASS,,CONTINUE,NUMERICAL_UNRESOLVED,NUMERICAL_UNRESOLVED,True
4.361,1,3,4.361,4.361,0.424,,59.11986627027841,,3.937,,,PASS,,CONTINUE,NUMERICAL_UNRESOLVED,NUMERICAL_UNRESOLVED,True
4.362,1,3,4.362,4.362,0.425,,59.29024116881337,,3.937,,,PASS,,CONTINUE,NUMERICAL_UNRESOLVED,NUMERICAL_UNRESOLVED,True
4.363,1,3,4.363,4.363,0.426,,59.46071947750633,,3.937,,,PASS,,CONTINUE,NUMERICAL_UNRESOLVED,NUMERICAL_UNRESOLVED,True
4.364,1,3,4.364,4.364,0.427,,59.631301044778965,,3.937,,,PASS,,CONTINUE,NUMERICAL_UNRESOLVED,NUMERICAL_UNRESOLVED,True
4.365,1,3,4.365,4.365,0.428,,59.801985719565394,,3.937,,,PASS,,CONTINUE,NUMERICAL_UNRESOLVED,NUMERICAL_UNRESOLVED,True
4.366,1,3,4.366,4.366,0.429,,59.97277335131068,,3.937,,,PASS,,CONTINUE,NUMERICAL_UNRESOLVED,NUMERICAL_UNRESOLVED,True
4.367,1,3,4.367,4.367,0.43,,60.143663789966915,,3.937,,,PASS,,CONTINUE,NUMERICAL_UNRESOLVED,NUMERICAL_UNRESOLVED,True
4.368,1,3,4.368,4.368,0.431,,60.314656885990615,,3.937,,,PASS,,CONTINUE,NUMERICAL_UNRESOLVED,NUMERICAL_UNRESOLVED,True
4.369,1,3,4.369,4.369,0.432,,60.48575249033971,,3.937,,,PASS,,CONTINUE,NUMERICAL_UNRESOLVED,NUMERICAL_UNRESOLVED,True
4.37,1,3,4.37,4.37,0.433,,60.6569504544708,,3.937,,,PASS,,CONTINUE,NUMERICAL_UNRESOLVED,NUMERICAL_UNRESOLVED,True
4.371,1,3,4.371,4.371,0.434,,60.82825063033564,,3.937,,,PASS,,CONTINUE,NUMERICAL_UNRESOLVED,NUMERICAL_UNRESOLVED,True
4.372,1,3,4.372,4.372,0.435,,60.99965287037934,,3.937,,,PASS,,CONTINUE,NUMERICAL_UNRESOLVED,NUMERICAL_UNRESOLVED,True
4.373,1,3,4.373,4.373,0.436,,61.171157027537035,,3.937,,,PASS,,CONTINUE,NUMERICAL_UNRESOLVED,NUMERICAL_UNRESOLVED,True
4.374,1,3,4.374,4.374,0.437,,61.34276295523092,,3.937,,,PASS,,CONTINUE,NUMERICAL_UNRESOLVED,NUMERICAL_UNRESOLVED,True
4.375,1,3,4.375,4.375,0.438,,61.51447050736772,,3.937,,,PASS,,CONTINUE,NUMERICAL_UNRESOLVED,NUMERICAL_UNRESOLVED,True
4.376,1,3,4.376,4.376,0.439,,61.68627953833612,,3.937,,,PASS,,CONTINUE,NUMERICAL_UNRESOLVED,NUMERICAL_UNRESOLVED,True
4.377,1,3,4.377,4.377,0.44,,61.8581899030031,,3.937,,,PASS,,CONTINUE,NUMERICAL_UNRESOLVED,NUMERICAL_UNRESOLVED,True
4.378,1,3,4.378,4.378,0.441,,62.030201456712646,,3.937,,,PASS,,CONTINUE,NUMERICAL_UNRESOLVED,NUMERICAL_UNRESOLVED,True
4.379,1,3,4.379,4.379,0.442,,62.20231405528202,,3.937,,,PASS,,CONTINUE,NUMERICAL_UNRESOLVED,NUMERICAL_UNRESOLVED,True
4.38,1,3,4.38,4.38,0.443,,62.374527554999446,,3.937,,,PASS,,CONTINUE,NUMERICAL_UNRESOLVED,NUMERICAL_UNRESOLVED,True
4.381,1,3,4.381,4.381,0.444,,62.54684181262163,,3.937,,,PASS,,CONTINUE,NUMERICAL_UNRESOLVED,NUMERICAL_UNRESOLVED,True
4.382,1,3,4.382,4.382,0.445,,62.7192566853709,,3.937,,,PASS,,CONTINUE,NUMERICAL_UNRESOLVED,NUMERICAL_UNRESOLVED,True
4.383,1,3,4.383,4.383,0.446,,62.89177203093203,,3.937,,,PASS,,CONTINUE,NUMERICAL_UNRESOLVED,NUMERICAL_UNRESOLVED,True
4.384,1,3,4.384,4.384,0.447,,63.06438770745129,,3.937,,,PASS,,CONTINUE,NUMERICAL_UNRESOLVED,NUMERICAL_UNRESOLVED,True
4.385,1,3,4.385,4.385,0.448,,63.23710357353214,,3.937,,,PASS,,CONTINUE,NUMERICAL_UNRESOLVED,NUMERICAL_UNRESOLVED,True
4.386,1,3,4.386,4.386,0.449,,63.409919488233896,,3.937,,,PASS,,CONTINUE,NUMERICAL_UNRESOLVED,NUMERICAL_UNRESOLVED,True
4.387,1,3,4.387,4.387,0.45,,63.582835311068465,,3.937,,,PASS,,CONTINUE,NUMERICAL_UNRESOLVED,NUMERICAL_UNRESOLVED,True
4.388,1,3,4.388,4.388,0.451,,63.75585090199845,,3.937,,,PASS,,CONTINUE,NUMERICAL_UNRESOLVED,NUMERICAL_UNRESOLVED,True
4.389,1,3,4.389,4.389,0.452,,63.92896612143363,,3.937,,,PASS,,CONTINUE,NUMERICAL_UNRESOLVED,NUMERICAL_UNRESOLVED,True
4.39,1,3,4.39,4.39,0.453,,64.10218083023004,,3.937,,,PASS,,CONTINUE,NUMERICAL_UNRESOLVED,NUMERICAL_UNRESOLVED,True
4.391,1,3,4.391,4.391,0.454,,64.27549488968609,,3.937,,,PASS,,CONTINUE,NUMERICAL_UNRESOLVED,NUMERICAL_UNRESOLVED,True
4.392,1,3,4.392,4.392,0.455,,64.44890816154124,,3.937,,,PASS,,CONTINUE,NUMERICAL_UNRESOLVED,NUMERICAL_UNRESOLVED,True
4.393,1,3,4.393,4.393,0.456,,64.62242050797275,,3.937,,,PASS,,CONTINUE,NUMERICAL_UNRESOLVED,NUMERICAL_UNRESOLVED,True
4.394,1,3,4.394,4.394,0.457,,64.79603179159405,,3.937,,,PASS,,CONTINUE,NUMERICAL_UNRESOLVED,NUMERICAL_UNRESOLVED,True
4.395,1,3,4.395,4.395,0.458,,64.96974187545112,,3.937,,,PASS,,CONTINUE,NUMERICAL_UNRESOLVED,NUMERICAL_UNRESOLVED,True
4.396,1,3,4.396,4.396,0.459,,65.14355062302187,,3.937,,,PASS,,CONTINUE,NUMERICAL_UNRESOLVED,NUMERICAL_UNRESOLVED,True
4.397,1,3,4.397,4.397,0.46,,65.31745789821242,,3.937,,,PASS,,CONTINUE,NUMERICAL_UNRESOLVED,NUMERICAL_UNRESOLVED,True
4.398,1,3,4.398,4.398,0.461,,65.49146356535569,,3.937,,,PASS,,CONTINUE,NUMERICAL_UNRESOLVED,NUMERICAL_UNRESOLVED,True
4.399,1,3,4.399,4.399,0.462,,65.6655674892083,,3.937,,,PASS,,CONTINUE,NUMERICAL_UNRESOLVED,NUMERICAL_UNRESOLVED,True
4.4,1,3,4.4,4.4,0.463,,65.83976953494917,,3.937,,,PASS,,CONTINUE,NUMERICAL_UNRESOLVED,NUMERICAL_UNRESOLVED,True
4.401,1,3,4.401,4.401,0.464,,66.01406956817586,,3.937,,,PASS,,CONTINUE,NUMERICAL_UNRESOLVED,NUMERICAL_UNRESOLVED,True
4.402,1,3,4.402,4.402,0.465,,66.18846745490411,,3.937,,,PASS,,CONTINUE,NUMERICAL_UNRESOLVED,NUMERICAL_UNRESOLVED,True
4.403,1,3,4.403,4.403,0.466,,66.36296306156447,,3.937,,,PASS,,CONTINUE,NUMERICAL_UNRESOLVED,NUMERICAL_UNRESOLVED,True
4.404,1,3,4.404,4.404,0.467,,66.53755625500033,,3.937,,,PASS,,CONTINUE,NUMERICAL_UNRESOLVED,NUMERICAL_UNRESOLVED,True
4.405,1,3,4.405,4.405,0.468,,66.71224690246572,,3.937,,,PASS,,CONTINUE,NUMERICAL_UNRESOLVED,NUMERICAL_UNRESOLVED,True
4.406,1,3,4.406,4.406,0.469,,66.8870348716235,,3.937,,,PASS,,CONTINUE,NUMERICAL_UNRESOLVED,NUMERICAL_UNRESOLVED,True
4.407,1,3,4.407,4.407,0.47,,67.06192003054181,,3.937,,,PASS,,CONTINUE,NUMERICAL_UNRESOLVED,NUMERICAL_UNRESOLVED,True
4.408,1,3,4.408,4.408,0.471,,67.2369022476942,,3.937,,,PASS,,CONTINUE,NUMERICAL_UNRESOLVED,NUMERICAL_UNRESOLVED,True
4.409,1,3,4.409,4.409,0.472,,67.41198139195559,,3.937,,,PASS,,CONTINUE,NUMERICAL_UNRESOLVED,NUMERICAL_UNRESOLVED,True
4.41,1,3,4.41,4.41,0.473,,67.58715733260098,,3.937,,,PASS,,CONTINUE,NUMERICAL_UNRESOLVED,NUMERICAL_UNRESOLVED,True
4.411,1,3,4.411,4.411,0.474,,67.76242993930329,,3.937,,,PASS,,CONTINUE,NUMERICAL_UNRESOLVED,NUMERICAL_UNRESOLVED,True
4.412,1,3,4.412,4.412,0.475,,67.93779908213101,,3.937,,,PASS,,CONTINUE,NUMERICAL_UNRESOLVED,NUMERICAL_UNRESOLVED,True
4.413,1,3,4.413,4.413,0.476,,68.11326463154663,,3.937,,,PASS,,CONTINUE,NUMERICAL_UNRESOLVED,NUMERICAL_UNRESOLVED,True
4.414,1,3,4.414,4.414,0.477,,68.28882645840352,,3.937,,,PASS,,CONTINUE,NUMERICAL_UNRESOLVED,NUMERICAL_UNRESOLVED,True
4.415,1,3,4.415,4.415,0.478,,68.46448443394532,,3.937,,,PASS,,CONTINUE,NUMERICAL_UNRESOLVED,NUMERICAL_UNRESOLVED,True
4.416,1,3,4.416,4.416,0.479,,68.64023842980316,,3.937,,,PASS,,CONTINUE,NUMERICAL_UNRESOLVED,NUMERICAL_UNRESOLVED,True
4.417,1,3,4.417,4.417,0.48,,68.81608831799328,,3.937,,,PASS,,CONTINUE,NUMERICAL_UNRESOLVED,NUMERICAL_UNRESOLVED,True
4.418,1,3,4.418,4.418,0.481,,68.99203397091617,,3.937,,,PASS,,CONTINUE,NUMERICAL_UNRESOLVED,NUMERICAL_UNRESOLVED,True
4.419,1,3,4.419,4.419,0.482,,69.16807526135294,,3.937,,,PASS,,CONTINUE,NUMERICAL_UNRESOLVED,NUMERICAL_UNRESOLVED,True
4.42,1,3,4.42,4.42,0.483,,69.34421206246495,,3.937,,,PASS,,CONTINUE,NUMERICAL_UNRESOLVED,NUMERICAL_UNRESOLVED,True
4.421,1,3,4.421,4.421,0.484,,69.52044424779127,,3.937,,,PASS,,CONTINUE,NUMERICAL_UNRESOLVED,NUMERICAL_UNRESOLVED,True
4.422,1,3,4.422,4.422,0.485,,69.69677169124638,,3.937,,,PASS,,CONTINUE,NUMERICAL_UNRESOLVED,NUMERICAL_UNRESOLVED,True
4.423,1,3,4.423,4.423,0.486,,69.87319426711854,,3.937,,,PASS,,CONTINUE,NUMERICAL_UNRESOLVED,NUMERICAL_UNRESOLVED,True
4.424,1,3,4.424,4.424,0.487,,70.04971185006823,,3.937,,,PASS,,CONTINUE,NUMERICAL_UNRESOLVED,NUMERICAL_UNRESOLVED,True
4.425,1,3,4.425,4.425,0.488,,70.22632431512572,,3.937,,,PASS,,CONTINUE,NUMERICAL_UNRESOLVED,NUMERICAL_UNRESOLVED,True
4.426,1,3,4.426,4.426,0.489,,70.40303153768883,,3.937,,,PASS,,CONTINUE,NUMERICAL_UNRESOLVED,NUMERICAL_UNRESOLVED,True
4.427,1,3,4.427,4.427,0.49,,70.57983339352239,,3.937,,,PASS,,CONTINUE,NUMERICAL_UNRESOLVED,NUMERICAL_UNRESOLVED,True
4.428,1,3,4.428,4.428,0.491,,70.75672975875528,,3.937,,,PASS,,CONTINUE,NUMERICAL_UNRESOLVED,NUMERICAL_UNRESOLVED,True
4.429,1,3,4.429,4.429,0.492,,70.93372050987885,,3.937,,,PASS,,CONTINUE,NUMERICAL_UNRESOLVED,NUMERICAL_UNRESOLVED,True
4.43,1,3,4.43,4.43,0.493,,71.11080552374565,,3.937,,,PASS,,CONTINUE,NUMERICAL_UNRESOLVED,NUMERICAL_UNRESOLVED,True
4.431,1,3,4.431,4.431,0.494,,71.28798467756593,,3.937,,,PASS,,CONTINUE,NUMERICAL_UNRESOLVED,NUMERICAL_UNRESOLVED,True
4.432,1,3,4.432,4.432,0.495,,71.46525784890817,,3.937,,,PASS,,CONTINUE,NUMERICAL_UNRESOLVED,NUMERICAL_UNRESOLVED,True
4.433,1,3,4.433,4.433,0.496,,71.64262491569566,,3.937,,,PASS,,CONTINUE,NUMERICAL_UNRESOLVED,NUMERICAL_UNRESOLVED,True
4.434,1,3,4.434,4.434,0.497,,71.82008575620523,,3.937,,,PASS,,CONTINUE,NUMERICAL_UNRESOLVED,NUMERICAL_UNRESOLVED,True
4.435,1,3,4.435,4.435,0.498,,71.9976402490655,,3.937,,,PASS,,CONTINUE,NUMERICAL_UNRESOLVED,NUMERICAL_UNRESOLVED,True
4.436,1,3,4.436,4.436,0.499,,72.17528827325498,,3.937,,,PASS,,CONTINUE,NUMERICAL_UNRESOLVED,NUMERICAL_UNRESOLVED,True
4.437,1,3,4.437,4.437,0.5,,72.35302970810072,,3.937,,,PASS,,CONTINUE,NUMERICAL_UNRESOLVED,NUMERICAL_UNRESOLVED,True
4.438,1,3,4.438,4.438,0.501,,72.53086443327551,,3.937,,,PASS,,CONTINUE,NUMERICAL_UNRESOLVED,NUMERICAL_UNRESOLVED,True
4.439,1,3,4.439,4.439,0.502,,72.70879232879778,,3.937,,,PASS,,CONTINUE,NUMERICAL_UNRESOLVED,NUMERICAL_UNRESOLVED,True
4.44,1,3,4.44,4.44,0.503,,72.88681327502869,,3.937,,,PASS,,CONTINUE,NUMERICAL_UNRESOLVED,NUMERICAL_UNRESOLVED,True
4.441,1,3,4.441,4.441,0.504,,73.06492715267073,,3.937,,,PASS,,CONTINUE,NUMERICAL_UNRESOLVED,NUMERICAL_UNRESOLVED,True
4.442,1,3,4.442,4.442,0.505,,73.24313384276653,,3.937,,,PASS,,CONTINUE,NUMERICAL_UNRESOLVED,NUMERICAL_UNRESOLVED,True
4.443,1,3,4.443,4.443,0.506,,73.42143322669587,,3.937,,,PASS,,CONTINUE,NUMERICAL_UNRESOLVED,NUMERICAL_UNRESOLVED,True
4.444,1,3,4.444,4.444,0.507,,73.59982518617569,,3.937,,,PASS,,CONTINUE,NUMERICAL_UNRESOLVED,NUMERICAL_UNRESOLVED,True
4.445,1,3,4.445,4.445,0.508,,73.77830960325744,,3.937,,,PASS,,CONTINUE,NUMERICAL_UNRESOLVED,NUMERICAL_UNRESOLVED,True
4.446,1,3,4.446,4.446,0.509,,73.95688636032565,,3.937,,,PASS,,CONTINUE,NUMERICAL_UNRESOLVED,NUMERICAL_UNRESOLVED,True
4.447,1,3,4.447,4.447,0.51,,74.13555534009637,,3.937,,,PASS,,CONTINUE,NUMERICAL_UNRESOLVED,NUMERICAL_UNRESOLVED,True
4.448,1,3,4.448,4.448,0.511,,74.31431642561535,,3.937,,,PASS,,CONTINUE,NUMERICAL_UNRESOLVED,NUMERICAL_UNRESOLVED,True
4.449,1,3,4.449,4.449,0.512,,74.49316950025707,,3.937,,,PASS,,CONTINUE,NUMERICAL_UNRESOLVED,NUMERICAL_UNRESOLVED,True
4.45,1,3,4.45,4.45,0.513,,74.67211444772173,,3.937,,,PASS,,CONTINUE,NUMERICAL_UNRESOLVED,NUMERICAL_UNRESOLVED,True
4.451,1,3,4.451,4.451,0.514,,74.85115115203553,,3.937,,,PASS,,CONTINUE,NUMERICAL_UNRESOLVED,NUMERICAL_UNRESOLVED,True
4.452,1,3,4.452,4.452,0.515,,75.03027949754768,,3.937,,,PASS,,CONTINUE,NUMERICAL_UNRESOLVED,NUMERICAL_UNRESOLVED,True
4.453,1,3,4.453,4.453,0.516,,75.20949936892963,,3.937,,,PASS,,CONTINUE,NUMERICAL_UNRESOLVED,NUMERICAL_UNRESOLVED,True
4.454,1,3,4.454,4.454,0.517,,75.38881065117336,,3.937,,,PASS,,CONTINUE,NUMERICAL_UNRESOLVED,NUMERICAL_UNRESOLVED,True
4.455,1,3,4.455,4.455,0.518,,75.56821322958875,,3.937,,,PASS,,CONTINUE,NUMERICAL_UNRESOLVED,NUMERICAL_UNRESOLVED,True
4.456,1,3,4.456,4.456,0.519,,75.74770698980423,,3.937,,,PASS,,CONTINUE,NUMERICAL_UNRESOLVED,NUMERICAL_UNRESOLVED,True
4.457,1,3,4.457,4.457,0.52,,75.92729181776332,,3.937,,,PASS,,CONTINUE,NUMERICAL_UNRESOLVED,NUMERICAL_UNRESOLVED,True
4.458,1,3,4.458,4.458,0.521,,76.10696759972423,,3.937,,,PASS,,CONTINUE,NUMERICAL_UNRESOLVED,NUMERICAL_UNRESOLVED,True
4.459,1,3,4.459,4.459,0.522,,76.28673422225766,,3.937,,,PASS,,CONTINUE,NUMERICAL_UNRESOLVED,NUMERICAL_UNRESOLVED,True
4.46,1,3,4.46,4.46,0.523,,76.4665915722459,,3.937,,,PASS,,CONTINUE,NUMERICAL_UNRESOLVED,NUMERICAL_UNRESOLVED,True
4.461,1,3,4.461,4.461,0.524,,76.64653953688114,,3.937,,,PASS,,CONTINUE,NUMERICAL_UNRESOLVED,NUMERICAL_UNRESOLVED,True
4.462,1,3,4.462,4.462,0.525,,76.8265780036633,,3.937,,,PASS,,CONTINUE,NUMERICAL_UNRESOLVED,NUMERICAL_UNRESOLVED,True
4.463,1,3,4.463,4.463,0.526,,77.0067068604,,3.937,,,PASS,,CONTINUE,NUMERICAL_UNRESOLVED,NUMERICAL_UNRESOLVED,True
4.464,1,3,4.464,4.464,0.527,,77.18692599520384,,3.937,,,PASS,,CONTINUE,NUMERICAL_UNRESOLVED,NUMERICAL_UNRESOLVED,True
4.465,1,3,4.465,4.465,0.528,,77.36723529649178,,3.937,,,PASS,,CONTINUE,NUMERICAL_UNRESOLVED,NUMERICAL_UNRESOLVED,True
4.466,1,3,4.466,4.466,0.529,,77.54763465298348,,3.937,,,PASS,,CONTINUE,NUMERICAL_UNRESOLVED,NUMERICAL_UNRESOLVED,True
4.467,1,3,4.467,4.467,0.53,,77.72812395369895,,3.937,,,PASS,,CONTINUE,NUMERICAL_UNRESOLVED,NUMERICAL_UNRESOLVED,True
4.468,1,3,4.468,4.468,0.531,,77.90870308795876,,3.937,,,PASS,,CONTINUE,NUMERICAL_UNRESOLVED,NUMERICAL_UNRESOLVED,True
4.469,1,3,4.469,4.469,0.532,,78.0893719453818,,3.937,,,PASS,,CONTINUE,NUMERICAL_UNRESOLVED,NUMERICAL_UNRESOLVED,True
4.47,1,3,4.47,4.47,0.533,,78.27013041588366,,3.937,,,PASS,,CONTINUE,NUMERICAL_UNRESOLVED,NUMERICAL_UNRESOLVED,True
4.471,1,3,4.471,4.471,0.534,,78.45097838967553,,3.937,,,PASS,,CONTINUE,NUMERICAL_UNRESOLVED,NUMERICAL_UNRESOLVED,True
4.472,1,3,4.472,4.472,0.535,,78.63191575726316,,3.937,,,PASS,,CONTINUE,NUMERICAL_UNRESOLVED,NUMERICAL_UNRESOLVED,True
4.473,1,3,4.473,4.473,0.536,,78.81294240944503,,3.937,,,PASS,,CONTINUE,NUMERICAL_UNRESOLVED,NUMERICAL_UNRESOLVED,True
4.474,1,3,4.474,4.474,0.537,,78.99405823731051,,3.937,,,PASS,,CONTINUE,NUMERICAL_UNRESOLVED,NUMERICAL_UNRESOLVED,True
4.475,1,3,4.475,4.475,0.538,,79.17526313223993,,3.937,,,PASS,,CONTINUE,NUMERICAL_UNRESOLVED,NUMERICAL_UNRESOLVED,True
4.476,1,3,4.476,4.476,0.539,,79.35655698590197,,3.937,,,PASS,,CONTINUE,NUMERICAL_UNRESOLVED,NUMERICAL_UNRESOLVED,True
4.477,1,3,4.477,4.477,0.54,,79.53793969025295,,3.937,,,PASS,,CONTINUE,NUMERICAL_UNRESOLVED,NUMERICAL_UNRESOLVED,True
4.478,1,3,4.478,4.478,0.541,,79.7194111375357,,3.937,,,PASS,,CONTINUE,NUMERICAL_UNRESOLVED,NUMERICAL_UNRESOLVED,True
4.479,1,3,4.479,4.479,0.542,,79.90097122027703,,3.937,,,PASS,,CONTINUE,NUMERICAL_UNRESOLVED,NUMERICAL_UNRESOLVED,True
4.48,1,3,4.48,4.48,0.543,,80.08261983128789,,3.937,,,PASS,,CONTINUE,NUMERICAL_UNRESOLVED,NUMERICAL_UNRESOLVED,True
4.481,1,3,4.481,4.481,0.544,,80.26435686366148,,3.937,,,PASS,,CONTINUE,NUMERICAL_UNRESOLVED,NUMERICAL_UNRESOLVED,True
4.482,1,3,4.482,4.482,0.545,,80.44618221077182,,3.937,,,PASS,,CONTINUE,NUMERICAL_UNRESOLVED,NUMERICAL_UNRESOLVED,True
4.483,1,3,4.483,4.483,0.546,,80.62809576627257,,3.937,,,PASS,,CONTINUE,NUMERICAL_UNRESOLVED,NUMERICAL_UNRESOLVED,True
4.484,1,3,4.484,4.484,0.547,,80.81009742409596,,3.937,,,PASS,,CONTINUE,NUMERICAL_UNRESOLVED,NUMERICAL_UNRESOLVED,True
4.485,1,3,4.485,4.485,0.548,,80.99218707845156,,3.937,,,PASS,,CONTINUE,NUMERICAL_UNRESOLVED,NUMERICAL_UNRESOLVED,True
4.486,1,3,4.486,4.486,0.549,,81.17436462382389,,3.937,,,PASS,,CONTINUE,NUMERICAL_UNRESOLVED,NUMERICAL_UNRESOLVED,True
4.487,1,3,4.487,4.487,0.55,,81.35662995497309,,3.937,,,PASS,,CONTINUE,NUMERICAL_UNRESOLVED,NUMERICAL_UNRESOLVED,True
4.488,1,3,4.488,4.488,0.551,,81.53898296693227,,3.937,,,PASS,,CONTINUE,NUMERICAL_UNRESOLVED,NUMERICAL_UNRESOLVED,True
4.489,1,3,4.489,4.489,0.552,,81.72142355500691,,3.937,,,PASS,,CONTINUE,NUMERICAL_UNRESOLVED,NUMERICAL_UNRESOLVED,True
4.49,1,3,4.49,4.49,0.553,,81.90395161477353,,3.937,,,PASS,,CONTINUE,NUMERICAL_UNRESOLVED,NUMERICAL_UNRESOLVED,True
4.491,1,3,4.491,4.491,0.554,,82.08656704207768,,3.937,,,PASS,,CONTINUE,NUMERICAL_UNRESOLVED,NUMERICAL_UNRESOLVED,True
4.492,1,3,4.492,4.492,0.555,,82.2692697330342,,3.937,,,PASS,,CONTINUE,NUMERICAL_UNRESOLVED,NUMERICAL_UNRESOLVED,True
4.493,1,3,4.493,4.493,0.556,,82.4520595840249,,3.937,,,PASS,,CONTINUE,NUMERICAL_UNRESOLVED,NUMERICAL_UNRESOLVED,True
4.494,1,3,4.494,4.494,0.557,,82.63493649169801,,3.937,,,PASS,,CONTINUE,NUMERICAL_UNRESOLVED,NUMERICAL_UNRESOLVED,True
4.495,1,3,4.495,4.495,0.558,,82.81790035296616,,3.937,,,PASS,,CONTINUE,NUMERICAL_UNRESOLVED,NUMERICAL_UNRESOLVED,True
4.496,1,3,4.496,4.496,0.559,,83.00095106500629,,3.937,,,PASS,,CONTINUE,NUMERICAL_UNRESOLVED,NUMERICAL_UNRESOLVED,True
4.497,1,3,4.497,4.497,0.56,,83.18408852525788,,3.937,,,PASS,,CONTINUE,NUMERICAL_UNRESOLVED,NUMERICAL_UNRESOLVED,True
4.498,1,3,4.498,4.498,0.561,,83.36731263142123,,3.937,,,PASS,,CONTINUE,NUMERICAL_UNRESOLVED,NUMERICAL_UNRESOLVED,True
4.499,1,3,4.499,4.499,0.562,,83.55062328145755,,3.937,,,PASS,,CONTINUE,NUMERICAL_UNRESOLVED,NUMERICAL_UNRESOLVED,True
4.5,1,3,4.5,4.5,0.563,,83.73402037358707,,3.937,,,PASS,,CONTINUE,NUMERICAL_UNRESOLVED,NUMERICAL_UNRESOLVED,True
4.501,1,3,4.501,4.501,0.564,,83.91750380628774,,3.937,,,PASS,,CONTINUE,NUMERICAL_UNRESOLVED,NUMERICAL_UNRESOLVED,True
4.502,1,3,4.502,4.502,0.565,,84.10107347829457,,3.937,,,PASS,,CONTINUE,NUMERICAL_UNRESOLVED,NUMERICAL_UNRESOLVED,True
4.503,1,3,4.503,4.503,0.566,,84.28472928859861,,3.937,,,PASS,,CONTINUE,NUMERICAL_UNRESOLVED,NUMERICAL_UNRESOLVED,True
4.504,1,3,4.504,4.504,0.567,,84.46847113644439,,3.937,,,PASS,,CONTINUE,NUMERICAL_UNRESOLVED,NUMERICAL_UNRESOLVED,True
4.505,1,3,4.505,4.505,0.568,,84.65229892133114,,3.937,,,PASS,,CONTINUE,NUMERICAL_UNRESOLVED,NUMERICAL_UNRESOLVED,True
4.506,1,3,4.506,4.506,0.569,,84.83621254300982,,3.937,,,PASS,,CONTINUE,NUMERICAL_UNRESOLVED,NUMERICAL_UNRESOLVED,True
4.507,1,3,4.507,4.507,0.57,,85.02021190148295,,3.937,,,PASS,,CONTINUE,NUMERICAL_UNRESOLVED,NUMERICAL_UNRESOLVED,True
4.508,1,3,4.508,4.508,0.571,,85.20429689700306,,3.937,,,PASS,,CONTINUE,NUMERICAL_UNRESOLVED,NUMERICAL_UNRESOLVED,True
4.509,1,3,4.509,4.509,0.572,,85.38846743007178,,3.937,,,PASS,,CONTINUE,NUMERICAL_UNRESOLVED,NUMERICAL_UNRESOLVED,True
4.51,1,3,4.51,4.51,0.573,,85.57272340143905,,3.937,,,PASS,,CONTINUE,NUMERICAL_UNRESOLVED,NUMERICAL_UNRESOLVED,True
4.511,1,3,4.511,4.511,0.574,,85.75706471210107,,3.937,,,PASS,,CONTINUE,NUMERICAL_UNRESOLVED,NUMERICAL_UNRESOLVED,True
4.512,1,3,4.512,4.512,0.575,,85.94149126330045,,3.937,,,PASS,,CONTINUE,NUMERICAL_UNRESOLVED,NUMERICAL_UNRESOLVED,True
4.513,1,3,4.513,4.513,0.576,,86.12600295652462,,3.937,,,PASS,,CONTINUE,NUMERICAL_UNRESOLVED,NUMERICAL_UNRESOLVED,True
4.514,1,3,4.514,4.514,0.577,,86.3105996935045,,3.937,,,PASS,,CONTINUE,NUMERICAL_UNRESOLVED,NUMERICAL_UNRESOLVED,True
4.515,1,3,4.515,4.515,0.578,,86.49528137621428,,3.937,,,PASS,,CONTINUE,NUMERICAL_UNRESOLVED,NUMERICAL_UNRESOLVED,True
4.516,1,3,4.516,4.516,0.579,,86.6800479068686,,3.937,,,PASS,,CONTINUE,NUMERICAL_UNRESOLVED,NUMERICAL_UNRESOLVED,True
4.517,1,3,4.517,4.517,0.58,,86.86489918792391,,3.937,,,PASS,,CONTINUE,NUMERICAL_UNRESOLVED,NUMERICAL_UNRESOLVED,True
4.518,1,3,4.518,4.518,0.581,,87.04983512207598,,3.937,,,PASS,,CONTINUE,NUMERICAL_UNRESOLVED,NUMERICAL_UNRESOLVED,True
4.519,1,3,4.519,4.519,0.582,,87.23485561225888,,3.937,,,PASS,,CONTINUE,NUMERICAL_UNRESOLVED,NUMERICAL_UNRESOLVED,True
4.52,1,3,4.52,4.52,0.583,,87.41996056164442,,3.937,,,PASS,,CONTINUE,NUMERICAL_UNRESOLVED,NUMERICAL_UNRESOLVED,True
4.521,1,3,4.521,4.521,0.584,,87.60514987364093,,3.937,,,PASS,,CONTINUE,NUMERICAL_UNRESOLVED,NUMERICAL_UNRESOLVED,True
4.522,1,3,4.522,4.522,0.585,,87.7904234518926,,3.937,,,PASS,,CONTINUE,NUMERICAL_UNRESOLVED,NUMERICAL_UNRESOLVED,True
4.523,1,3,4.523,4.523,0.586,,87.97578120027724,,3.937,,,PASS,,CONTINUE,NUMERICAL_UNRESOLVED,NUMERICAL_UNRESOLVED,True
4.524,1,3,4.524,4.524,0.587,,88.1612230229071,,3.937,,,PASS,,CONTINUE,NUMERICAL_UNRESOLVED,NUMERICAL_UNRESOLVED,True
4.525,1,3,4.525,4.525,0.588,,88.34674882412682,,3.937,,,PASS,,CONTINUE,NUMERICAL_UNRESOLVED,NUMERICAL_UNRESOLVED,True
4.526,1,3,4.526,4.526,0.589,,88.53235850851236,,3.937,,,PASS,,CONTINUE,NUMERICAL_UNRESOLVED,NUMERICAL_UNRESOLVED,True
4.527,1,3,4.527,4.527,0.59,,88.71805198087083,,3.937,,,PASS,,CONTINUE,NUMERICAL_UNRESOLVED,NUMERICAL_UNRESOLVED,True
4.528,1,3,4.528,4.528,0.591,,88.90382914623795,,3.937,,,PASS,,CONTINUE,NUMERICAL_UNRESOLVED,NUMERICAL_UNRESOLVED,True
4.529,1,3,4.529,4.529,0.592,,89.08968990987908,,3.937,,,PASS,,CONTINUE,NUMERICAL_UNRESOLVED,NUMERICAL_UNRESOLVED,True
4.53,1,3,4.53,4.53,0.593,,89.27563417728699,,3.937,,,PASS,,CONTINUE,NUMERICAL_UNRESOLVED,NUMERICAL_UNRESOLVED,True
4.531,1,3,4.531,4.531,0.594,,89.4616618541812,,3.937,,,PASS,,CONTINUE,NUMERICAL_UNRESOLVED,NUMERICAL_UNRESOLVED,True
4.532,1,3,4.532,4.532,0.595,,89.64777284650695,,3.937,,,PASS,,CONTINUE,NUMERICAL_UNRESOLVED,NUMERICAL_UNRESOLVED,True
4.533,1,3,4.533,4.533,0.596,,89.8339670604345,,3.937,,,PASS,,CONTINUE,NUMERICAL_UNRESOLVED,NUMERICAL_UNRESOLVED,True
4.534,1,3,4.534,4.534,0.597,,90.02024440235823,,3.937,,,PASS,,CONTINUE,NUMERICAL_UNRESOLVED,NUMERICAL_UNRESOLVED,True
4.535,1,3,4.535,4.535,0.598,,90.20660477889476,,3.937,,,PASS,,CONTINUE,NUMERICAL_UNRESOLVED,NUMERICAL_UNRESOLVED,True
4.536,1,3,4.536,4.536,0.599,,90.39304809688359,,3.937,,,PASS,,CONTINUE,NUMERICAL_UNRESOLVED,NUMERICAL_UNRESOLVED,True
4.537,1,3,4.537,4.537,0.6,,90.57957426338518,,3.937,,,PASS,,CONTINUE,NUMERICAL_UNRESOLVED,NUMERICAL_UNRESOLVED,True
4.538,1,3,4.538,4.538,0.601,,90.76618318568,,3.937,,,PASS,,CONTINUE,NUMERICAL_UNRESOLVED,NUMERICAL_UNRESOLVED,True
4.539,1,3,4.539,4.539,0.602,,90.95287477126844,,3.937,,,PASS,,CONTINUE,NUMERICAL_UNRESOLVED,NUMERICAL_UNRESOLVED,True
4.54,1,3,4.54,4.54,0.603,,91.13964892786835,,3.937,,,PASS,,CONTINUE,NUMERICAL_UNRESOLVED,NUMERICAL_UNRESOLVED,True
4.541,1,3,4.541,4.541,0.604,,91.32650556341596,,3.937,,,PASS,,CONTINUE,NUMERICAL_UNRESOLVED,NUMERICAL_UNRESOLVED,True
4.542,1,3,4.542,4.542,0.605,,91.51344458606376,,3.937,,,PASS,,CONTINUE,NUMERICAL_UNRESOLVED,NUMERICAL_UNRESOLVED,True
4.543,1,3,4.543,4.543,0.606,,91.70046590418022,,3.937,,,PASS,,CONTINUE,NUMERICAL_UNRESOLVED,NUMERICAL_UNRESOLVED,True
4.544,1,3,4.544,4.544,0.607,,91.88756942634846,,3.937,,,PASS,,CONTINUE,NUMERICAL_UNRESOLVED,NUMERICAL_UNRESOLVED,True
4.545,1,3,4.545,4.545,0.608,,92.07475506136575,,3.937,,,PASS,,CONTINUE,NUMERICAL_UNRESOLVED,NUMERICAL_UNRESOLVED,True
4.546,1,3,4.546,4.546,0.609,,92.26202271824266,,3.937,,,PASS,,CONTINUE,NUMERICAL_UNRESOLVED,NUMERICAL_UNRESOLVED,True
4.547,1,3,4.547,4.547,0.61,,92.4493723062013,,3.937,,,PASS,,CONTINUE,NUMERICAL_UNRESOLVED,NUMERICAL_UNRESOLVED,True
4.548,1,3,4.548,4.548,0.611,,92.63680373467587,,3.937,,,PASS,,CONTINUE,NUMERICAL_UNRESOLVED,NUMERICAL_UNRESOLVED,True
4.549,1,3,4.549,4.549,0.612,,92.82431691331095,,3.937,,,PASS,,CONTINUE,NUMERICAL_UNRESOLVED,NUMERICAL_UNRESOLVED,True
4.55,1,3,4.55,4.55,0.613,,93.01191175196062,,3.937,,,PASS,,CONTINUE,NUMERICAL_UNRESOLVED,NUMERICAL_UNRESOLVED,True
4.551,1,3,4.551,4.551,0.614,,93.19958816068814,,3.937,,,PASS,,CONTINUE,NUMERICAL_UNRESOLVED,NUMERICAL_UNRESOLVED,True
4.552,1,3,4.552,4.552,0.615,,93.38734604976409,,3.937,,,PASS,,CONTINUE,NUMERICAL_UNRESOLVED,NUMERICAL_UNRESOLVED,True
4.553,1,3,4.553,4.553,0.616,,93.5751853296669,,3.937,,,PASS,,CONTINUE,NUMERICAL_UNRESOLVED,NUMERICAL_UNRESOLVED,True
4.554,1,3,4.554,4.554,0.617,,93.76310591108093,,3.937,,,PASS,,CONTINUE,NUMERICAL_UNRESOLVED,NUMERICAL_UNRESOLVED,True
4.555,1,3,4.555,4.555,0.618,,93.95110770489622,,3.937,,,PASS,,CONTINUE,NUMERICAL_UNRESOLVED,NUMERICAL_UNRESOLVED,True
4.556,1,3,4.556,4.556,0.619,,94.1391906222073,,3.937,,,PASS,,CONTINUE,NUMERICAL_UNRESOLVED,NUMERICAL_UNRESOLVED,True
4.557,1,3,4.557,4.557,0.62,,94.32735457431262,,3.937,,,PASS,,CONTINUE,NUMERICAL_UNRESOLVED,NUMERICAL_UNRESOLVED,True
4.558,1,3,4.558,4.558,0.621,,94.51559947271397,,3.937,,,PASS,,CONTINUE,NUMERICAL_UNRESOLVED,NUMERICAL_UNRESOLVED,True
4.559,1,3,4.559,4.559,0.622,,94.70392522911456,,3.937,,,PASS,,CONTINUE,NUMERICAL_UNRESOLVED,NUMERICAL_UNRESOLVED,True
4.56,1,3,4.56,4.56,0.623,,94.8923317554196,,3.937,,,PASS,,CONTINUE,NUMERICAL_UNRESOLVED,NUMERICAL_UNRESOLVED,True
4.561,1,3,4.561,4.561,0.624,,95.08081896373487,,3.937,,,PASS,,CONTINUE,NUMERICAL_UNRESOLVED,NUMERICAL_UNRESOLVED,True
4.562,1,3,4.562,4.562,0.625,,95.26938676636584,,3.937,,,PASS,,CONTINUE,NUMERICAL_UNRESOLVED,NUMERICAL_UNRESOLVED,True
4.563,1,3,4.563,4.563,0.626,,95.45803507581736,,3.937,,,PASS,,CONTINUE,NUMERICAL_UNRESOLVED,NUMERICAL_UNRESOLVED,True
4.564,1,3,4.564,4.564,0.627,,95.6467638047916,,3.937,,,PASS,,CONTINUE,NUMERICAL_UNRESOLVED,NUMERICAL_UNRESOLVED,True
4.565,1,3,4.565,4.565,0.628,,95.83557286618908,,3.937,,,PASS,,CONTINUE,NUMERICAL_UNRESOLVED,NUMERICAL_UNRESOLVED,True
4.566,1,3,4.566,4.566,0.629,,96.02446217310656,,3.937,,,PASS,,CONTINUE,NUMERICAL_UNRESOLVED,NUMERICAL_UNRESOLVED,True
4.567,1,3,4.567,4.567,0.63,,96.21343163883682,,3.937,,,PASS,,CONTINUE,NUMERICAL_UNRESOLVED,NUMERICAL_UNRESOLVED,True
4.568,1,3,4.568,4.568,0.631,,96.4024811768677,,3.937,,,PASS,,CONTINUE,NUMERICAL_UNRESOLVED,NUMERICAL_UNRESOLVED,True
4.569,1,3,4.569,4.569,0.632,,96.59161070088145,,3.937,,,PASS,,CONTINUE,NUMERICAL_UNRESOLVED,NUMERICAL_UNRESOLVED,True
4.57,1,3,4.57,4.57,0.633,,96.780820124754,,3.937,,,PASS,,CONTINUE,NUMERICAL_UNRESOLVED,NUMERICAL_UNRESOLVED,True
4.571,1,3,4.571,4.571,0.634,,96.97010936255371,,3.937,,,PASS,,CONTINUE,NUMERICAL_UNRESOLVED,NUMERICAL_UNRESOLVED,True
4.572,1,3,4.572,4.572,0.635,,97.15947832854134,,3.937,,,PASS,,CONTINUE,NUMERICAL_UNRESOLVED,NUMERICAL_UNRESOLVED,True
4.573,1,3,4.573,4.573,0.636,,97.34892693716898,,3.937,,,PASS,,CONTINUE,NUMERICAL_UNRESOLVED,NUMERICAL_UNRESOLVED,True
4.574,1,3,4.574,4.574,0.637,,97.53845510307913,,3.937,,,PASS,,CONTINUE,NUMERICAL_UNRESOLVED,NUMERICAL_UNRESOLVED,True
4.575,1,3,4.575,4.575,0.638,,97.7280627411045,,3.937,,,PASS,,CONTINUE,NUMERICAL_UNRESOLVED,NUMERICAL_UNRESOLVED,True
4.576,1,3,4.576,4.576,0.639,,97.91774976626631,,3.937,,,PASS,,CONTINUE,NUMERICAL_UNRESOLVED,NUMERICAL_UNRESOLVED,True
4.577,1,3,4.577,4.577,0.64,,98.10751609377455,,3.937,,,PASS,,CONTINUE,NUMERICAL_UNRESOLVED,NUMERICAL_UNRESOLVED,True
4.578,1,3,4.578,4.578,0.641,,98.29736163902679,,3.937,,,PASS,,CONTINUE,NUMERICAL_UNRESOLVED,NUMERICAL_UNRESOLVED,True
4.579,1,3,4.579,4.579,0.642,,98.48728631760744,,3.937,,,PASS,,CONTINUE,NUMERICAL_UNRESOLVED,NUMERICAL_UNRESOLVED,True
4.58,1,3,4.58,4.58,0.643,,98.67729004528717,,3.937,,,PASS,,CONTINUE,NUMERICAL_UNRESOLVED,NUMERICAL_UNRESOLVED,True
4.581,1,3,4.581,4.581,0.644,,98.86737273802214,,3.937,,,PASS,,CONTINUE,NUMERICAL_UNRESOLVED,NUMERICAL_UNRESOLVED,True
4.582,1,3,4.582,4.582,0.645,,99.05753431195335,,3.937,,,PASS,,CONTINUE,NUMERICAL_UNRESOLVED,NUMERICAL_UNRESOLVED,True
4.583,1,3,4.583,4.583,0.646,,99.24777468340528,,3.937,,,PASS,,CONTINUE,NUMERICAL_UNRESOLVED,NUMERICAL_UNRESOLVED,True
4.584,1,3,4.584,4.584,0.647,,99.43809376888645,,3.937,,,PASS,,CONTINUE,NUMERICAL_UNRESOLVED,NUMERICAL_UNRESOLVED,True
4.585,1,3,4.585,4.585,0.648,,99.62849148508762,,3.937,,,PASS,,CONTINUE,NUMERICAL_UNRESOLVED,NUMERICAL_UNRESOLVED,True
4.586,1,3,4.586,4.586,0.649,,99.81896774888176,,3.937,,,PASS,,CONTINUE,NUMERICAL_UNRESOLVED,NUMERICAL_UNRESOLVED,True
