state_order,state_mm,remaining_passes,rpra_action_mm,rpra_immediate_deflection_um,rpra_successor_mm,rpra_discrete_class,rpra_selected_continuous_status,rpra_selected_continuous_detail,online_decision_status,online_action_mm,online_immediate_deflection_um,online_successor_mm,online_discrete_class,online_selected_continuous_status,exact_action_agreement,signed_action_delta_um_online_minus_rpra,absolute_action_difference_um,immediate_deflection_delta_um_online_minus_rpra,online_local_candidate_count,online_continuous_solve_calls,online_downstream_pass_count_evaluated,online_downstream_fail_count_evaluated,online_downstream_unresolved_count_evaluated
0,4.18,3,0.36,53.026787309836045,3.82,PRESERVING,PASS,continuous_reference,PASS,0.36,53.026787309836045,3.82,PRESERVING,PASS,True,0,0,0.0,1,1,1,0,0
1,4.181,3,0.36,52.985165029703495,3.821,PRESERVING,PASS,continuous_reference,PASS,0.36,52.985165029703495,3.821,PRESERVING,PASS,True,0,0,0.0,2,1,1,0,0
2,4.182,3,0.36,52.943586298906844,3.822,PRESERVING,PASS,continuous_reference,PASS,0.36,52.943586298906844,3.822,PRESERVING,PASS,True,0,0,0.0,3,1,1,0,0
3,4.183,3,0.36,52.90205106050394,3.823,PRESERVING,PASS,continuous_reference,PASS,0.36,52.90205106050394,3.823,PRESERVING,PASS,True,0,0,0.0,4,1,1,0,0
4,4.184,3,0.36,52.86055925764199,3.824,PRESERVING,PASS,continuous_reference,PASS,0.36,52.86055925764199,3.824,PRESERVING,PASS,True,0,0,0.0,5,1,1,0,0
5,4.185,3,0.36,52.81911083355733,3.825,PRESERVING,NUMERICAL_UNRESOLVED,optimizer_success_false:Positive directional derivative for linesearch,NUMERICAL_UNRESOLVED,,,,,,False,,,,6,1,0,0,1
6,4.186,3,0.36,52.777705731575345,3.826,PRESERVING,PASS,continuous_reference,PASS,0.36,52.777705731575345,3.826,PRESERVING,PASS,True,0,0,0.0,7,1,1,0,0
7,4.187,3,0.36,52.73634389511021,3.827,PRESERVING,PASS,continuous_reference,PASS,0.36,52.73634389511021,3.827,PRESERVING,PASS,True,0,0,0.0,8,1,1,0,0
8,4.188,3,0.36,52.69502526766479,3.828,PRESERVING,PASS,continuous_reference,PASS,0.36,52.69502526766479,3.828,PRESERVING,PASS,True,0,0,0.0,9,1,1,0,0
9,4.189,3,0.36,52.65374979283043,3.829,PRESERVING,PASS,continuous_reference,PASS,0.36,52.65374979283043,3.829,PRESERVING,PASS,True,0,0,0.0,10,1,1,0,0
10,4.19,3,0.36,52.612517414286856,3.83,PRESERVING,PASS,continuous_reference,PASS,0.36,52.612517414286856,3.83,PRESERVING,PASS,True,0,0,0.0,11,1,1,0,0
11,4.191,3,0.36,52.571328075801944,3.831,PRESERVING,PASS,continuous_reference,PASS,0.36,52.571328075801944,3.831,PRESERVING,PASS,True,0,0,0.0,12,1,1,0,0
12,4.192,3,0.36,52.530181721231614,3.832,PRESERVING,NUMERICAL_UNRESOLVED,optimizer_success_false:Positive directional derivative for linesearch,NUMERICAL_UNRESOLVED,,,,,,False,,,,13,1,0,0,1
13,4.193,3,0.36,52.48907829451962,3.833,PRESERVING,PASS,continuous_reference,PASS,0.36,52.48907829451962,3.833,PRESERVING,PASS,True,0,0,0.0,14,1,1,0,0
14,4.194,3,0.36,52.44801773969748,3.834,PRESERVING,PASS,continuous_reference,PASS,0.36,52.44801773969748,3.834,PRESERVING,PASS,True,0,0,0.0,15,1,1,0,0
15,4.195,3,0.36,52.4070000008842,3.835,PRESERVING,PASS,continuous_reference,PASS,0.36,52.4070000008842,3.835,PRESERVING,PASS,True,0,0,0.0,16,1,1,0,0
16,4.196,3,0.36,52.36602502228619,3.836,PRESERVING,PASS,continuous_reference,PASS,0.36,52.36602502228619,3.836,PRESERVING,PASS,True,0,0,0.0,17,1,1,0,0
17,4.197,3,0.36,52.325092748197044,3.837,PRESERVING,PASS,continuous_reference,PASS,0.36,52.325092748197044,3.837,PRESERVING,PASS,True,0,0,0.0,18,1,1,0,0
18,4.198,3,0.36,52.284203122997496,3.838,PRESERVING,PASS,continuous_reference,PASS,0.36,52.284203122997496,3.838,PRESERVING,PASS,True,0,0,0.0,19,1,1,0,0
19,4.199,3,0.36,52.24335609115513,3.839,PRESERVING,PASS,continuous_reference,PASS,0.36,52.24335609115513,3.839,PRESERVING,PASS,True,0,0,0.0,20,1,1,0,0
20,4.2,3,0.36,52.20255159722428,3.84,PRESERVING,PASS,continuous_reference,PASS,0.36,52.20255159722428,3.84,PRESERVING,PASS,True,0,0,0.0,21,1,1,0,0
21,4.201,3,0.36,52.16178958584585,3.841,PRESERVING,PASS,continuous_reference,PASS,0.36,52.16178958584585,3.841,PRESERVING,PASS,True,0,0,0.0,22,1,1,0,0
22,4.202,3,0.36,52.12107000174724,3.842,PRESERVING,PASS,continuous_reference,PASS,0.36,52.12107000174724,3.842,PRESERVING,PASS,True,0,0,0.0,23,1,1,0,0
23,4.203,3,0.36,52.0803927897421,3.843,PRESERVING,NUMERICAL_UNRESOLVED,optimizer_success_false:Positive directional derivative for linesearch,NUMERICAL_UNRESOLVED,,,,,,False,,,,24,1,0,0,1
24,4.204,3,0.36,52.03975789473015,3.844,PRESERVING,PASS,continuous_reference,PASS,0.36,52.03975789473015,3.844,PRESERVING,PASS,True,0,0,0.0,25,1,1,0,0
25,4.205,3,0.36,51.99916526169709,3.845,PRESERVING,PASS,continuous_reference,PASS,0.36,51.99916526169709,3.845,PRESERVING,PASS,True,0,0,0.0,26,1,1,0,0
26,4.206,3,0.36,51.95861483571447,3.846,PRESERVING,PASS,continuous_reference,PASS,0.36,51.95861483571447,3.846,PRESERVING,PASS,True,0,0,0.0,27,1,1,0,0
27,4.207,3,0.36,51.91810656193943,3.847,PRESERVING,PASS,continuous_reference,PASS,0.36,51.91810656193943,3.847,PRESERVING,PASS,True,0,0,0.0,28,1,1,0,0
28,4.208,3,0.36,51.87764038561463,3.848,PRESERVING,PASS,continuous_reference,PASS,0.36,51.87764038561463,3.848,PRESERVING,PASS,True,0,0,0.0,29,1,1,0,0
29,4.209,3,0.36,51.83721625206807,3.849,PRESERVING,PASS,continuous_reference,PASS,0.36,51.83721625206807,3.849,PRESERVING,PASS,True,0,0,0.0,30,1,1,0,0
30,4.21,3,0.36,51.79683410671292,3.85,PRESERVING,PASS,continuous_reference,PASS,0.36,51.79683410671292,3.85,PRESERVING,PASS,True,0,0,0.0,31,1,1,0,0
31,4.211,3,0.36,51.756493895047356,3.851,PRESERVING,PASS,continuous_reference,PASS,0.36,51.756493895047356,3.851,PRESERVING,PASS,True,0,0,0.0,32,1,1,0,0
32,4.212,3,0.36,51.71619556265447,3.852,PRESERVING,NUMERICAL_UNRESOLVED,optimizer_success_false:Positive directional derivative for linesearch,NUMERICAL_UNRESOLVED,,,,,,False,,,,33,1,0,0,1
33,4.213,3,0.36,51.675939055202036,3.853,PRESERVING,PASS,continuous_reference,PASS,0.36,51.675939055202036,3.853,PRESERVING,PASS,True,0,0,0.0,34,1,1,0,0
34,4.214,3,0.36,51.63572431844241,3.854,PRESERVING,PASS,continuous_reference,PASS,0.36,51.63572431844241,3.854,PRESERVING,PASS,True,0,0,0.0,35,1,1,0,0
35,4.215,3,0.36,51.59555129821238,3.855,PRESERVING,PASS,continuous_reference,PASS,0.36,51.59555129821238,3.855,PRESERVING,PASS,True,0,0,0.0,36,1,1,0,0
36,4.216,3,0.36,51.55541994043291,3.856,PRESERVING,PASS,continuous_reference,PASS,0.36,51.55541994043291,3.856,PRESERVING,PASS,True,0,0,0.0,37,1,1,0,0
37,4.217,3,0.36,51.515330191109136,3.857,PRESERVING,PASS,continuous_reference,PASS,0.36,51.515330191109136,3.857,PRESERVING,PASS,True,0,0,0.0,38,1,1,0,0
38,4.218,3,0.36,51.475281996330175,3.858,PRESERVING,NUMERICAL_UNRESOLVED,optimizer_success_false:Positive directional derivative for linesearch,NUMERICAL_UNRESOLVED,,,,,,False,,,,39,1,0,0,1
39,4.219,3,0.36,51.43527530226886,3.859,PRESERVING,PASS,continuous_reference,PASS,0.36,51.43527530226886,3.859,PRESERVING,PASS,True,0,0,0.0,40,1,1,0,0
40,4.22,3,0.36,51.39531005518171,3.86,PRESERVING,PASS,continuous_reference,PASS,0.36,51.39531005518171,3.86,PRESERVING,PASS,True,0,0,0.0,41,1,1,0,0
41,4.221,3,0.36,51.35538620140876,3.861,PRESERVING,PASS,continuous_reference,PASS,0.36,51.35538620140876,3.861,PRESERVING,PASS,True,0,0,0.0,42,1,1,0,0
42,4.222,3,0.36,51.315503687373365,3.862,PRESERVING,PASS,continuous_reference,PASS,0.36,51.315503687373365,3.862,PRESERVING,PASS,True,0,0,0.0,43,1,1,0,0
43,4.223,3,0.36,51.275662459582094,3.863,PRESERVING,PASS,continuous_reference,PASS,0.36,51.275662459582094,3.863,PRESERVING,PASS,True,0,0,0.0,44,1,1,0,0
44,4.224,3,0.36,51.2358624646245,3.864,PRESERVING,PASS,continuous_reference,PASS,0.36,51.2358624646245,3.864,PRESERVING,PASS,True,0,0,0.0,45,1,1,0,0
45,4.225,3,0.36,51.196103649173104,3.865,PRESERVING,PASS,continuous_reference,PASS,0.36,51.196103649173104,3.865,PRESERVING,PASS,True,0,0,0.0,46,1,1,0,0
46,4.226,3,0.36,51.15638595998316,3.866,PRESERVING,NUMERICAL_UNRESOLVED,optimizer_success_false:Positive directional derivative for linesearch,NUMERICAL_UNRESOLVED,,,,,,False,,,,47,1,0,0,1
47,4.227,3,0.36,51.11670934389245,3.867,PRESERVING,PASS,continuous_reference,PASS,0.36,51.11670934389245,3.867,PRESERVING,PASS,True,0,0,0.0,48,1,1,0,0
48,4.228,3,0.36,51.077073747821274,3.868,PRESERVING,PASS,continuous_reference,PASS,0.36,51.077073747821274,3.868,PRESERVING,PASS,True,0,0,0.0,49,1,1,0,0
49,4.229,3,0.36,51.03747911877214,3.869,PRESERVING,PASS,continuous_reference,PASS,0.36,51.03747911877214,3.869,PRESERVING,PASS,True,0,0,0.0,50,1,1,0,0
50,4.23,3,0.36,50.99792540382983,3.87,PRESERVING,PASS,continuous_reference,PASS,0.36,50.99792540382983,3.87,PRESERVING,PASS,True,0,0,0.0,51,1,1,0,0
51,4.231,3,0.36,50.958412550161015,3.871,PRESERVING,NUMERICAL_UNRESOLVED,optimizer_success_false:Positive directional derivative for linesearch,NUMERICAL_UNRESOLVED,,,,,,False,,,,52,1,0,0,1
52,4.232,3,0.36,50.918940505014255,3.872,PRESERVING,PASS,continuous_reference,PASS,0.36,50.918940505014255,3.872,PRESERVING,PASS,True,0,0,0.0,53,1,1,0,0
53,4.233,3,0.36,50.87950921571976,3.873,PRESERVING,NUMERICAL_UNRESOLVED,optimizer_success_false:Positive directional derivative for linesearch,NUMERICAL_UNRESOLVED,,,,,,False,,,,54,1,0,0,1
54,4.234,3,0.36,50.84011862968941,3.874,PRESERVING,PASS,continuous_reference,PASS,0.36,50.84011862968941,3.874,PRESERVING,PASS,True,0,0,0.0,55,1,1,0,0
55,4.235,3,0.36,50.80076869441637,3.875,PRESERVING,NUMERICAL_UNRESOLVED,optimizer_success_false:Positive directional derivative for linesearch,NUMERICAL_UNRESOLVED,,,,,,False,,,,56,1,0,0,1
56,4.236,3,0.36,50.761459357475125,3.876,PRESERVING,NUMERICAL_UNRESOLVED,optimizer_success_false:Positive directional derivative for linesearch,NUMERICAL_UNRESOLVED,,,,,,False,,,,57,1,0,0,1
57,4.237,3,0.36,50.72219056652126,3.877,PRESERVING,PASS,continuous_reference,PASS,0.36,50.72219056652126,3.877,PRESERVING,PASS,True,0,0,0.0,58,1,1,0,0
58,4.238,3,0.36,50.68296226929129,3.878,PRESERVING,PASS,continuous_reference,PASS,0.36,50.68296226929129,3.878,PRESERVING,PASS,True,0,0,0.0,59,1,1,0,0
59,4.239,3,0.36,50.64377441360266,3.879,PRESERVING,NUMERICAL_UNRESOLVED,optimizer_success_false:Positive directional derivative for linesearch,NUMERICAL_UNRESOLVED,,,,,,False,,,,60,1,0,0,1
60,4.24,3,0.36,50.604626947353346,3.88,PRESERVING,NUMERICAL_UNRESOLVED,optimizer_success_false:Positive directional derivative for linesearch,NUMERICAL_UNRESOLVED,,,,,,False,,,,61,1,0,0,1
61,4.241,3,0.36,50.56551981852196,3.881,PRESERVING,PASS,continuous_reference,PASS,0.36,50.56551981852196,3.881,PRESERVING,PASS,True,0,0,0.0,62,1,1,0,0
62,4.242,3,0.36,50.526452975167395,3.882,PRESERVING,NUMERICAL_UNRESOLVED,optimizer_success_false:Positive directional derivative for linesearch,NUMERICAL_UNRESOLVED,,,,,,False,,,,63,1,0,0,1
63,4.243,3,0.36,50.487426365428945,3.883,PRESERVING,NUMERICAL_UNRESOLVED,optimizer_success_false:Positive directional derivative for linesearch,NUMERICAL_UNRESOLVED,,,,,,False,,,,64,1,0,0,1
64,4.244,3,0.36,50.44843993752582,3.884,PRESERVING,PASS,continuous_reference,PASS,0.36,50.44843993752582,3.884,PRESERVING,PASS,True,0,0,0.0,65,1,1,0,0
65,4.245,3,0.36,50.40949363975729,3.885,PRESERVING,PASS,continuous_reference,PASS,0.36,50.40949363975729,3.885,PRESERVING,PASS,True,0,0,0.0,66,1,1,0,0
66,4.246,3,0.36,50.37058742050237,3.886,PRESERVING,PASS,continuous_reference,PASS,0.36,50.37058742050237,3.886,PRESERVING,PASS,True,0,0,0.0,67,1,1,0,0
67,4.247,3,0.36,50.3317212282198,3.887,PRESERVING,PASS,continuous_reference,PASS,0.36,50.3317212282198,3.887,PRESERVING,PASS,True,0,0,0.0,68,1,1,0,0
68,4.248,3,0.36,50.29289501144779,3.888,PRESERVING,PASS,continuous_reference,PASS,0.36,50.29289501144779,3.888,PRESERVING,PASS,True,0,0,0.0,69,1,1,0,0
69,4.249,3,0.36,50.25410871880395,3.889,PRESERVING,PASS,continuous_reference,PASS,0.36,50.25410871880395,3.889,PRESERVING,PASS,True,0,0,0.0,70,1,1,0,0
70,4.25,3,0.36,50.215362298985056,3.89,PRESERVING,PASS,continuous_reference,PASS,0.36,50.215362298985056,3.89,PRESERVING,PASS,True,0,0,0.0,71,1,1,0,0
71,4.251,3,0.36,50.17665570076711,3.891,PRESERVING,NUMERICAL_UNRESOLVED,optimizer_success_false:Positive directional derivative for linesearch,NUMERICAL_UNRESOLVED,,,,,,False,,,,72,1,0,0,1
72,4.252,3,0.36,50.13798887300495,3.892,PRESERVING,PASS,continuous_reference,PASS,0.36,50.13798887300495,3.892,PRESERVING,PASS,True,0,0,0.0,73,1,1,0,0
73,4.253,3,0.36,50.09936176463223,3.893,PRESERVING,NUMERICAL_UNRESOLVED,optimizer_success_false:Positive directional derivative for linesearch,NUMERICAL_UNRESOLVED,,,,,,False,,,,74,1,0,0,1
74,4.254,3,0.36,50.06077432466129,3.894,PRESERVING,PASS,continuous_reference,PASS,0.36,50.06077432466129,3.894,PRESERVING,PASS,True,0,0,0.0,75,1,1,0,0
75,4.255,3,0.36,50.02222650218303,3.895,PRESERVING,PASS,continuous_reference,PASS,0.36,50.02222650218303,3.895,PRESERVING,PASS,True,0,0,0.0,76,1,1,0,0
76,4.256,3,0.36,49.983718246366685,3.896,PRESERVING,PASS,continuous_reference,PASS,0.36,49.983718246366685,3.896,PRESERVING,PASS,True,0,0,0.0,77,1,1,0,0
77,4.257,3,0.36,49.94524950645972,3.897,PRESERVING,PASS,continuous_reference,PASS,0.36,49.94524950645972,3.897,PRESERVING,PASS,True,0,0,0.0,78,1,1,0,0
78,4.258,3,0.36,49.906820231787734,3.898,PRESERVING,PASS,continuous_reference,PASS,0.36,49.906820231787734,3.898,PRESERVING,PASS,True,0,0,0.0,79,1,1,0,0
79,4.259,3,0.36,49.86843037175427,3.899,PRESERVING,PASS,continuous_reference,PASS,0.36,49.86843037175427,3.899,PRESERVING,PASS,True,0,0,0.0,80,1,1,0,0
80,4.26,3,0.36,49.83007987584073,3.9,PRESERVING,NUMERICAL_UNRESOLVED,optimizer_success_false:Positive directional derivative for linesearch,NUMERICAL_UNRESOLVED,,,,,,False,,,,81,1,0,0,1
81,4.261,3,0.36,49.79176869360613,3.901,PRESERVING,PASS,continuous_reference,PASS,0.36,49.79176869360613,3.901,PRESERVING,PASS,True,0,0,0.0,82,1,1,0,0
82,4.262,3,0.36,49.75349677468705,3.902,PRESERVING,PASS,continuous_reference,PASS,0.36,49.75349677468705,3.902,PRESERVING,PASS,True,0,0,0.0,83,1,1,0,0
83,4.263,3,0.36,49.71526406879751,3.903,PRESERVING,NUMERICAL_UNRESOLVED,optimizer_success_false:Positive directional derivative for linesearch,NUMERICAL_UNRESOLVED,,,,,,False,,,,84,1,0,0,1
84,4.264,3,0.36,49.67707052572877,3.904,PRESERVING,PASS,continuous_reference,PASS,0.36,49.67707052572877,3.904,PRESERVING,PASS,True,0,0,0.0,85,1,1,0,0
85,4.265,3,0.36,49.638916095349224,3.905,PRESERVING,PASS,continuous_reference,PASS,0.36,49.638916095349224,3.905,PRESERVING,PASS,True,0,0,0.0,86,1,1,0,0
86,4.266,3,0.36,49.60080072760419,3.906,PRESERVING,NUMERICAL_UNRESOLVED,optimizer_success_false:Positive directional derivative for linesearch,NUMERICAL_UNRESOLVED,,,,,,False,,,,87,1,0,0,1
87,4.267,3,0.36,49.56272437251595,3.907,PRESERVING,NUMERICAL_UNRESOLVED,optimizer_success_false:Positive directional derivative for linesearch,NUMERICAL_UNRESOLVED,,,,,,False,,,,88,1,0,0,1
88,4.268,3,0.36,49.52468698018341,3.908,PRESERVING,PASS,continuous_reference,PASS,0.36,49.52468698018341,3.908,PRESERVING,PASS,True,0,0,0.0,89,1,1,0,0
89,4.269,3,0.36,49.48668850078208,3.909,PRESERVING,PASS,continuous_reference,PASS,0.36,49.48668850078208,3.909,PRESERVING,PASS,True,0,0,0.0,90,1,1,0,0
90,4.27,3,0.36,49.4487288845639,3.91,PRESERVING,NUMERICAL_UNRESOLVED,optimizer_success_false:Positive directional derivative for linesearch,NUMERICAL_UNRESOLVED,,,,,,False,,,,91,1,0,0,1
91,4.271,3,0.36,49.41080808185711,3.911,PRESERVING,PASS,continuous_reference,PASS,0.36,49.41080808185711,3.911,PRESERVING,PASS,True,0,0,0.0,92,1,1,0,0
92,4.272,3,0.36,49.37292604306616,3.912,PRESERVING,NUMERICAL_UNRESOLVED,optimizer_success_false:Positive directional derivative for linesearch,NUMERICAL_UNRESOLVED,,,,,,False,,,,93,1,0,0,1
93,4.273,3,0.36,49.335082718671444,3.913,PRESERVING,PASS,continuous_reference,PASS,0.36,49.335082718671444,3.913,PRESERVING,PASS,True,0,0,0.0,94,1,1,0,0
94,4.274,3,0.36,49.29727805922929,3.914,PRESERVING,NUMERICAL_UNRESOLVED,optimizer_success_false:Positive directional derivative for linesearch,NUMERICAL_UNRESOLVED,,,,,,False,,,,95,1,0,0,1
95,4.275,3,0.36,49.25951201537183,3.915,PRESERVING,PASS,continuous_reference,PASS,0.36,49.25951201537183,3.915,PRESERVING,PASS,True,0,0,0.0,96,1,1,0,0
96,4.276,3,0.36,49.221784537806734,3.916,PRESERVING,PASS,continuous_reference,PASS,0.36,49.221784537806734,3.916,PRESERVING,PASS,True,0,0,0.0,97,1,1,0,0
97,4.277,3,0.36,49.18409557731721,3.917,PRESERVING,PASS,continuous_reference,PASS,0.36,49.18409557731721,3.917,PRESERVING,PASS,True,0,0,0.0,98,1,1,0,0
98,4.278,3,0.36,49.14644508476175,3.918,PRESERVING,NUMERICAL_UNRESOLVED,optimizer_success_false:Positive directional derivative for linesearch,NUMERICAL_UNRESOLVED,,,,,,False,,,,99,1,0,0,1
99,4.279,3,0.36,49.108833011074196,3.919,PRESERVING,PASS,continuous_reference,PASS,0.36,49.108833011074196,3.919,PRESERVING,PASS,True,0,0,0.0,100,1,1,0,0
100,4.28,3,0.36,49.071259307263354,3.92,PRESERVING,PASS,continuous_reference,PASS,0.36,49.071259307263354,3.92,PRESERVING,PASS,True,0,0,0.0,101,1,1,0,0
101,4.281,3,0.36,49.03372392441303,3.921,PRESERVING,PASS,continuous_reference,PASS,0.36,49.03372392441303,3.921,PRESERVING,PASS,True,0,0,0.0,102,1,1,0,0
102,4.282,3,0.36,48.99622681368178,3.922,PRESERVING,PASS,continuous_reference,PASS,0.36,48.99622681368178,3.922,PRESERVING,PASS,True,0,0,0.0,103,1,1,0,0
103,4.283,3,0.36,48.958767926302954,3.923,PRESERVING,PASS,continuous_reference,PASS,0.36,48.958767926302954,3.923,PRESERVING,PASS,True,0,0,0.0,104,1,1,0,0
104,4.284,3,0.36,48.92134721358435,3.924,PRESERVING,PASS,continuous_reference,PASS,0.36,48.92134721358435,3.924,PRESERVING,PASS,True,0,0,0.0,105,1,1,0,0
105,4.285,3,0.36,48.88396462690824,3.925,PRESERVING,PASS,continuous_reference,PASS,0.36,48.88396462690824,3.925,PRESERVING,PASS,True,0,0,0.0,106,1,1,0,0
106,4.286,3,0.36,48.84662011773112,3.926,PRESERVING,PASS,continuous_reference,PASS,0.36,48.84662011773112,3.926,PRESERVING,PASS,True,0,0,0.0,107,1,1,0,0
107,4.287,3,0.36,48.80931363758369,3.927,PRESERVING,PASS,continuous_reference,PASS,0.36,48.80931363758369,3.927,PRESERVING,PASS,True,0,0,0.0,108,1,1,0,0
108,4.288,3,0.36,48.77204513807068,3.928,PRESERVING,PASS,continuous_reference,PASS,0.36,48.77204513807068,3.928,PRESERVING,PASS,True,0,0,0.0,109,1,1,0,0
109,4.289,3,0.36,48.73481457087064,3.929,PRESERVING,PASS,continuous_reference,PASS,0.36,48.73481457087064,3.929,PRESERVING,PASS,True,0,0,0.0,110,1,1,0,0
110,4.29,3,0.36,48.69762188773589,3.93,PRESERVING,NUMERICAL_UNRESOLVED,optimizer_success_false:Positive directional derivative for linesearch,NUMERICAL_UNRESOLVED,,,,,,False,,,,111,1,0,0,1
111,4.291,3,0.36,48.660467040492456,3.931,PRESERVING,PASS,continuous_reference,PASS,0.36,48.660467040492456,3.931,PRESERVING,PASS,True,0,0,0.0,112,1,1,0,0
112,4.292,3,0.36,48.62334998103975,3.932,PRESERVING,PASS,continuous_reference,PASS,0.36,48.62334998103975,3.932,PRESERVING,PASS,True,0,0,0.0,113,1,1,0,0
113,4.293,3,0.36,48.586270661350575,3.933,PRESERVING,PASS,continuous_reference,PASS,0.36,48.586270661350575,3.933,PRESERVING,PASS,True,0,0,0.0,114,1,1,0,0
114,4.294,3,0.36,48.549229033471015,3.934,PRESERVING,PASS,continuous_reference,PASS,0.36,48.549229033471015,3.934,PRESERVING,PASS,True,0,0,0.0,115,1,1,0,0
115,4.295,3,0.36,48.51222504952019,3.935,PRESERVING,PASS,continuous_reference,PASS,0.36,48.51222504952019,3.935,PRESERVING,PASS,True,0,0,0.0,116,1,1,0,0
116,4.296,3,0.36,48.47525866169025,3.936,PRESERVING,PASS,continuous_reference,PASS,0.36,48.47525866169025,3.936,PRESERVING,PASS,True,0,0,0.0,117,1,1,0,0
117,4.297,3,0.36,48.43832982224611,3.937,PRESERVING,PASS,continuous_reference,PASS,0.36,48.43832982224611,3.937,PRESERVING,PASS,True,0,0,0.0,118,1,1,0,0
118,4.298,3,0.361,48.60174512994904,3.937,PRESERVING,PASS,continuous_reference,PASS,0.361,48.60174512994904,3.937,PRESERVING,PASS,True,0,0,0.0,119,2,1,1,0
119,4.299,3,0.362,48.76527477442611,3.937,PRESERVING,PASS,continuous_reference,PASS,0.362,48.76527477442611,3.937,PRESERVING,PASS,True,0,0,0.0,120,3,1,2,0
120,4.3,3,0.363,48.92891856370746,3.937,PRESERVING,PASS,continuous_reference,PASS,0.363,48.92891856370746,3.937,PRESERVING,PASS,True,0,0,0.0,121,4,1,3,0
121,4.301,3,0.364,49.09267630659239,3.937,PRESERVING,PASS,continuous_reference,PASS,0.364,49.09267630659239,3.937,PRESERVING,PASS,True,0,0,0.0,122,5,1,4,0
122,4.302,3,0.365,49.256547812644115,3.937,PRESERVING,PASS,continuous_reference,PASS,0.365,49.256547812644115,3.937,PRESERVING,PASS,True,0,0,0.0,123,6,1,5,0
123,4.303,3,0.366,49.42053289218462,3.937,PRESERVING,PASS,continuous_reference,PASS,0.366,49.42053289218462,3.937,PRESERVING,PASS,True,0,0,0.0,124,7,1,6,0
124,4.304,3,0.367,49.584631356289556,3.937,PRESERVING,PASS,continuous_reference,PASS,0.367,49.584631356289556,3.937,PRESERVING,PASS,True,0,0,0.0,125,8,1,7,0
125,4.305,3,0.368,49.74884301678238,3.937,PRESERVING,PASS,continuous_reference,PASS,0.368,49.74884301678238,3.937,PRESERVING,PASS,True,0,0,0.0,126,9,1,8,0
126,4.306,3,0.369,49.913167686230615,3.937,PRESERVING,PASS,continuous_reference,PASS,0.369,49.913167686230615,3.937,PRESERVING,PASS,True,0,0,0.0,127,10,1,9,0
127,4.307,3,0.37,50.07760517793986,3.937,PRESERVING,PASS,continuous_reference,PASS,0.37,50.07760517793986,3.937,PRESERVING,PASS,True,0,0,0.0,128,11,1,10,0
128,4.308,3,0.371,50.2421553059494,3.937,PRESERVING,PASS,continuous_reference,PASS,0.371,50.2421553059494,3.937,PRESERVING,PASS,True,0,0,0.0,129,12,1,11,0
129,4.309,3,0.372,50.40681788502673,3.937,PRESERVING,PASS,continuous_reference,PASS,0.372,50.40681788502673,3.937,PRESERVING,PASS,True,0,0,0.0,130,13,1,12,0
130,4.31,3,0.373,50.571592730662694,3.937,PRESERVING,PASS,continuous_reference,PASS,0.373,50.571592730662694,3.937,PRESERVING,PASS,True,0,0,0.0,131,14,1,13,0
131,4.311,3,0.374,50.73647965906746,3.937,PRESERVING,PASS,continuous_reference,PASS,0.374,50.73647965906746,3.937,PRESERVING,PASS,True,0,0,0.0,132,15,1,14,0
132,4.312,3,0.375,50.90147848716503,3.937,PRESERVING,PASS,continuous_reference,PASS,0.375,50.90147848716503,3.937,PRESERVING,PASS,True,0,0,0.0,133,16,1,15,0
133,4.313,3,0.376,51.066589032588475,3.937,PRESERVING,PASS,continuous_reference,PASS,0.376,51.066589032588475,3.937,PRESERVING,PASS,True,0,0,0.0,134,17,1,16,0
134,4.314,3,0.377,51.23181111367573,3.937,PRESERVING,PASS,continuous_reference,PASS,0.377,51.23181111367573,3.937,PRESERVING,PASS,True,0,0,0.0,135,18,1,17,0
135,4.315,3,0.378,51.39714454946439,3.937,PRESERVING,PASS,continuous_reference,PASS,0.378,51.39714454946439,3.937,PRESERVING,PASS,True,0,0,0.0,136,19,1,18,0
136,4.316,3,0.379,51.56258915968789,3.937,PRESERVING,PASS,continuous_reference,PASS,0.379,51.56258915968789,3.937,PRESERVING,PASS,True,0,0,0.0,137,20,1,19,0
137,4.317,3,0.38,51.72814476476946,3.937,PRESERVING,PASS,continuous_reference,PASS,0.38,51.72814476476946,3.937,PRESERVING,PASS,True,0,0,0.0,138,21,1,20,0
138,4.318,3,0.381,51.893811185819246,3.937,PRESERVING,PASS,continuous_reference,PASS,0.381,51.893811185819246,3.937,PRESERVING,PASS,True,0,0,0.0,139,22,1,21,0
139,4.319,3,0.382,52.05958824462927,3.937,PRESERVING,PASS,continuous_reference,PASS,0.382,52.05958824462927,3.937,PRESERVING,PASS,True,0,0,0.0,140,23,1,22,0
140,4.32,3,0.383,52.225475763668435,3.937,PRESERVING,PASS,continuous_reference,PASS,0.383,52.225475763668435,3.937,PRESERVING,PASS,True,0,0,0.0,141,24,1,23,0
141,4.321,3,0.384,52.391473566079156,3.937,PRESERVING,PASS,continuous_reference,PASS,0.384,52.391473566079156,3.937,PRESERVING,PASS,True,0,0,0.0,142,25,1,24,0
142,4.322,3,0.385,52.55758147567137,3.937,PRESERVING,PASS,continuous_reference,PASS,0.385,52.55758147567137,3.937,PRESERVING,PASS,True,0,0,0.0,143,26,1,25,0
143,4.323,3,0.386,52.72379931692007,3.937,PRESERVING,PASS,continuous_reference,PASS,0.386,52.72379931692007,3.937,PRESERVING,PASS,True,0,0,0.0,144,27,1,26,0
144,4.324,3,0.387,52.89012691496022,3.937,PRESERVING,PASS,continuous_reference,PASS,0.387,52.89012691496022,3.937,PRESERVING,PASS,True,0,0,0.0,145,28,1,27,0
145,4.325,3,0.388,53.0565640955821,3.937,PRESERVING,PASS,continuous_reference,PASS,0.388,53.0565640955821,3.937,PRESERVING,PASS,True,0,0,0.0,146,29,1,28,0
146,4.326,3,0.389,53.22311068522777,3.937,PRESERVING,PASS,continuous_reference,PASS,0.389,53.22311068522777,3.937,PRESERVING,PASS,True,0,0,0.0,147,30,1,29,0
147,4.327,3,0.39,53.38976651098664,3.937,PRESERVING,PASS,continuous_reference,PASS,0.39,53.38976651098664,3.937,PRESERVING,PASS,True,0,0,0.0,148,31,1,30,0
148,4.328,3,0.391,53.55653140059138,3.937,PRESERVING,PASS,continuous_reference,PASS,0.391,53.55653140059138,3.937,PRESERVING,PASS,True,0,0,0.0,149,32,1,31,0
149,4.329,3,0.392,53.72340518241322,3.937,PRESERVING,PASS,continuous_reference,PASS,0.392,53.72340518241322,3.937,PRESERVING,PASS,True,0,0,0.0,150,33,1,32,0
150,4.33,3,0.393,53.89038768545913,3.937,PRESERVING,PASS,continuous_reference,PASS,0.393,53.89038768545913,3.937,PRESERVING,PASS,True,0,0,0.0,151,34,1,33,0
151,4.331,3,0.394,54.057478739366886,3.937,PRESERVING,PASS,continuous_reference,PASS,0.394,54.057478739366886,3.937,PRESERVING,PASS,True,0,0,0.0,152,35,1,34,0
152,4.332,3,0.395,54.22467817440127,3.937,PRESERVING,PASS,continuous_reference,PASS,0.395,54.22467817440127,3.937,PRESERVING,PASS,True,0,0,0.0,153,36,1,35,0
153,4.333,3,0.396,54.39198582145069,3.937,PRESERVING,PASS,continuous_reference,PASS,0.396,54.39198582145069,3.937,PRESERVING,PASS,True,0,0,0.0,154,37,1,36,0
154,4.334,3,0.397,54.55940151202173,3.937,PRESERVING,PASS,continuous_reference,PASS,0.397,54.55940151202173,3.937,PRESERVING,PASS,True,0,0,0.0,155,38,1,37,0
155,4.335,3,0.398,54.72692507823705,3.937,PRESERVING,PASS,continuous_reference,PASS,0.398,54.72692507823705,3.937,PRESERVING,PASS,True,0,0,0.0,156,39,1,38,0
156,4.336,3,0.399,54.89455635283073,3.937,PRESERVING,PASS,continuous_reference,PASS,0.399,54.89455635283073,3.937,PRESERVING,PASS,True,0,0,0.0,157,40,1,39,0
157,4.337,3,0.4,55.06229516914448,3.937,PRESERVING,PASS,continuous_reference,PASS,0.4,55.06229516914448,3.937,PRESERVING,PASS,True,0,0,0.0,158,41,1,40,0
158,4.338,3,0.401,55.23014136112375,3.937,PRESERVING,PASS,continuous_reference,PASS,0.401,55.23014136112375,3.937,PRESERVING,PASS,True,0,0,0.0,159,42,1,41,0
159,4.339,3,0.402,55.39809476331435,3.937,PRESERVING,PASS,continuous_reference,PASS,0.402,55.39809476331435,3.937,PRESERVING,PASS,True,0,0,0.0,160,43,1,42,0
160,4.34,3,0.403,55.5661552108586,3.937,PRESERVING,PASS,continuous_reference,PASS,0.403,55.5661552108586,3.937,PRESERVING,PASS,True,0,0,0.0,161,44,1,43,0
161,4.341,3,0.404,55.734322539490826,3.937,PRESERVING,PASS,continuous_reference,PASS,0.404,55.734322539490826,3.937,PRESERVING,PASS,True,0,0,0.0,162,45,1,44,0
162,4.342,3,0.405,55.902596585535335,3.937,PRESERVING,PASS,continuous_reference,PASS,0.405,55.902596585535335,3.937,PRESERVING,PASS,True,0,0,0.0,163,46,1,45,0
163,4.343,3,0.406,56.070977185901626,3.937,PRESERVING,PASS,continuous_reference,PASS,0.406,56.070977185901626,3.937,PRESERVING,PASS,True,0,0,0.0,164,47,1,46,0
164,4.344,3,0.407,56.23946417808103,3.937,PRESERVING,PASS,continuous_reference,PASS,0.407,56.23946417808103,3.937,PRESERVING,PASS,True,0,0,0.0,165,48,1,47,0
165,4.345,3,0.408,56.408057400143306,3.937,PRESERVING,PASS,continuous_reference,NUMERICAL_UNRESOLVED,,,,,,False,,,,166,1,0,0,1
166,4.346,3,0.409,56.576756690733305,3.937,PRESERVING,PASS,continuous_reference,NUMERICAL_UNRESOLVED,,,,,,False,,,,167,2,0,1,1
167,4.347,3,0.41,56.7455618890663,3.937,PRESERVING,PASS,continuous_reference,NUMERICAL_UNRESOLVED,,,,,,False,,,,168,3,0,2,1
168,4.348,3,0.411,56.91447283492635,3.937,PRESERVING,PASS,continuous_reference,NUMERICAL_UNRESOLVED,,,,,,False,,,,169,4,0,3,1
169,4.349,3,0.412,57.08348936866161,3.937,PRESERVING,PASS,continuous_reference,NUMERICAL_UNRESOLVED,,,,,,False,,,,170,5,0,4,1
170,4.35,3,0.413,57.25261133118125,3.937,PRESERVING,PASS,continuous_reference,NUMERICAL_UNRESOLVED,,,,,,False,,,,171,6,0,5,1
171,4.351,3,0.414,57.42183856395226,3.937,PRESERVING,PASS,continuous_reference,NUMERICAL_UNRESOLVED,,,,,,False,,,,172,7,0,6,1
172,4.352,3,0.415,57.59117090899578,3.937,PRESERVING,PASS,continuous_reference,NUMERICAL_UNRESOLVED,,,,,,False,,,,173,8,0,7,1
173,4.353,3,0.416,57.7606082088836,3.937,PRESERVING,PASS,continuous_reference,NUMERICAL_UNRESOLVED,,,,,,False,,,,174,9,0,8,1
174,4.354,3,0.417,57.93015030673566,3.937,PRESERVING,PASS,continuous_reference,NUMERICAL_UNRESOLVED,,,,,,False,,,,175,10,0,9,1
175,4.355,3,0.418,58.099797046216175,3.937,PRESERVING,PASS,continuous_reference,NUMERICAL_UNRESOLVED,,,,,,False,,,,176,11,0,10,1
176,4.356,3,0.419,58.2695482715305,3.937,PRESERVING,PASS,continuous_reference,NUMERICAL_UNRESOLVED,,,,,,False,,,,177,12,0,11,1
177,4.357,3,0.42,58.43940382742213,3.937,PRESERVING,PASS,continuous_reference,NUMERICAL_UNRESOLVED,,,,,,False,,,,178,13,0,12,1
178,4.358,3,0.421,58.60936355916921,3.937,PRESERVING,PASS,continuous_reference,NUMERICAL_UNRESOLVED,,,,,,False,,,,179,14,0,13,1
179,4.359,3,0.422,58.779427312581106,3.937,PRESERVING,PASS,continuous_reference,NUMERICAL_UNRESOLVED,,,,,,False,,,,180,15,0,14,1
180,4.36,3,0.423,58.94959493399635,3.937,PRESERVING,PASS,continuous_reference,NUMERICAL_UNRESOLVED,,,,,,False,,,,181,16,0,15,1
181,4.361,3,0.424,59.11986627027841,3.937,PRESERVING,PASS,continuous_reference,NUMERICAL_UNRESOLVED,,,,,,False,,,,182,17,0,16,1
182,4.362,3,0.425,59.29024116881337,3.937,PRESERVING,PASS,continuous_reference,NUMERICAL_UNRESOLVED,,,,,,False,,,,183,18,0,17,1
183,4.363,3,0.426,59.46071947750633,3.937,PRESERVING,PASS,continuous_reference,NUMERICAL_UNRESOLVED,,,,,,False,,,,184,19,0,18,1
184,4.364,3,0.427,59.631301044778965,3.937,PRESERVING,PASS,continuous_reference,NUMERICAL_UNRESOLVED,,,,,,False,,,,185,20,0,19,1
185,4.365,3,0.428,59.801985719565394,3.937,PRESERVING,PASS,continuous_reference,NUMERICAL_UNRESOLVED,,,,,,False,,,,186,21,0,20,1
186,4.366,3,0.429,59.97277335131068,3.937,PRESERVING,PASS,continuous_reference,NUMERICAL_UNRESOLVED,,,,,,False,,,,187,22,0,21,1
187,4.367,3,0.43,60.143663789966915,3.937,PRESERVING,PASS,continuous_reference,NUMERICAL_UNRESOLVED,,,,,,False,,,,188,23,0,22,1
188,4.368,3,0.431,60.314656885990615,3.937,PRESERVING,PASS,continuous_reference,NUMERICAL_UNRESOLVED,,,,,,False,,,,189,24,0,23,1
189,4.369,3,0.432,60.48575249033971,3.937,PRESERVING,PASS,continuous_reference,NUMERICAL_UNRESOLVED,,,,,,False,,,,190,25,0,24,1
190,4.37,3,0.433,60.6569504544708,3.937,PRESERVING,PASS,continuous_reference,NUMERICAL_UNRESOLVED,,,,,,False,,,,191,26,0,25,1
191,4.371,3,0.434,60.82825063033564,3.937,PRESERVING,PASS,continuous_reference,NUMERICAL_UNRESOLVED,,,,,,False,,,,192,27,0,26,1
192,4.372,3,0.435,60.99965287037934,3.937,PRESERVING,PASS,continuous_reference,NUMERICAL_UNRESOLVED,,,,,,False,,,,193,28,0,27,1
193,4.373,3,0.436,61.171157027537035,3.937,PRESERVING,PASS,continuous_reference,NUMERICAL_UNRESOLVED,,,,,,False,,,,194,29,0,28,1
194,4.374,3,0.437,61.34276295523092,3.937,PRESERVING,PASS,continuous_reference,NUMERICAL_UNRESOLVED,,,,,,False,,,,195,30,0,29,1
195,4.375,3,0.438,61.51447050736772,3.937,PRESERVING,PASS,continuous_reference,NUMERICAL_UNRESOLVED,,,,,,False,,,,196,31,0,30,1
196,4.376,3,0.439,61.68627953833612,3.937,PRESERVING,PASS,continuous_reference,NUMERICAL_UNRESOLVED,,,,,,False,,,,197,32,0,31,1
197,4.377,3,0.44,61.8581899030031,3.937,PRESERVING,PASS,continuous_reference,NUMERICAL_UNRESOLVED,,,,,,False,,,,198,33,0,32,1
198,4.378,3,0.441,62.030201456712646,3.937,PRESERVING,PASS,continuous_reference,NUMERICAL_UNRESOLVED,,,,,,False,,,,199,34,0,33,1
199,4.379,3,0.442,62.20231405528202,3.937,PRESERVING,PASS,continuous_reference,NUMERICAL_UNRESOLVED,,,,,,False,,,,200,35,0,34,1
200,4.38,3,0.443,62.374527554999446,3.937,PRESERVING,PASS,continuous_reference,NUMERICAL_UNRESOLVED,,,,,,False,,,,201,36,0,35,1
201,4.381,3,0.444,62.54684181262163,3.937,PRESERVING,PASS,continuous_reference,NUMERICAL_UNRESOLVED,,,,,,False,,,,202,37,0,36,1
202,4.382,3,0.445,62.7192566853709,3.937,PRESERVING,PASS,continuous_reference,NUMERICAL_UNRESOLVED,,,,,,False,,,,203,38,0,37,1
203,4.383,3,0.446,62.89177203093203,3.937,PRESERVING,PASS,continuous_reference,NUMERICAL_UNRESOLVED,,,,,,False,,,,204,39,0,38,1
204,4.384,3,0.447,63.06438770745129,3.937,PRESERVING,PASS,continuous_reference,NUMERICAL_UNRESOLVED,,,,,,False,,,,205,40,0,39,1
205,4.385,3,0.448,63.23710357353214,3.937,PRESERVING,PASS,continuous_reference,NUMERICAL_UNRESOLVED,,,,,,False,,,,206,41,0,40,1
206,4.386,3,0.449,63.409919488233896,3.937,PRESERVING,PASS,continuous_reference,NUMERICAL_UNRESOLVED,,,,,,False,,,,207,42,0,41,1
207,4.387,3,0.45,63.582835311068465,3.937,PRESERVING,PASS,continuous_reference,NUMERICAL_UNRESOLVED,,,,,,False,,,,208,43,0,42,1
208,4.388,3,0.451,63.75585090199845,3.937,PRESERVING,PASS,continuous_reference,NUMERICAL_UNRESOLVED,,,,,,False,,,,209,44,0,43,1
209,4.389,3,0.452,63.92896612143363,3.937,PRESERVING,PASS,continuous_reference,NUMERICAL_UNRESOLVED,,,,,,False,,,,210,45,0,44,1
210,4.39,3,0.453,64.10218083023004,3.937,PRESERVING,PASS,continuous_reference,NUMERICAL_UNRESOLVED,,,,,,False,,,,211,46,0,45,1
211,4.391,3,0.454,64.27549488968609,3.937,PRESERVING,PASS,continuous_reference,NUMERICAL_UNRESOLVED,,,,,,False,,,,212,47,0,46,1
212,4.392,3,0.455,64.44890816154124,3.937,PRESERVING,PASS,continuous_reference,NUMERICAL_UNRESOLVED,,,,,,False,,,,213,48,0,47,1
213,4.393,3,0.456,64.62242050797275,3.937,PRESERVING,PASS,continuous_reference,NUMERICAL_UNRESOLVED,,,,,,False,,,,214,49,0,48,1
214,4.394,3,0.457,64.79603179159405,3.937,PRESERVING,PASS,continuous_reference,NUMERICAL_UNRESOLVED,,,,,,False,,,,215,50,0,49,1
215,4.395,3,0.458,64.96974187545112,3.937,PRESERVING,PASS,continuous_reference,NUMERICAL_UNRESOLVED,,,,,,False,,,,216,51,0,50,1
216,4.396,3,0.459,65.14355062302187,3.937,PRESERVING,PASS,continuous_reference,NUMERICAL_UNRESOLVED,,,,,,False,,,,217,52,0,51,1
217,4.397,3,0.46,65.31745789821242,3.937,PRESERVING,PASS,continuous_reference,NUMERICAL_UNRESOLVED,,,,,,False,,,,218,53,0,52,1
218,4.398,3,0.461,65.49146356535569,3.937,PRESERVING,PASS,continuous_reference,NUMERICAL_UNRESOLVED,,,,,,False,,,,219,54,0,53,1
219,4.399,3,0.462,65.6655674892083,3.937,PRESERVING,PASS,continuous_reference,NUMERICAL_UNRESOLVED,,,,,,False,,,,220,55,0,54,1
220,4.4,3,0.463,65.83976953494917,3.937,PRESERVING,PASS,continuous_reference,NUMERICAL_UNRESOLVED,,,,,,False,,,,221,56,0,55,1
221,4.401,3,0.464,66.01406956817586,3.937,PRESERVING,PASS,continuous_reference,NUMERICAL_UNRESOLVED,,,,,,False,,,,222,57,0,56,1
222,4.402,3,0.465,66.18846745490411,3.937,PRESERVING,PASS,continuous_reference,NUMERICAL_UNRESOLVED,,,,,,False,,,,223,58,0,57,1
223,4.403,3,0.466,66.36296306156447,3.937,PRESERVING,PASS,continuous_reference,NUMERICAL_UNRESOLVED,,,,,,False,,,,224,59,0,58,1
224,4.404,3,0.467,66.53755625500033,3.937,PRESERVING,PASS,continuous_reference,NUMERICAL_UNRESOLVED,,,,,,False,,,,225,60,0,59,1
225,4.405,3,0.468,66.71224690246572,3.937,PRESERVING,PASS,continuous_reference,NUMERICAL_UNRESOLVED,,,,,,False,,,,226,61,0,60,1
226,4.406,3,0.469,66.8870348716235,3.937,PRESERVING,PASS,continuous_reference,NUMERICAL_UNRESOLVED,,,,,,False,,,,227,62,0,61,1
227,4.407,3,0.47,67.06192003054181,3.937,PRESERVING,PASS,continuous_reference,NUMERICAL_UNRESOLVED,,,,,,False,,,,228,63,0,62,1
228,4.408,3,0.471,67.2369022476942,3.937,PRESERVING,PASS,continuous_reference,NUMERICAL_UNRESOLVED,,,,,,False,,,,229,64,0,63,1
229,4.409,3,0.472,67.41198139195559,3.937,PRESERVING,PASS,continuous_reference,NUMERICAL_UNRESOLVED,,,,,,False,,,,230,65,0,64,1
230,4.41,3,0.473,67.58715733260098,3.937,PRESERVING,PASS,continuous_reference,NUMERICAL_UNRESOLVED,,,,,,False,,,,231,66,0,65,1
231,4.411,3,0.474,67.76242993930329,3.937,PRESERVING,PASS,continuous_reference,NUMERICAL_UNRESOLVED,,,,,,False,,,,232,67,0,66,1
232,4.412,3,0.475,67.93779908213101,3.937,PRESERVING,PASS,continuous_reference,NUMERICAL_UNRESOLVED,,,,,,False,,,,233,68,0,67,1
233,4.413,3,0.476,68.11326463154663,3.937,PRESERVING,PASS,continuous_reference,NUMERICAL_UNRESOLVED,,,,,,False,,,,234,69,0,68,1
234,4.414,3,0.477,68.28882645840352,3.937,PRESERVING,PASS,continuous_reference,NUMERICAL_UNRESOLVED,,,,,,False,,,,235,1,0,0,1
235,4.415,3,0.478,68.46448443394532,3.937,PRESERVING,PASS,continuous_reference,NUMERICAL_UNRESOLVED,,,,,,False,,,,236,2,0,1,1
236,4.416,3,0.479,68.64023842980316,3.937,PRESERVING,PASS,continuous_reference,NUMERICAL_UNRESOLVED,,,,,,False,,,,237,1,0,0,1
237,4.417,3,0.48,68.81608831799328,3.937,PRESERVING,PASS,continuous_reference,NUMERICAL_UNRESOLVED,,,,,,False,,,,238,2,0,1,1
238,4.418,3,0.481,68.99203397091617,3.937,PRESERVING,PASS,continuous_reference,NUMERICAL_UNRESOLVED,,,,,,False,,,,239,3,0,2,1
239,4.419,3,0.482,69.16807526135294,3.937,PRESERVING,PASS,continuous_reference,NUMERICAL_UNRESOLVED,,,,,,False,,,,240,4,0,3,1
240,4.42,3,0.483,69.34421206246495,3.937,PRESERVING,PASS,continuous_reference,NUMERICAL_UNRESOLVED,,,,,,False,,,,241,5,0,4,1
241,4.421,3,0.484,69.52044424779127,3.937,PRESERVING,PASS,continuous_reference,NUMERICAL_UNRESOLVED,,,,,,False,,,,242,6,0,5,1
242,4.422,3,0.485,69.69677169124638,3.937,PRESERVING,PASS,continuous_reference,NUMERICAL_UNRESOLVED,,,,,,False,,,,243,7,0,6,1
243,4.423,3,0.486,69.87319426711854,3.937,PRESERVING,PASS,continuous_reference,NUMERICAL_UNRESOLVED,,,,,,False,,,,244,8,0,7,1
244,4.424,3,0.487,70.04971185006823,3.937,PRESERVING,PASS,continuous_reference,NUMERICAL_UNRESOLVED,,,,,,False,,,,245,9,0,8,1
245,4.425,3,0.488,70.22632431512572,3.937,PRESERVING,PASS,continuous_reference,NUMERICAL_UNRESOLVED,,,,,,False,,,,245,10,0,9,1
246,4.426,3,0.489,70.40303153768883,3.937,PRESERVING,PASS,continuous_reference,NUMERICAL_UNRESOLVED,,,,,,False,,,,245,11,0,10,1
247,4.427,3,0.49,70.57983339352239,3.937,PRESERVING,PASS,continuous_reference,NUMERICAL_UNRESOLVED,,,,,,False,,,,245,12,0,11,1
248,4.428,3,0.491,70.75672975875528,3.937,PRESERVING,PASS,continuous_reference,NUMERICAL_UNRESOLVED,,,,,,False,,,,246,13,0,12,1
249,4.429,3,0.492,70.93372050987885,3.937,PRESERVING,PASS,continuous_reference,NUMERICAL_UNRESOLVED,,,,,,False,,,,246,14,0,13,1
250,4.43,3,0.493,71.11080552374565,3.937,PRESERVING,PASS,continuous_reference,NUMERICAL_UNRESOLVED,,,,,,False,,,,246,15,0,14,1
251,4.431,3,0.494,71.28798467756593,3.937,PRESERVING,PASS,continuous_reference,NUMERICAL_UNRESOLVED,,,,,,False,,,,247,16,0,15,1
252,4.432,3,0.495,71.46525784890817,3.937,PRESERVING,PASS,continuous_reference,NUMERICAL_UNRESOLVED,,,,,,False,,,,247,17,0,16,1
253,4.433,3,0.496,71.64262491569566,3.937,PRESERVING,PASS,continuous_reference,NUMERICAL_UNRESOLVED,,,,,,False,,,,247,18,0,17,1
254,4.434,3,0.497,71.82008575620523,3.937,PRESERVING,PASS,continuous_reference,NUMERICAL_UNRESOLVED,,,,,,False,,,,247,1,0,0,1
255,4.435,3,0.498,71.9976402490655,3.937,PRESERVING,PASS,continuous_reference,NUMERICAL_UNRESOLVED,,,,,,False,,,,248,2,0,1,1
256,4.436,3,0.499,72.17528827325498,3.937,PRESERVING,PASS,continuous_reference,NUMERICAL_UNRESOLVED,,,,,,False,,,,248,3,0,2,1
257,4.437,3,0.5,72.35302970810072,3.937,PRESERVING,PASS,continuous_reference,NUMERICAL_UNRESOLVED,,,,,,False,,,,248,4,0,3,1
258,4.438,3,0.501,72.53086443327551,3.937,PRESERVING,PASS,continuous_reference,NUMERICAL_UNRESOLVED,,,,,,False,,,,248,5,0,4,1
259,4.439,3,0.502,72.70879232879778,3.937,PRESERVING,PASS,continuous_reference,NUMERICAL_UNRESOLVED,,,,,,False,,,,249,6,0,5,1
260,4.44,3,0.503,72.88681327502869,3.937,PRESERVING,PASS,continuous_reference,NUMERICAL_UNRESOLVED,,,,,,False,,,,249,7,0,6,1
261,4.441,3,0.504,73.06492715267073,3.937,PRESERVING,PASS,continuous_reference,NUMERICAL_UNRESOLVED,,,,,,False,,,,249,8,0,7,1
262,4.442,3,0.505,73.24313384276653,3.937,PRESERVING,PASS,continuous_reference,NUMERICAL_UNRESOLVED,,,,,,False,,,,250,9,0,8,1
263,4.443,3,0.506,73.42143322669587,3.937,PRESERVING,PASS,continuous_reference,NUMERICAL_UNRESOLVED,,,,,,False,,,,250,10,0,9,1
264,4.444,3,0.507,73.59982518617569,3.937,PRESERVING,PASS,continuous_reference,NUMERICAL_UNRESOLVED,,,,,,False,,,,250,11,0,10,1
265,4.445,3,0.508,73.77830960325744,3.937,PRESERVING,PASS,continuous_reference,NUMERICAL_UNRESOLVED,,,,,,False,,,,250,12,0,11,1
266,4.446,3,0.509,73.95688636032565,3.937,PRESERVING,PASS,continuous_reference,NUMERICAL_UNRESOLVED,,,,,,False,,,,251,13,0,12,1
267,4.447,3,0.51,74.13555534009637,3.937,PRESERVING,PASS,continuous_reference,NUMERICAL_UNRESOLVED,,,,,,False,,,,251,14,0,13,1
268,4.448,3,0.511,74.31431642561535,3.937,PRESERVING,PASS,continuous_reference,NUMERICAL_UNRESOLVED,,,,,,False,,,,251,15,0,14,1
269,4.449,3,0.512,74.49316950025707,3.937,PRESERVING,PASS,continuous_reference,NUMERICAL_UNRESOLVED,,,,,,False,,,,252,16,0,15,1
270,4.45,3,0.513,74.67211444772173,3.937,PRESERVING,PASS,continuous_reference,NUMERICAL_UNRESOLVED,,,,,,False,,,,252,17,0,16,1
271,4.451,3,0.514,74.85115115203553,3.937,PRESERVING,PASS,continuous_reference,NUMERICAL_UNRESOLVED,,,,,,False,,,,252,18,0,17,1
272,4.452,3,0.515,75.03027949754768,3.937,PRESERVING,PASS,continuous_reference,NUMERICAL_UNRESOLVED,,,,,,False,,,,252,19,0,18,1
273,4.453,3,0.516,75.20949936892963,3.937,PRESERVING,PASS,continuous_reference,NUMERICAL_UNRESOLVED,,,,,,False,,,,253,20,0,19,1
274,4.454,3,0.517,75.38881065117336,3.937,PRESERVING,PASS,continuous_reference,NUMERICAL_UNRESOLVED,,,,,,False,,,,253,21,0,20,1
275,4.455,3,0.518,75.56821322958875,3.937,PRESERVING,PASS,continuous_reference,NUMERICAL_UNRESOLVED,,,,,,False,,,,253,22,0,21,1
276,4.456,3,0.519,75.74770698980423,3.937,PRESERVING,PASS,continuous_reference,NUMERICAL_UNRESOLVED,,,,,,False,,,,253,23,0,22,1
277,4.457,3,0.52,75.92729181776332,3.937,PRESERVING,PASS,continuous_reference,NUMERICAL_UNRESOLVED,,,,,,False,,,,254,24,0,23,1
278,4.458,3,0.521,76.10696759972423,3.937,PRESERVING,PASS,continuous_reference,NUMERICAL_UNRESOLVED,,,,,,False,,,,254,25,0,24,1
279,4.459,3,0.522,76.28673422225766,3.937,PRESERVING,PASS,continuous_reference,NUMERICAL_UNRESOLVED,,,,,,False,,,,254,26,0,25,1
280,4.46,3,0.523,76.4665915722459,3.937,PRESERVING,PASS,continuous_reference,NUMERICAL_UNRESOLVED,,,,,,False,,,,255,27,0,26,1
281,4.461,3,0.524,76.64653953688114,3.937,PRESERVING,PASS,continuous_reference,NUMERICAL_UNRESOLVED,,,,,,False,,,,255,28,0,27,1
282,4.462,3,0.525,76.8265780036633,3.937,PRESERVING,PASS,continuous_reference,NUMERICAL_UNRESOLVED,,,,,,False,,,,255,29,0,28,1
283,4.463,3,0.526,77.0067068604,3.937,PRESERVING,PASS,continuous_reference,NUMERICAL_UNRESOLVED,,,,,,False,,,,255,30,0,29,1
284,4.464,3,0.527,77.18692599520384,3.937,PRESERVING,PASS,continuous_reference,NUMERICAL_UNRESOLVED,,,,,,False,,,,256,31,0,30,1
285,4.465,3,0.528,77.36723529649178,3.937,PRESERVING,PASS,continuous_reference,NUMERICAL_UNRESOLVED,,,,,,False,,,,256,32,0,31,1
286,4.466,3,0.529,77.54763465298348,3.937,PRESERVING,PASS,continuous_reference,NUMERICAL_UNRESOLVED,,,,,,False,,,,256,33,0,32,1
287,4.467,3,0.53,77.72812395369895,3.937,PRESERVING,PASS,continuous_reference,NUMERICAL_UNRESOLVED,,,,,,False,,,,257,34,0,33,1
288,4.468,3,0.531,77.90870308795876,3.937,PRESERVING,PASS,continuous_reference,NUMERICAL_UNRESOLVED,,,,,,False,,,,257,35,0,34,1
289,4.469,3,0.532,78.0893719453818,3.937,PRESERVING,PASS,continuous_reference,NUMERICAL_UNRESOLVED,,,,,,False,,,,257,36,0,35,1
290,4.47,3,0.533,78.27013041588366,3.937,PRESERVING,PASS,continuous_reference,NUMERICAL_UNRESOLVED,,,,,,False,,,,257,37,0,36,1
291,4.471,3,0.534,78.45097838967553,3.937,PRESERVING,PASS,continuous_reference,NUMERICAL_UNRESOLVED,,,,,,False,,,,258,38,0,37,1
292,4.472,3,0.535,78.63191575726316,3.937,PRESERVING,PASS,continuous_reference,NUMERICAL_UNRESOLVED,,,,,,False,,,,258,39,0,38,1
293,4.473,3,0.536,78.81294240944503,3.937,PRESERVING,PASS,continuous_reference,NUMERICAL_UNRESOLVED,,,,,,False,,,,258,40,0,39,1
294,4.474,3,0.537,78.99405823731051,3.937,PRESERVING,PASS,continuous_reference,NUMERICAL_UNRESOLVED,,,,,,False,,,,259,41,0,40,1
295,4.475,3,0.538,79.17526313223993,3.937,PRESERVING,PASS,continuous_reference,NUMERICAL_UNRESOLVED,,,,,,False,,,,259,42,0,41,1
296,4.476,3,0.539,79.35655698590197,3.937,PRESERVING,PASS,continuous_reference,NUMERICAL_UNRESOLVED,,,,,,False,,,,259,43,0,42,1
297,4.477,3,0.54,79.53793969025295,3.937,PRESERVING,PASS,continuous_reference,NUMERICAL_UNRESOLVED,,,,,,False,,,,259,44,0,43,1
298,4.478,3,0.541,79.7194111375357,3.937,PRESERVING,PASS,continuous_reference,NUMERICAL_UNRESOLVED,,,,,,False,,,,260,45,0,44,1
299,4.479,3,0.542,79.90097122027703,3.937,PRESERVING,PASS,continuous_reference,NUMERICAL_UNRESOLVED,,,,,,False,,,,260,46,0,45,1
300,4.48,3,0.543,80.08261983128789,3.937,PRESERVING,PASS,continuous_reference,NUMERICAL_UNRESOLVED,,,,,,False,,,,260,47,0,46,1
301,4.481,3,0.544,80.26435686366148,3.937,PRESERVING,PASS,continuous_reference,NUMERICAL_UNRESOLVED,,,,,,False,,,,260,48,0,47,1
302,4.482,3,0.545,80.44618221077182,3.937,PRESERVING,PASS,continuous_reference,NUMERICAL_UNRESOLVED,,,,,,False,,,,261,49,0,48,1
303,4.483,3,0.546,80.62809576627257,3.937,PRESERVING,PASS,continuous_reference,NUMERICAL_UNRESOLVED,,,,,,False,,,,261,50,0,49,1
304,4.484,3,0.547,80.81009742409596,3.937,PRESERVING,PASS,continuous_reference,NUMERICAL_UNRESOLVED,,,,,,False,,,,261,51,0,50,1
305,4.485,3,0.548,80.99218707845156,3.937,PRESERVING,PASS,continuous_reference,NUMERICAL_UNRESOLVED,,,,,,False,,,,262,52,0,51,1
306,4.486,3,0.549,81.17436462382389,3.937,PRESERVING,PASS,continuous_reference,NUMERICAL_UNRESOLVED,,,,,,False,,,,262,53,0,52,1
307,4.487,3,0.55,81.35662995497309,3.937,PRESERVING,PASS,continuous_reference,NUMERICAL_UNRESOLVED,,,,,,False,,,,262,54,0,53,1
308,4.488,3,0.551,81.53898296693227,3.937,PRESERVING,PASS,continuous_reference,NUMERICAL_UNRESOLVED,,,,,,False,,,,262,55,0,54,1
309,4.489,3,0.552,81.72142355500691,3.937,PRESERVING,PASS,continuous_reference,NUMERICAL_UNRESOLVED,,,,,,False,,,,263,56,0,55,1
310,4.49,3,0.553,81.90395161477353,3.937,PRESERVING,PASS,continuous_reference,NUMERICAL_UNRESOLVED,,,,,,False,,,,263,57,0,56,1
311,4.491,3,0.554,82.08656704207768,3.937,PRESERVING,PASS,continuous_reference,NUMERICAL_UNRESOLVED,,,,,,False,,,,263,58,0,57,1
312,4.492,3,0.555,82.2692697330342,3.937,PRESERVING,PASS,continuous_reference,NUMERICAL_UNRESOLVED,,,,,,False,,,,264,59,0,58,1
313,4.493,3,0.556,82.4520595840249,3.937,PRESERVING,PASS,continuous_reference,NUMERICAL_UNRESOLVED,,,,,,False,,,,264,60,0,59,1
314,4.494,3,0.557,82.63493649169801,3.937,PRESERVING,PASS,continuous_reference,NUMERICAL_UNRESOLVED,,,,,,False,,,,264,61,0,60,1
315,4.495,3,0.558,82.81790035296616,3.937,PRESERVING,PASS,continuous_reference,NUMERICAL_UNRESOLVED,,,,,,False,,,,264,62,0,61,1
316,4.496,3,0.559,83.00095106500629,3.937,PRESERVING,PASS,continuous_reference,NUMERICAL_UNRESOLVED,,,,,,False,,,,265,63,0,62,1
317,4.497,3,0.56,83.18408852525788,3.937,PRESERVING,PASS,continuous_reference,NUMERICAL_UNRESOLVED,,,,,,False,,,,265,64,0,63,1
318,4.498,3,0.561,83.36731263142123,3.937,PRESERVING,PASS,continuous_reference,NUMERICAL_UNRESOLVED,,,,,,False,,,,265,65,0,64,1
319,4.499,3,0.562,83.55062328145755,3.937,PRESERVING,PASS,continuous_reference,NUMERICAL_UNRESOLVED,,,,,,False,,,,266,66,0,65,1
320,4.5,3,0.563,83.73402037358707,3.937,PRESERVING,PASS,continuous_reference,NUMERICAL_UNRESOLVED,,,,,,False,,,,266,67,0,66,1
321,4.501,3,0.564,83.91750380628774,3.937,PRESERVING,PASS,continuous_reference,NUMERICAL_UNRESOLVED,,,,,,False,,,,266,68,0,67,1
322,4.502,3,0.565,84.10107347829457,3.937,PRESERVING,PASS,continuous_reference,NUMERICAL_UNRESOLVED,,,,,,False,,,,266,69,0,68,1
323,4.503,3,0.566,84.28472928859861,3.937,PRESERVING,PASS,continuous_reference,NUMERICAL_UNRESOLVED,,,,,,False,,,,267,70,0,69,1
324,4.504,3,0.567,84.46847113644439,3.937,PRESERVING,PASS,continuous_reference,NUMERICAL_UNRESOLVED,,,,,,False,,,,267,71,0,70,1
325,4.505,3,0.568,84.65229892133114,3.937,PRESERVING,PASS,continuous_reference,NUMERICAL_UNRESOLVED,,,,,,False,,,,267,72,0,71,1
326,4.506,3,0.569,84.83621254300982,3.937,PRESERVING,PASS,continuous_reference,NUMERICAL_UNRESOLVED,,,,,,False,,,,267,73,0,72,1
327,4.507,3,0.57,85.02021190148295,3.937,PRESERVING,PASS,continuous_reference,NUMERICAL_UNRESOLVED,,,,,,False,,,,268,74,0,73,1
328,4.508,3,0.571,85.20429689700306,3.937,PRESERVING,PASS,continuous_reference,NUMERICAL_UNRESOLVED,,,,,,False,,,,268,75,0,74,1
329,4.509,3,0.572,85.38846743007178,3.937,PRESERVING,PASS,continuous_reference,NUMERICAL_UNRESOLVED,,,,,,False,,,,268,76,0,75,1
330,4.51,3,0.573,85.57272340143905,3.937,PRESERVING,PASS,continuous_reference,NUMERICAL_UNRESOLVED,,,,,,False,,,,269,77,0,76,1
331,4.511,3,0.574,85.75706471210107,3.937,PRESERVING,PASS,continuous_reference,NUMERICAL_UNRESOLVED,,,,,,False,,,,269,78,0,77,1
332,4.512,3,0.575,85.94149126330045,3.937,PRESERVING,PASS,continuous_reference,NUMERICAL_UNRESOLVED,,,,,,False,,,,269,79,0,78,1
333,4.513,3,0.576,86.12600295652462,3.937,PRESERVING,PASS,continuous_reference,NUMERICAL_UNRESOLVED,,,,,,False,,,,269,80,0,79,1
334,4.514,3,0.577,86.3105996935045,3.937,PRESERVING,PASS,continuous_reference,NUMERICAL_UNRESOLVED,,,,,,False,,,,270,81,0,80,1
335,4.515,3,0.578,86.49528137621428,3.937,PRESERVING,PASS,continuous_reference,NUMERICAL_UNRESOLVED,,,,,,False,,,,270,82,0,81,1
336,4.516,3,0.579,86.6800479068686,3.937,PRESERVING,PASS,continuous_reference,NUMERICAL_UNRESOLVED,,,,,,False,,,,270,83,0,82,1
337,4.517,3,0.58,86.86489918792391,3.937,PRESERVING,PASS,continuous_reference,NUMERICAL_UNRESOLVED,,,,,,False,,,,271,84,0,83,1
338,4.518,3,0.581,87.04983512207598,3.937,PRESERVING,PASS,continuous_reference,NUMERICAL_UNRESOLVED,,,,,,False,,,,271,85,0,84,1
339,4.519,3,0.582,87.23485561225888,3.937,PRESERVING,PASS,continuous_reference,NUMERICAL_UNRESOLVED,,,,,,False,,,,271,86,0,85,1
340,4.52,3,0.583,87.41996056164442,3.937,PRESERVING,PASS,continuous_reference,NUMERICAL_UNRESOLVED,,,,,,False,,,,271,87,0,86,1
341,4.521,3,0.584,87.60514987364093,3.937,PRESERVING,PASS,continuous_reference,NUMERICAL_UNRESOLVED,,,,,,False,,,,272,88,0,87,1
342,4.522,3,0.585,87.7904234518926,3.937,PRESERVING,PASS,continuous_reference,NUMERICAL_UNRESOLVED,,,,,,False,,,,272,89,0,88,1
343,4.523,3,0.586,87.97578120027724,3.937,PRESERVING,PASS,continuous_reference,NUMERICAL_UNRESOLVED,,,,,,False,,,,272,90,0,89,1
344,4.524,3,0.587,88.1612230229071,3.937,PRESERVING,PASS,continuous_reference,NUMERICAL_UNRESOLVED,,,,,,False,,,,273,91,0,90,1
345,4.525,3,0.588,88.34674882412682,3.937,PRESERVING,PASS,continuous_reference,NUMERICAL_UNRESOLVED,,,,,,False,,,,273,92,0,91,1
346,4.526,3,0.589,88.53235850851236,3.937,PRESERVING,PASS,continuous_reference,NUMERICAL_UNRESOLVED,,,,,,False,,,,273,93,0,92,1
347,4.527,3,0.59,88.71805198087083,3.937,PRESERVING,PASS,continuous_reference,NUMERICAL_UNRESOLVED,,,,,,False,,,,273,94,0,93,1
348,4.528,3,0.591,88.90382914623795,3.937,PRESERVING,PASS,continuous_reference,NUMERICAL_UNRESOLVED,,,,,,False,,,,274,95,0,94,1
349,4.529,3,0.592,89.08968990987908,3.937,PRESERVING,PASS,continuous_reference,NUMERICAL_UNRESOLVED,,,,,,False,,,,274,96,0,95,1
350,4.53,3,0.593,89.27563417728699,3.937,PRESERVING,PASS,continuous_reference,NUMERICAL_UNRESOLVED,,,,,,False,,,,274,97,0,96,1
351,4.531,3,0.594,89.4616618541812,3.937,PRESERVING,PASS,continuous_reference,NUMERICAL_UNRESOLVED,,,,,,False,,,,275,98,0,97,1
352,4.532,3,0.595,89.64777284650695,3.937,PRESERVING,PASS,continuous_reference,NUMERICAL_UNRESOLVED,,,,,,False,,,,275,99,0,98,1
353,4.533,3,0.596,89.8339670604345,3.937,PRESERVING,PASS,continuous_reference,NUMERICAL_UNRESOLVED,,,,,,False,,,,275,100,0,99,1
354,4.534,3,0.597,90.02024440235823,3.937,PRESERVING,PASS,continuous_reference,NUMERICAL_UNRESOLVED,,,,,,False,,,,275,101,0,100,1
355,4.535,3,0.598,90.20660477889476,3.937,PRESERVING,PASS,continuous_reference,NUMERICAL_UNRESOLVED,,,,,,False,,,,276,102,0,101,1
356,4.536,3,0.599,90.39304809688359,3.937,PRESERVING,PASS,continuous_reference,NUMERICAL_UNRESOLVED,,,,,,False,,,,276,103,0,102,1
357,4.537,3,0.6,90.57957426338518,3.937,PRESERVING,PASS,continuous_reference,NUMERICAL_UNRESOLVED,,,,,,False,,,,276,104,0,103,1
358,4.538,3,0.601,90.76618318568,3.937,PRESERVING,PASS,continuous_reference,NUMERICAL_UNRESOLVED,,,,,,False,,,,277,105,0,104,1
359,4.539,3,0.602,90.95287477126844,3.937,PRESERVING,PASS,continuous_reference,NUMERICAL_UNRESOLVED,,,,,,False,,,,277,106,0,105,1
360,4.54,3,0.603,91.13964892786835,3.937,PRESERVING,PASS,continuous_reference,NUMERICAL_UNRESOLVED,,,,,,False,,,,277,107,0,106,1
361,4.541,3,0.604,91.32650556341596,3.937,PRESERVING,PASS,continuous_reference,NUMERICAL_UNRESOLVED,,,,,,False,,,,277,1,0,0,1
362,4.542,3,0.605,91.51344458606376,3.937,PRESERVING,PASS,continuous_reference,NUMERICAL_UNRESOLVED,,,,,,False,,,,278,2,0,1,1
363,4.543,3,0.606,91.70046590418022,3.937,PRESERVING,PASS,continuous_reference,NUMERICAL_UNRESOLVED,,,,,,False,,,,278,3,0,2,1
364,4.544,3,0.607,91.88756942634846,3.937,PRESERVING,PASS,continuous_reference,NUMERICAL_UNRESOLVED,,,,,,False,,,,278,4,0,3,1
365,4.545,3,0.608,92.07475506136575,3.937,PRESERVING,PASS,continuous_reference,NUMERICAL_UNRESOLVED,,,,,,False,,,,279,5,0,4,1
366,4.546,3,0.609,92.26202271824266,3.937,PRESERVING,PASS,continuous_reference,NUMERICAL_UNRESOLVED,,,,,,False,,,,279,6,0,5,1
367,4.547,3,0.61,92.4493723062013,3.937,PRESERVING,PASS,continuous_reference,NUMERICAL_UNRESOLVED,,,,,,False,,,,279,7,0,6,1
368,4.548,3,0.611,92.63680373467587,3.937,PRESERVING,PASS,continuous_reference,NUMERICAL_UNRESOLVED,,,,,,False,,,,279,8,0,7,1
369,4.549,3,0.612,92.82431691331095,3.937,PRESERVING,PASS,continuous_reference,NUMERICAL_UNRESOLVED,,,,,,False,,,,280,9,0,8,1
370,4.55,3,0.613,93.01191175196062,3.937,PRESERVING,PASS,continuous_reference,NUMERICAL_UNRESOLVED,,,,,,False,,,,280,10,0,9,1
371,4.551,3,0.614,93.19958816068814,3.937,PRESERVING,PASS,continuous_reference,NUMERICAL_UNRESOLVED,,,,,,False,,,,280,11,0,10,1
372,4.552,3,0.615,93.38734604976409,3.937,PRESERVING,PASS,continuous_reference,NUMERICAL_UNRESOLVED,,,,,,False,,,,280,12,0,11,1
373,4.553,3,0.616,93.5751853296669,3.937,PRESERVING,PASS,continuous_reference,NUMERICAL_UNRESOLVED,,,,,,False,,,,281,13,0,12,1
374,4.554,3,0.617,93.76310591108093,3.937,PRESERVING,PASS,continuous_reference,NUMERICAL_UNRESOLVED,,,,,,False,,,,281,14,0,13,1
375,4.555,3,0.618,93.95110770489622,3.937,PRESERVING,PASS,continuous_reference,NUMERICAL_UNRESOLVED,,,,,,False,,,,281,15,0,14,1
376,4.556,3,0.619,94.1391906222073,3.937,PRESERVING,PASS,continuous_reference,NUMERICAL_UNRESOLVED,,,,,,False,,,,282,16,0,15,1
377,4.557,3,0.62,94.32735457431262,3.937,PRESERVING,PASS,continuous_reference,NUMERICAL_UNRESOLVED,,,,,,False,,,,282,17,0,16,1
378,4.558,3,0.621,94.51559947271397,3.937,PRESERVING,PASS,continuous_reference,NUMERICAL_UNRESOLVED,,,,,,False,,,,282,18,0,17,1
379,4.559,3,0.622,94.70392522911456,3.937,PRESERVING,PASS,continuous_reference,NUMERICAL_UNRESOLVED,,,,,,False,,,,282,19,0,18,1
380,4.56,3,0.623,94.8923317554196,3.937,PRESERVING,PASS,continuous_reference,NUMERICAL_UNRESOLVED,,,,,,False,,,,283,20,0,19,1
381,4.561,3,0.624,95.08081896373487,3.937,PRESERVING,PASS,continuous_reference,NUMERICAL_UNRESOLVED,,,,,,False,,,,283,21,0,20,1
382,4.562,3,0.625,95.26938676636584,3.937,PRESERVING,PASS,continuous_reference,NUMERICAL_UNRESOLVED,,,,,,False,,,,283,22,0,21,1
383,4.563,3,0.626,95.45803507581736,3.937,PRESERVING,PASS,continuous_reference,NUMERICAL_UNRESOLVED,,,,,,False,,,,284,23,0,22,1
384,4.564,3,0.627,95.6467638047916,3.937,PRESERVING,PASS,continuous_reference,NUMERICAL_UNRESOLVED,,,,,,False,,,,284,24,0,23,1
385,4.565,3,0.628,95.83557286618908,3.937,PRESERVING,PASS,continuous_reference,NUMERICAL_UNRESOLVED,,,,,,False,,,,284,25,0,24,1
386,4.566,3,0.629,96.02446217310656,3.937,PRESERVING,PASS,continuous_reference,NUMERICAL_UNRESOLVED,,,,,,False,,,,284,26,0,25,1
387,4.567,3,0.63,96.21343163883682,3.937,PRESERVING,PASS,continuous_reference,NUMERICAL_UNRESOLVED,,,,,,False,,,,285,27,0,26,1
388,4.568,3,0.631,96.4024811768677,3.937,PRESERVING,PASS,continuous_reference,NUMERICAL_UNRESOLVED,,,,,,False,,,,285,28,0,27,1
389,4.569,3,0.632,96.59161070088145,3.937,PRESERVING,PASS,continuous_reference,NUMERICAL_UNRESOLVED,,,,,,False,,,,285,29,0,28,1
390,4.57,3,0.633,96.780820124754,3.937,PRESERVING,PASS,continuous_reference,NUMERICAL_UNRESOLVED,,,,,,False,,,,286,30,0,29,1
391,4.571,3,0.634,96.97010936255371,3.937,PRESERVING,PASS,continuous_reference,NUMERICAL_UNRESOLVED,,,,,,False,,,,286,31,0,30,1
392,4.572,3,0.635,97.15947832854134,3.937,PRESERVING,PASS,continuous_reference,NUMERICAL_UNRESOLVED,,,,,,False,,,,286,32,0,31,1
393,4.573,3,0.636,97.34892693716898,3.937,PRESERVING,PASS,continuous_reference,NUMERICAL_UNRESOLVED,,,,,,False,,,,286,33,0,32,1
394,4.574,3,0.637,97.53845510307913,3.937,PRESERVING,PASS,continuous_reference,NUMERICAL_UNRESOLVED,,,,,,False,,,,287,34,0,33,1
395,4.575,3,0.638,97.7280627411045,3.937,PRESERVING,PASS,continuous_reference,NUMERICAL_UNRESOLVED,,,,,,False,,,,287,35,0,34,1
396,4.576,3,0.639,97.91774976626631,3.937,PRESERVING,PASS,continuous_reference,NUMERICAL_UNRESOLVED,,,,,,False,,,,287,36,0,35,1
397,4.577,3,0.64,98.10751609377455,3.937,PRESERVING,PASS,continuous_reference,NUMERICAL_UNRESOLVED,,,,,,False,,,,288,37,0,36,1
398,4.578,3,0.641,98.29736163902679,3.937,PRESERVING,PASS,continuous_reference,NUMERICAL_UNRESOLVED,,,,,,False,,,,288,38,0,37,1
399,4.579,3,0.642,98.48728631760744,3.937,PRESERVING,PASS,continuous_reference,NUMERICAL_UNRESOLVED,,,,,,False,,,,288,39,0,38,1
400,4.58,3,0.643,98.67729004528717,3.937,PRESERVING,PASS,continuous_reference,NUMERICAL_UNRESOLVED,,,,,,False,,,,288,40,0,39,1
401,4.581,3,0.644,98.86737273802214,3.937,PRESERVING,PASS,continuous_reference,NUMERICAL_UNRESOLVED,,,,,,False,,,,289,41,0,40,1
402,4.582,3,0.645,99.05753431195335,3.937,PRESERVING,PASS,continuous_reference,NUMERICAL_UNRESOLVED,,,,,,False,,,,289,42,0,41,1
403,4.583,3,0.646,99.24777468340528,3.937,PRESERVING,PASS,continuous_reference,NUMERICAL_UNRESOLVED,,,,,,False,,,,289,43,0,42,1
404,4.584,3,0.647,99.43809376888645,3.937,PRESERVING,PASS,continuous_reference,NUMERICAL_UNRESOLVED,,,,,,False,,,,290,44,0,43,1
405,4.585,3,0.648,99.62849148508762,3.937,PRESERVING,PASS,continuous_reference,NUMERICAL_UNRESOLVED,,,,,,False,,,,290,45,0,44,1
406,4.586,3,0.649,99.81896774888176,3.937,PRESERVING,PASS,continuous_reference,NUMERICAL_UNRESOLVED,,,,,,False,,,,290,46,0,45,1
