subset_position,source_state_index_0based,state_mm,policy,run_kind,measured_repetition,elapsed_ns,elapsed_ms,continuous_solve_calls,decision_status,selected_action_mm
0,0,4.18,RPRA,WARMUP,0,248400,0.2484,0,PASS,0.36
0,0,4.18,RPRA,MEASURED,1,170200,0.1702,0,PASS,0.36
0,0,4.18,RPRA,MEASURED,2,159100,0.1591,0,PASS,0.36
0,0,4.18,RPRA,MEASURED,3,160300,0.1603,0,PASS,0.36
0,0,4.18,RPRA,MEASURED,4,152700,0.1527,0,PASS,0.36
0,0,4.18,RPRA,MEASURED,5,151400,0.1514,0,PASS,0.36
0,0,4.18,ONLINE-REOPT,WARMUP,0,29072500,29.0725,1,PASS,0.36
0,0,4.18,ONLINE-REOPT,MEASURED,1,28463900,28.4639,1,PASS,0.36
0,0,4.18,ONLINE-REOPT,MEASURED,2,28710600,28.7106,1,PASS,0.36
0,0,4.18,ONLINE-REOPT,MEASURED,3,28506000,28.506,1,PASS,0.36
0,0,4.18,ONLINE-REOPT,MEASURED,4,29263400,29.2634,1,PASS,0.36
0,0,4.18,ONLINE-REOPT,MEASURED,5,28551000,28.551,1,PASS,0.36
1,10,4.19,RPRA,WARMUP,0,196700,0.1967,0,PASS,0.36
1,10,4.19,RPRA,MEASURED,1,166600,0.1666,0,PASS,0.36
1,10,4.19,RPRA,MEASURED,2,160800,0.1608,0,PASS,0.36
1,10,4.19,RPRA,MEASURED,3,171000,0.171,0,PASS,0.36
1,10,4.19,RPRA,MEASURED,4,158400,0.1584,0,PASS,0.36
1,10,4.19,RPRA,MEASURED,5,158900,0.1589,0,PASS,0.36
1,10,4.19,ONLINE-REOPT,WARMUP,0,50096700,50.0967,1,PASS,0.36
1,10,4.19,ONLINE-REOPT,MEASURED,1,50515300,50.5153,1,PASS,0.36
1,10,4.19,ONLINE-REOPT,MEASURED,2,50685700,50.6857,1,PASS,0.36
1,10,4.19,ONLINE-REOPT,MEASURED,3,50451800,50.4518,1,PASS,0.36
1,10,4.19,ONLINE-REOPT,MEASURED,4,49941200,49.9412,1,PASS,0.36
1,10,4.19,ONLINE-REOPT,MEASURED,5,49796000,49.796,1,PASS,0.36
2,20,4.2,RPRA,WARMUP,0,201600,0.2016,0,PASS,0.36
2,20,4.2,RPRA,MEASURED,1,192600,0.1926,0,PASS,0.36
2,20,4.2,RPRA,MEASURED,2,179100,0.1791,0,PASS,0.36
2,20,4.2,RPRA,MEASURED,3,154600,0.1546,0,PASS,0.36
2,20,4.2,RPRA,MEASURED,4,155900,0.1559,0,PASS,0.36
2,20,4.2,RPRA,MEASURED,5,162700,0.1627,0,PASS,0.36
2,20,4.2,ONLINE-REOPT,WARMUP,0,38533600,38.5336,1,PASS,0.36
2,20,4.2,ONLINE-REOPT,MEASURED,1,38353800,38.3538,1,PASS,0.36
2,20,4.2,ONLINE-REOPT,MEASURED,2,39778600,39.7786,1,PASS,0.36
2,20,4.2,ONLINE-REOPT,MEASURED,3,39181000,39.181,1,PASS,0.36
2,20,4.2,ONLINE-REOPT,MEASURED,4,38329800,38.3298,1,PASS,0.36
2,20,4.2,ONLINE-REOPT,MEASURED,5,38586900,38.5869,1,PASS,0.36
3,30,4.21,RPRA,WARMUP,0,206300,0.2063,0,PASS,0.36
3,30,4.21,RPRA,MEASURED,1,167200,0.1672,0,PASS,0.36
3,30,4.21,RPRA,MEASURED,2,162800,0.1628,0,PASS,0.36
3,30,4.21,RPRA,MEASURED,3,158600,0.1586,0,PASS,0.36
3,30,4.21,RPRA,MEASURED,4,162800,0.1628,0,PASS,0.36
3,30,4.21,RPRA,MEASURED,5,156900,0.1569,0,PASS,0.36
3,30,4.21,ONLINE-REOPT,WARMUP,0,116943500,116.9435,1,PASS,0.36
3,30,4.21,ONLINE-REOPT,MEASURED,1,116952500,116.9525,1,PASS,0.36
3,30,4.21,ONLINE-REOPT,MEASURED,2,115783900,115.7839,1,PASS,0.36
3,30,4.21,ONLINE-REOPT,MEASURED,3,117183400,117.1834,1,PASS,0.36
3,30,4.21,ONLINE-REOPT,MEASURED,4,117202700,117.2027,1,PASS,0.36
3,30,4.21,ONLINE-REOPT,MEASURED,5,117323200,117.3232,1,PASS,0.36
4,41,4.221,RPRA,WARMUP,0,209900,0.2099,0,PASS,0.36
4,41,4.221,RPRA,MEASURED,1,168200,0.1682,0,PASS,0.36
4,41,4.221,RPRA,MEASURED,2,161300,0.1613,0,PASS,0.36
4,41,4.221,RPRA,MEASURED,3,165000,0.165,0,PASS,0.36
4,41,4.221,RPRA,MEASURED,4,160700,0.1607,0,PASS,0.36
4,41,4.221,RPRA,MEASURED,5,158500,0.1585,0,PASS,0.36
4,41,4.221,ONLINE-REOPT,WARMUP,0,101356000,101.356,1,PASS,0.36
4,41,4.221,ONLINE-REOPT,MEASURED,1,102045400,102.0454,1,PASS,0.36
4,41,4.221,ONLINE-REOPT,MEASURED,2,102928600,102.9286,1,PASS,0.36
4,41,4.221,ONLINE-REOPT,MEASURED,3,102249200,102.2492,1,PASS,0.36
4,41,4.221,ONLINE-REOPT,MEASURED,4,102465400,102.4654,1,PASS,0.36
4,41,4.221,ONLINE-REOPT,MEASURED,5,103583000,103.583,1,PASS,0.36
5,51,4.231,RPRA,WARMUP,0,222400,0.2224,0,PASS,0.36
5,51,4.231,RPRA,MEASURED,1,175600,0.1756,0,PASS,0.36
5,51,4.231,RPRA,MEASURED,2,170000,0.17,0,PASS,0.36
5,51,4.231,RPRA,MEASURED,3,243500,0.2435,0,PASS,0.36
5,51,4.231,RPRA,MEASURED,4,161100,0.1611,0,PASS,0.36
5,51,4.231,RPRA,MEASURED,5,155600,0.1556,0,PASS,0.36
5,51,4.231,ONLINE-REOPT,WARMUP,0,76896500,76.8965,1,NUMERICAL_UNRESOLVED,
5,51,4.231,ONLINE-REOPT,MEASURED,1,77713300,77.7133,1,NUMERICAL_UNRESOLVED,
5,51,4.231,ONLINE-REOPT,MEASURED,2,78160000,78.16,1,NUMERICAL_UNRESOLVED,
5,51,4.231,ONLINE-REOPT,MEASURED,3,77661300,77.6613,1,NUMERICAL_UNRESOLVED,
5,51,4.231,ONLINE-REOPT,MEASURED,4,77190300,77.1903,1,NUMERICAL_UNRESOLVED,
5,51,4.231,ONLINE-REOPT,MEASURED,5,77464900,77.4649,1,NUMERICAL_UNRESOLVED,
6,61,4.241,RPRA,WARMUP,0,207600,0.2076,0,PASS,0.36
6,61,4.241,RPRA,MEASURED,1,169600,0.1696,0,PASS,0.36
6,61,4.241,RPRA,MEASURED,2,176400,0.1764,0,PASS,0.36
6,61,4.241,RPRA,MEASURED,3,161200,0.1612,0,PASS,0.36
6,61,4.241,RPRA,MEASURED,4,157100,0.1571,0,PASS,0.36
6,61,4.241,RPRA,MEASURED,5,174500,0.1745,0,PASS,0.36
6,61,4.241,ONLINE-REOPT,WARMUP,0,76576900,76.5769,1,PASS,0.36
6,61,4.241,ONLINE-REOPT,MEASURED,1,76474000,76.474,1,PASS,0.36
6,61,4.241,ONLINE-REOPT,MEASURED,2,75863300,75.8633,1,PASS,0.36
6,61,4.241,ONLINE-REOPT,MEASURED,3,77108200,77.1082,1,PASS,0.36
6,61,4.241,ONLINE-REOPT,MEASURED,4,76509300,76.5093,1,PASS,0.36
6,61,4.241,ONLINE-REOPT,MEASURED,5,78867400,78.8674,1,PASS,0.36
7,71,4.251,RPRA,WARMUP,0,210100,0.2101,0,PASS,0.36
7,71,4.251,RPRA,MEASURED,1,173100,0.1731,0,PASS,0.36
7,71,4.251,RPRA,MEASURED,2,172100,0.1721,0,PASS,0.36
7,71,4.251,RPRA,MEASURED,3,164000,0.164,0,PASS,0.36
7,71,4.251,RPRA,MEASURED,4,158000,0.158,0,PASS,0.36
7,71,4.251,RPRA,MEASURED,5,155700,0.1557,0,PASS,0.36
7,71,4.251,ONLINE-REOPT,WARMUP,0,76211400,76.2114,1,NUMERICAL_UNRESOLVED,
7,71,4.251,ONLINE-REOPT,MEASURED,1,76133600,76.1336,1,NUMERICAL_UNRESOLVED,
7,71,4.251,ONLINE-REOPT,MEASURED,2,76738000,76.738,1,NUMERICAL_UNRESOLVED,
7,71,4.251,ONLINE-REOPT,MEASURED,3,75391700,75.3917,1,NUMERICAL_UNRESOLVED,
7,71,4.251,ONLINE-REOPT,MEASURED,4,75996300,75.9963,1,NUMERICAL_UNRESOLVED,
7,71,4.251,ONLINE-REOPT,MEASURED,5,76187700,76.1877,1,NUMERICAL_UNRESOLVED,
8,81,4.261,RPRA,WARMUP,0,208500,0.2085,0,PASS,0.36
8,81,4.261,RPRA,MEASURED,1,173600,0.1736,0,PASS,0.36
8,81,4.261,RPRA,MEASURED,2,162300,0.1623,0,PASS,0.36
8,81,4.261,RPRA,MEASURED,3,169900,0.1699,0,PASS,0.36
8,81,4.261,RPRA,MEASURED,4,177900,0.1779,0,PASS,0.36
8,81,4.261,RPRA,MEASURED,5,156000,0.156,0,PASS,0.36
8,81,4.261,ONLINE-REOPT,WARMUP,0,62137000,62.137,1,PASS,0.36
8,81,4.261,ONLINE-REOPT,MEASURED,1,61766400,61.7664,1,PASS,0.36
8,81,4.261,ONLINE-REOPT,MEASURED,2,62322800,62.3228,1,PASS,0.36
8,81,4.261,ONLINE-REOPT,MEASURED,3,61975400,61.9754,1,PASS,0.36
8,81,4.261,ONLINE-REOPT,MEASURED,4,61755000,61.755,1,PASS,0.36
8,81,4.261,ONLINE-REOPT,MEASURED,5,61913700,61.9137,1,PASS,0.36
9,91,4.271,RPRA,WARMUP,0,211900,0.2119,0,PASS,0.36
9,91,4.271,RPRA,MEASURED,1,170400,0.1704,0,PASS,0.36
9,91,4.271,RPRA,MEASURED,2,159500,0.1595,0,PASS,0.36
9,91,4.271,RPRA,MEASURED,3,154800,0.1548,0,PASS,0.36
9,91,4.271,RPRA,MEASURED,4,174300,0.1743,0,PASS,0.36
9,91,4.271,RPRA,MEASURED,5,198800,0.1988,0,PASS,0.36
9,91,4.271,ONLINE-REOPT,WARMUP,0,79480900,79.4809,1,PASS,0.36
9,91,4.271,ONLINE-REOPT,MEASURED,1,80561800,80.5618,1,PASS,0.36
9,91,4.271,ONLINE-REOPT,MEASURED,2,79599600,79.5996,1,PASS,0.36
9,91,4.271,ONLINE-REOPT,MEASURED,3,79277400,79.2774,1,PASS,0.36
9,91,4.271,ONLINE-REOPT,MEASURED,4,79297400,79.2974,1,PASS,0.36
9,91,4.271,ONLINE-REOPT,MEASURED,5,79249300,79.2493,1,PASS,0.36
10,102,4.282,RPRA,WARMUP,0,212900,0.2129,0,PASS,0.36
10,102,4.282,RPRA,MEASURED,1,186900,0.1869,0,PASS,0.36
10,102,4.282,RPRA,MEASURED,2,169000,0.169,0,PASS,0.36
10,102,4.282,RPRA,MEASURED,3,171900,0.1719,0,PASS,0.36
10,102,4.282,RPRA,MEASURED,4,177700,0.1777,0,PASS,0.36
10,102,4.282,RPRA,MEASURED,5,172300,0.1723,0,PASS,0.36
10,102,4.282,ONLINE-REOPT,WARMUP,0,94801600,94.8016,1,PASS,0.36
10,102,4.282,ONLINE-REOPT,MEASURED,1,93953400,93.9534,1,PASS,0.36
10,102,4.282,ONLINE-REOPT,MEASURED,2,92888000,92.888,1,PASS,0.36
10,102,4.282,ONLINE-REOPT,MEASURED,3,94741300,94.7413,1,PASS,0.36
10,102,4.282,ONLINE-REOPT,MEASURED,4,94335900,94.3359,1,PASS,0.36
10,102,4.282,ONLINE-REOPT,MEASURED,5,94778500,94.7785,1,PASS,0.36
11,112,4.292,RPRA,WARMUP,0,210000,0.21,0,PASS,0.36
11,112,4.292,RPRA,MEASURED,1,169300,0.1693,0,PASS,0.36
11,112,4.292,RPRA,MEASURED,2,164300,0.1643,0,PASS,0.36
11,112,4.292,RPRA,MEASURED,3,161200,0.1612,0,PASS,0.36
11,112,4.292,RPRA,MEASURED,4,165800,0.1658,0,PASS,0.36
11,112,4.292,RPRA,MEASURED,5,159000,0.159,0,PASS,0.36
11,112,4.292,ONLINE-REOPT,WARMUP,0,93756400,93.7564,1,PASS,0.36
11,112,4.292,ONLINE-REOPT,MEASURED,1,93458200,93.4582,1,PASS,0.36
11,112,4.292,ONLINE-REOPT,MEASURED,2,93603700,93.6037,1,PASS,0.36
11,112,4.292,ONLINE-REOPT,MEASURED,3,93548700,93.5487,1,PASS,0.36
11,112,4.292,ONLINE-REOPT,MEASURED,4,93362800,93.3628,1,PASS,0.36
11,112,4.292,ONLINE-REOPT,MEASURED,5,94264500,94.2645,1,PASS,0.36
12,122,4.302,RPRA,WARMUP,0,209000,0.209,0,PASS,0.365
12,122,4.302,RPRA,MEASURED,1,175500,0.1755,0,PASS,0.365
12,122,4.302,RPRA,MEASURED,2,163200,0.1632,0,PASS,0.365
12,122,4.302,RPRA,MEASURED,3,160800,0.1608,0,PASS,0.365
12,122,4.302,RPRA,MEASURED,4,163700,0.1637,0,PASS,0.365
12,122,4.302,RPRA,MEASURED,5,168500,0.1685,0,PASS,0.365
12,122,4.302,ONLINE-REOPT,WARMUP,0,417906000,417.906,6,PASS,0.365
12,122,4.302,ONLINE-REOPT,MEASURED,1,423292700,423.2927,6,PASS,0.365
12,122,4.302,ONLINE-REOPT,MEASURED,2,420427700,420.4277,6,PASS,0.365
12,122,4.302,ONLINE-REOPT,MEASURED,3,433405400,433.4054,6,PASS,0.365
12,122,4.302,ONLINE-REOPT,MEASURED,4,434389600,434.3896,6,PASS,0.365
12,122,4.302,ONLINE-REOPT,MEASURED,5,439070800,439.0708,6,PASS,0.365
13,132,4.312,RPRA,WARMUP,0,216600,0.2166,0,PASS,0.375
13,132,4.312,RPRA,MEASURED,1,190000,0.19,0,PASS,0.375
13,132,4.312,RPRA,MEASURED,2,170000,0.17,0,PASS,0.375
13,132,4.312,RPRA,MEASURED,3,164500,0.1645,0,PASS,0.375
13,132,4.312,RPRA,MEASURED,4,184800,0.1848,0,PASS,0.375
13,132,4.312,RPRA,MEASURED,5,173400,0.1734,0,PASS,0.375
13,132,4.312,ONLINE-REOPT,WARMUP,0,1271557100,1271.5571,16,PASS,0.375
13,132,4.312,ONLINE-REOPT,MEASURED,1,1283620200,1283.6202,16,PASS,0.375
13,132,4.312,ONLINE-REOPT,MEASURED,2,1281114100,1281.1141,16,PASS,0.375
13,132,4.312,ONLINE-REOPT,MEASURED,3,1306484100,1306.4841,16,PASS,0.375
13,132,4.312,ONLINE-REOPT,MEASURED,4,1264243000,1264.243,16,PASS,0.375
13,132,4.312,ONLINE-REOPT,MEASURED,5,1288111900,1288.1119,16,PASS,0.375
14,142,4.322,RPRA,WARMUP,0,230200,0.2302,0,PASS,0.385
14,142,4.322,RPRA,MEASURED,1,176900,0.1769,0,PASS,0.385
14,142,4.322,RPRA,MEASURED,2,169000,0.169,0,PASS,0.385
14,142,4.322,RPRA,MEASURED,3,164500,0.1645,0,PASS,0.385
14,142,4.322,RPRA,MEASURED,4,162700,0.1627,0,PASS,0.385
14,142,4.322,RPRA,MEASURED,5,221400,0.2214,0,PASS,0.385
14,142,4.322,ONLINE-REOPT,WARMUP,0,2077260100,2077.2601,26,PASS,0.385
14,142,4.322,ONLINE-REOPT,MEASURED,1,2057016700,2057.0167,26,PASS,0.385
14,142,4.322,ONLINE-REOPT,MEASURED,2,2053377200,2053.3772,26,PASS,0.385
14,142,4.322,ONLINE-REOPT,MEASURED,3,2053472200,2053.4722,26,PASS,0.385
14,142,4.322,ONLINE-REOPT,MEASURED,4,2053509500,2053.5095,26,PASS,0.385
14,142,4.322,ONLINE-REOPT,MEASURED,5,2049312500,2049.3125,26,PASS,0.385
15,152,4.332,RPRA,WARMUP,0,228600,0.2286,0,PASS,0.395
15,152,4.332,RPRA,MEASURED,1,182000,0.182,0,PASS,0.395
15,152,4.332,RPRA,MEASURED,2,181300,0.1813,0,PASS,0.395
15,152,4.332,RPRA,MEASURED,3,166800,0.1668,0,PASS,0.395
15,152,4.332,RPRA,MEASURED,4,167200,0.1672,0,PASS,0.395
15,152,4.332,RPRA,MEASURED,5,162400,0.1624,0,PASS,0.395
15,152,4.332,ONLINE-REOPT,WARMUP,0,2842932800,2842.9328,36,PASS,0.395
15,152,4.332,ONLINE-REOPT,MEASURED,1,2844012100,2844.0121,36,PASS,0.395
15,152,4.332,ONLINE-REOPT,MEASURED,2,2846807400,2846.8074,36,PASS,0.395
15,152,4.332,ONLINE-REOPT,MEASURED,3,2842760300,2842.7603,36,PASS,0.395
15,152,4.332,ONLINE-REOPT,MEASURED,4,2864057900,2864.0579,36,PASS,0.395
15,152,4.332,ONLINE-REOPT,MEASURED,5,2853272900,2853.2729,36,PASS,0.395
16,162,4.342,RPRA,WARMUP,0,214900,0.2149,0,PASS,0.405
16,162,4.342,RPRA,MEASURED,1,188200,0.1882,0,PASS,0.405
16,162,4.342,RPRA,MEASURED,2,169600,0.1696,0,PASS,0.405
16,162,4.342,RPRA,MEASURED,3,166500,0.1665,0,PASS,0.405
16,162,4.342,RPRA,MEASURED,4,165600,0.1656,0,PASS,0.405
16,162,4.342,RPRA,MEASURED,5,163700,0.1637,0,PASS,0.405
16,162,4.342,ONLINE-REOPT,WARMUP,0,3549603800,3549.6038,46,PASS,0.405
16,162,4.342,ONLINE-REOPT,MEASURED,1,3540528000,3540.528,46,PASS,0.405
16,162,4.342,ONLINE-REOPT,MEASURED,2,3548088500,3548.0885,46,PASS,0.405
16,162,4.342,ONLINE-REOPT,MEASURED,3,3547236100,3547.2361,46,PASS,0.405
16,162,4.342,ONLINE-REOPT,MEASURED,4,3545879900,3545.8799,46,PASS,0.405
16,162,4.342,ONLINE-REOPT,MEASURED,5,3545832800,3545.8328,46,PASS,0.405
17,173,4.353,RPRA,WARMUP,0,231600,0.2316,0,PASS,0.416
17,173,4.353,RPRA,MEASURED,1,179200,0.1792,0,PASS,0.416
17,173,4.353,RPRA,MEASURED,2,170100,0.1701,0,PASS,0.416
17,173,4.353,RPRA,MEASURED,3,168200,0.1682,0,PASS,0.416
17,173,4.353,RPRA,MEASURED,4,169600,0.1696,0,PASS,0.416
17,173,4.353,RPRA,MEASURED,5,167400,0.1674,0,PASS,0.416
17,173,4.353,ONLINE-REOPT,WARMUP,0,755129500,755.1295,9,NUMERICAL_UNRESOLVED,
17,173,4.353,ONLINE-REOPT,MEASURED,1,755084000,755.084,9,NUMERICAL_UNRESOLVED,
17,173,4.353,ONLINE-REOPT,MEASURED,2,753234300,753.2343,9,NUMERICAL_UNRESOLVED,
17,173,4.353,ONLINE-REOPT,MEASURED,3,752795500,752.7955,9,NUMERICAL_UNRESOLVED,
17,173,4.353,ONLINE-REOPT,MEASURED,4,751641500,751.6415,9,NUMERICAL_UNRESOLVED,
17,173,4.353,ONLINE-REOPT,MEASURED,5,751351600,751.3516,9,NUMERICAL_UNRESOLVED,
18,183,4.363,RPRA,WARMUP,0,222900,0.2229,0,PASS,0.426
18,183,4.363,RPRA,MEASURED,1,179200,0.1792,0,PASS,0.426
18,183,4.363,RPRA,MEASURED,2,172000,0.172,0,PASS,0.426
18,183,4.363,RPRA,MEASURED,3,167400,0.1674,0,PASS,0.426
18,183,4.363,RPRA,MEASURED,4,166000,0.166,0,PASS,0.426
18,183,4.363,RPRA,MEASURED,5,171400,0.1714,0,PASS,0.426
18,183,4.363,ONLINE-REOPT,WARMUP,0,1518437600,1518.4376,19,NUMERICAL_UNRESOLVED,
18,183,4.363,ONLINE-REOPT,MEASURED,1,1514999500,1514.9995,19,NUMERICAL_UNRESOLVED,
18,183,4.363,ONLINE-REOPT,MEASURED,2,1520234200,1520.2342,19,NUMERICAL_UNRESOLVED,
18,183,4.363,ONLINE-REOPT,MEASURED,3,1519818400,1519.8184,19,NUMERICAL_UNRESOLVED,
18,183,4.363,ONLINE-REOPT,MEASURED,4,1530764100,1530.7641,19,NUMERICAL_UNRESOLVED,
18,183,4.363,ONLINE-REOPT,MEASURED,5,1523051200,1523.0512,19,NUMERICAL_UNRESOLVED,
19,193,4.373,RPRA,WARMUP,0,237000,0.237,0,PASS,0.436
19,193,4.373,RPRA,MEASURED,1,182000,0.182,0,PASS,0.436
19,193,4.373,RPRA,MEASURED,2,173800,0.1738,0,PASS,0.436
19,193,4.373,RPRA,MEASURED,3,175000,0.175,0,PASS,0.436
19,193,4.373,RPRA,MEASURED,4,168500,0.1685,0,PASS,0.436
19,193,4.373,RPRA,MEASURED,5,167800,0.1678,0,PASS,0.436
19,193,4.373,ONLINE-REOPT,WARMUP,0,2385708200,2385.7082,29,NUMERICAL_UNRESOLVED,
19,193,4.373,ONLINE-REOPT,MEASURED,1,2382192300,2382.1923,29,NUMERICAL_UNRESOLVED,
19,193,4.373,ONLINE-REOPT,MEASURED,2,2382913500,2382.9135,29,NUMERICAL_UNRESOLVED,
19,193,4.373,ONLINE-REOPT,MEASURED,3,2399041000,2399.041,29,NUMERICAL_UNRESOLVED,
19,193,4.373,ONLINE-REOPT,MEASURED,4,2383796900,2383.7969,29,NUMERICAL_UNRESOLVED,
19,193,4.373,ONLINE-REOPT,MEASURED,5,2453736100,2453.7361,29,NUMERICAL_UNRESOLVED,
20,203,4.383,RPRA,WARMUP,0,223500,0.2235,0,PASS,0.446
20,203,4.383,RPRA,MEASURED,1,205900,0.2059,0,PASS,0.446
20,203,4.383,RPRA,MEASURED,2,174000,0.174,0,PASS,0.446
20,203,4.383,RPRA,MEASURED,3,175300,0.1753,0,PASS,0.446
20,203,4.383,RPRA,MEASURED,4,172100,0.1721,0,PASS,0.446
20,203,4.383,RPRA,MEASURED,5,174300,0.1743,0,PASS,0.446
20,203,4.383,ONLINE-REOPT,WARMUP,0,3222423100,3222.4231,39,NUMERICAL_UNRESOLVED,
20,203,4.383,ONLINE-REOPT,MEASURED,1,3220611100,3220.6111,39,NUMERICAL_UNRESOLVED,
20,203,4.383,ONLINE-REOPT,MEASURED,2,3237049700,3237.0497,39,NUMERICAL_UNRESOLVED,
20,203,4.383,ONLINE-REOPT,MEASURED,3,3221199800,3221.1998,39,NUMERICAL_UNRESOLVED,
20,203,4.383,ONLINE-REOPT,MEASURED,4,3264532700,3264.5327,39,NUMERICAL_UNRESOLVED,
20,203,4.383,ONLINE-REOPT,MEASURED,5,3223860600,3223.8606,39,NUMERICAL_UNRESOLVED,
21,213,4.393,RPRA,WARMUP,0,218000,0.218,0,PASS,0.456
21,213,4.393,RPRA,MEASURED,1,176300,0.1763,0,PASS,0.456
21,213,4.393,RPRA,MEASURED,2,171000,0.171,0,PASS,0.456
21,213,4.393,RPRA,MEASURED,3,168100,0.1681,0,PASS,0.456
21,213,4.393,RPRA,MEASURED,4,170600,0.1706,0,PASS,0.456
21,213,4.393,RPRA,MEASURED,5,164400,0.1644,0,PASS,0.456
21,213,4.393,ONLINE-REOPT,WARMUP,0,3976068400,3976.0684,49,NUMERICAL_UNRESOLVED,
21,213,4.393,ONLINE-REOPT,MEASURED,1,4003303300,4003.3033,49,NUMERICAL_UNRESOLVED,
21,213,4.393,ONLINE-REOPT,MEASURED,2,3964302600,3964.3026,49,NUMERICAL_UNRESOLVED,
21,213,4.393,ONLINE-REOPT,MEASURED,3,3956489000,3956.489,49,NUMERICAL_UNRESOLVED,
21,213,4.393,ONLINE-REOPT,MEASURED,4,3962272200,3962.2722,49,NUMERICAL_UNRESOLVED,
21,213,4.393,ONLINE-REOPT,MEASURED,5,3960829800,3960.8298,49,NUMERICAL_UNRESOLVED,
22,223,4.403,RPRA,WARMUP,0,223000,0.223,0,PASS,0.466
22,223,4.403,RPRA,MEASURED,1,186800,0.1868,0,PASS,0.466
22,223,4.403,RPRA,MEASURED,2,174200,0.1742,0,PASS,0.466
22,223,4.403,RPRA,MEASURED,3,168800,0.1688,0,PASS,0.466
22,223,4.403,RPRA,MEASURED,4,170900,0.1709,0,PASS,0.466
22,223,4.403,RPRA,MEASURED,5,170100,0.1701,0,PASS,0.466
22,223,4.403,ONLINE-REOPT,WARMUP,0,4853237500,4853.2375,59,NUMERICAL_UNRESOLVED,
22,223,4.403,ONLINE-REOPT,MEASURED,1,4843251200,4843.2512,59,NUMERICAL_UNRESOLVED,
22,223,4.403,ONLINE-REOPT,MEASURED,2,4848032500,4848.0325,59,NUMERICAL_UNRESOLVED,
22,223,4.403,ONLINE-REOPT,MEASURED,3,4838319700,4838.3197,59,NUMERICAL_UNRESOLVED,
22,223,4.403,ONLINE-REOPT,MEASURED,4,4842529600,4842.5296,59,NUMERICAL_UNRESOLVED,
22,223,4.403,ONLINE-REOPT,MEASURED,5,4834391400,4834.3914,59,NUMERICAL_UNRESOLVED,
23,233,4.413,RPRA,WARMUP,0,220300,0.2203,0,PASS,0.476
23,233,4.413,RPRA,MEASURED,1,184300,0.1843,0,PASS,0.476
23,233,4.413,RPRA,MEASURED,2,174000,0.174,0,PASS,0.476
23,233,4.413,RPRA,MEASURED,3,170000,0.17,0,PASS,0.476
23,233,4.413,RPRA,MEASURED,4,167500,0.1675,0,PASS,0.476
23,233,4.413,RPRA,MEASURED,5,165300,0.1653,0,PASS,0.476
23,233,4.413,ONLINE-REOPT,WARMUP,0,5682564300,5682.5643,69,NUMERICAL_UNRESOLVED,
23,233,4.413,ONLINE-REOPT,MEASURED,1,5671056800,5671.0568,69,NUMERICAL_UNRESOLVED,
23,233,4.413,ONLINE-REOPT,MEASURED,2,5678653900,5678.6539,69,NUMERICAL_UNRESOLVED,
23,233,4.413,ONLINE-REOPT,MEASURED,3,5680726500,5680.7265,69,NUMERICAL_UNRESOLVED,
23,233,4.413,ONLINE-REOPT,MEASURED,4,5658055000,5658.055,69,NUMERICAL_UNRESOLVED,
23,233,4.413,ONLINE-REOPT,MEASURED,5,5671230900,5671.2309,69,NUMERICAL_UNRESOLVED,
24,244,4.424,RPRA,WARMUP,0,227400,0.2274,0,PASS,0.487
24,244,4.424,RPRA,MEASURED,1,184500,0.1845,0,PASS,0.487
24,244,4.424,RPRA,MEASURED,2,174700,0.1747,0,PASS,0.487
24,244,4.424,RPRA,MEASURED,3,175400,0.1754,0,PASS,0.487
24,244,4.424,RPRA,MEASURED,4,169700,0.1697,0,PASS,0.487
24,244,4.424,RPRA,MEASURED,5,168300,0.1683,0,PASS,0.487
24,244,4.424,ONLINE-REOPT,WARMUP,0,751631100,751.6311,9,NUMERICAL_UNRESOLVED,
24,244,4.424,ONLINE-REOPT,MEASURED,1,752629200,752.6292,9,NUMERICAL_UNRESOLVED,
24,244,4.424,ONLINE-REOPT,MEASURED,2,754079500,754.0795,9,NUMERICAL_UNRESOLVED,
24,244,4.424,ONLINE-REOPT,MEASURED,3,752030400,752.0304,9,NUMERICAL_UNRESOLVED,
24,244,4.424,ONLINE-REOPT,MEASURED,4,751721600,751.7216,9,NUMERICAL_UNRESOLVED,
24,244,4.424,ONLINE-REOPT,MEASURED,5,754622200,754.6222,9,NUMERICAL_UNRESOLVED,
25,254,4.434,RPRA,WARMUP,0,249900,0.2499,0,PASS,0.497
25,254,4.434,RPRA,MEASURED,1,205600,0.2056,0,PASS,0.497
25,254,4.434,RPRA,MEASURED,2,181500,0.1815,0,PASS,0.497
25,254,4.434,RPRA,MEASURED,3,179500,0.1795,0,PASS,0.497
25,254,4.434,RPRA,MEASURED,4,168300,0.1683,0,PASS,0.497
25,254,4.434,RPRA,MEASURED,5,192400,0.1924,0,PASS,0.497
25,254,4.434,ONLINE-REOPT,WARMUP,0,71201600,71.2016,1,NUMERICAL_UNRESOLVED,
25,254,4.434,ONLINE-REOPT,MEASURED,1,71548200,71.5482,1,NUMERICAL_UNRESOLVED,
25,254,4.434,ONLINE-REOPT,MEASURED,2,71308400,71.3084,1,NUMERICAL_UNRESOLVED,
25,254,4.434,ONLINE-REOPT,MEASURED,3,71756400,71.7564,1,NUMERICAL_UNRESOLVED,
25,254,4.434,ONLINE-REOPT,MEASURED,4,71330100,71.3301,1,NUMERICAL_UNRESOLVED,
25,254,4.434,ONLINE-REOPT,MEASURED,5,71715900,71.7159,1,NUMERICAL_UNRESOLVED,
26,264,4.444,RPRA,WARMUP,0,232800,0.2328,0,PASS,0.507
26,264,4.444,RPRA,MEASURED,1,194500,0.1945,0,PASS,0.507
26,264,4.444,RPRA,MEASURED,2,173800,0.1738,0,PASS,0.507
26,264,4.444,RPRA,MEASURED,3,170500,0.1705,0,PASS,0.507
26,264,4.444,RPRA,MEASURED,4,188400,0.1884,0,PASS,0.507
26,264,4.444,RPRA,MEASURED,5,167400,0.1674,0,PASS,0.507
26,264,4.444,ONLINE-REOPT,WARMUP,0,929971100,929.9711,11,NUMERICAL_UNRESOLVED,
26,264,4.444,ONLINE-REOPT,MEASURED,1,922371200,922.3712,11,NUMERICAL_UNRESOLVED,
26,264,4.444,ONLINE-REOPT,MEASURED,2,930809500,930.8095,11,NUMERICAL_UNRESOLVED,
26,264,4.444,ONLINE-REOPT,MEASURED,3,932162800,932.1628,11,NUMERICAL_UNRESOLVED,
26,264,4.444,ONLINE-REOPT,MEASURED,4,931767100,931.7671,11,NUMERICAL_UNRESOLVED,
26,264,4.444,ONLINE-REOPT,MEASURED,5,927167600,927.1676,11,NUMERICAL_UNRESOLVED,
27,274,4.454,RPRA,WARMUP,0,224300,0.2243,0,PASS,0.517
27,274,4.454,RPRA,MEASURED,1,180100,0.1801,0,PASS,0.517
27,274,4.454,RPRA,MEASURED,2,174300,0.1743,0,PASS,0.517
27,274,4.454,RPRA,MEASURED,3,201300,0.2013,0,PASS,0.517
27,274,4.454,RPRA,MEASURED,4,169300,0.1693,0,PASS,0.517
27,274,4.454,RPRA,MEASURED,5,167500,0.1675,0,PASS,0.517
27,274,4.454,ONLINE-REOPT,WARMUP,0,1728372300,1728.3723,21,NUMERICAL_UNRESOLVED,
27,274,4.454,ONLINE-REOPT,MEASURED,1,1727773900,1727.7739,21,NUMERICAL_UNRESOLVED,
27,274,4.454,ONLINE-REOPT,MEASURED,2,1728315300,1728.3153,21,NUMERICAL_UNRESOLVED,
27,274,4.454,ONLINE-REOPT,MEASURED,3,1726952700,1726.9527,21,NUMERICAL_UNRESOLVED,
27,274,4.454,ONLINE-REOPT,MEASURED,4,1729114300,1729.1143,21,NUMERICAL_UNRESOLVED,
27,274,4.454,ONLINE-REOPT,MEASURED,5,1728455300,1728.4553,21,NUMERICAL_UNRESOLVED,
28,284,4.464,RPRA,WARMUP,0,229800,0.2298,0,PASS,0.527
28,284,4.464,RPRA,MEASURED,1,212300,0.2123,0,PASS,0.527
28,284,4.464,RPRA,MEASURED,2,169700,0.1697,0,PASS,0.527
28,284,4.464,RPRA,MEASURED,3,165800,0.1658,0,PASS,0.527
28,284,4.464,RPRA,MEASURED,4,165500,0.1655,0,PASS,0.527
28,284,4.464,RPRA,MEASURED,5,164800,0.1648,0,PASS,0.527
28,284,4.464,ONLINE-REOPT,WARMUP,0,2544197500,2544.1975,31,NUMERICAL_UNRESOLVED,
28,284,4.464,ONLINE-REOPT,MEASURED,1,2547139600,2547.1396,31,NUMERICAL_UNRESOLVED,
28,284,4.464,ONLINE-REOPT,MEASURED,2,2557199600,2557.1996,31,NUMERICAL_UNRESOLVED,
28,284,4.464,ONLINE-REOPT,MEASURED,3,2573466300,2573.4663,31,NUMERICAL_UNRESOLVED,
28,284,4.464,ONLINE-REOPT,MEASURED,4,2657976700,2657.9767,31,NUMERICAL_UNRESOLVED,
28,284,4.464,ONLINE-REOPT,MEASURED,5,2703835800,2703.8358,31,NUMERICAL_UNRESOLVED,
29,294,4.474,RPRA,WARMUP,0,232100,0.2321,0,PASS,0.537
29,294,4.474,RPRA,MEASURED,1,189200,0.1892,0,PASS,0.537
29,294,4.474,RPRA,MEASURED,2,174700,0.1747,0,PASS,0.537
29,294,4.474,RPRA,MEASURED,3,171100,0.1711,0,PASS,0.537
29,294,4.474,RPRA,MEASURED,4,184300,0.1843,0,PASS,0.537
29,294,4.474,RPRA,MEASURED,5,170200,0.1702,0,PASS,0.537
29,294,4.474,ONLINE-REOPT,WARMUP,0,3436395200,3436.3952,41,NUMERICAL_UNRESOLVED,
29,294,4.474,ONLINE-REOPT,MEASURED,1,3468395800,3468.3958,41,NUMERICAL_UNRESOLVED,
29,294,4.474,ONLINE-REOPT,MEASURED,2,3477945800,3477.9458,41,NUMERICAL_UNRESOLVED,
29,294,4.474,ONLINE-REOPT,MEASURED,3,3629744600,3629.7446,41,NUMERICAL_UNRESOLVED,
29,294,4.474,ONLINE-REOPT,MEASURED,4,3401813000,3401.813,41,NUMERICAL_UNRESOLVED,
29,294,4.474,ONLINE-REOPT,MEASURED,5,3423554000,3423.554,41,NUMERICAL_UNRESOLVED,
30,304,4.484,RPRA,WARMUP,0,265800,0.2658,0,PASS,0.547
30,304,4.484,RPRA,MEASURED,1,197000,0.197,0,PASS,0.547
30,304,4.484,RPRA,MEASURED,2,177400,0.1774,0,PASS,0.547
30,304,4.484,RPRA,MEASURED,3,177600,0.1776,0,PASS,0.547
30,304,4.484,RPRA,MEASURED,4,168000,0.168,0,PASS,0.547
30,304,4.484,RPRA,MEASURED,5,166800,0.1668,0,PASS,0.547
30,304,4.484,ONLINE-REOPT,WARMUP,0,4408604200,4408.6042,51,NUMERICAL_UNRESOLVED,
30,304,4.484,ONLINE-REOPT,MEASURED,1,4330853400,4330.8534,51,NUMERICAL_UNRESOLVED,
30,304,4.484,ONLINE-REOPT,MEASURED,2,4275757900,4275.7579,51,NUMERICAL_UNRESOLVED,
30,304,4.484,ONLINE-REOPT,MEASURED,3,4312547100,4312.5471,51,NUMERICAL_UNRESOLVED,
30,304,4.484,ONLINE-REOPT,MEASURED,4,4230233300,4230.2333,51,NUMERICAL_UNRESOLVED,
30,304,4.484,ONLINE-REOPT,MEASURED,5,4326669500,4326.6695,51,NUMERICAL_UNRESOLVED,
31,315,4.495,RPRA,WARMUP,0,242700,0.2427,0,PASS,0.558
31,315,4.495,RPRA,MEASURED,1,197700,0.1977,0,PASS,0.558
31,315,4.495,RPRA,MEASURED,2,181100,0.1811,0,PASS,0.558
31,315,4.495,RPRA,MEASURED,3,177600,0.1776,0,PASS,0.558
31,315,4.495,RPRA,MEASURED,4,176200,0.1762,0,PASS,0.558
31,315,4.495,RPRA,MEASURED,5,174800,0.1748,0,PASS,0.558
31,315,4.495,ONLINE-REOPT,WARMUP,0,5317875600,5317.8756,62,NUMERICAL_UNRESOLVED,
31,315,4.495,ONLINE-REOPT,MEASURED,1,5377791700,5377.7917,62,NUMERICAL_UNRESOLVED,
31,315,4.495,ONLINE-REOPT,MEASURED,2,5301410100,5301.4101,62,NUMERICAL_UNRESOLVED,
31,315,4.495,ONLINE-REOPT,MEASURED,3,5310993700,5310.9937,62,NUMERICAL_UNRESOLVED,
31,315,4.495,ONLINE-REOPT,MEASURED,4,5285726500,5285.7265,62,NUMERICAL_UNRESOLVED,
31,315,4.495,ONLINE-REOPT,MEASURED,5,5342003100,5342.0031,62,NUMERICAL_UNRESOLVED,
32,325,4.505,RPRA,WARMUP,0,242900,0.2429,0,PASS,0.568
32,325,4.505,RPRA,MEASURED,1,192500,0.1925,0,PASS,0.568
32,325,4.505,RPRA,MEASURED,2,175900,0.1759,0,PASS,0.568
32,325,4.505,RPRA,MEASURED,3,170300,0.1703,0,PASS,0.568
32,325,4.505,RPRA,MEASURED,4,226300,0.2263,0,PASS,0.568
32,325,4.505,RPRA,MEASURED,5,182800,0.1828,0,PASS,0.568
32,325,4.505,ONLINE-REOPT,WARMUP,0,6165910200,6165.9102,72,NUMERICAL_UNRESOLVED,
32,325,4.505,ONLINE-REOPT,MEASURED,1,6148441200,6148.4412,72,NUMERICAL_UNRESOLVED,
32,325,4.505,ONLINE-REOPT,MEASURED,2,6134380400,6134.3804,72,NUMERICAL_UNRESOLVED,
32,325,4.505,ONLINE-REOPT,MEASURED,3,6140716200,6140.7162,72,NUMERICAL_UNRESOLVED,
32,325,4.505,ONLINE-REOPT,MEASURED,4,6172256100,6172.2561,72,NUMERICAL_UNRESOLVED,
32,325,4.505,ONLINE-REOPT,MEASURED,5,6157456000,6157.456,72,NUMERICAL_UNRESOLVED,
33,335,4.515,RPRA,WARMUP,0,228900,0.2289,0,PASS,0.578
33,335,4.515,RPRA,MEASURED,1,183500,0.1835,0,PASS,0.578
33,335,4.515,RPRA,MEASURED,2,173500,0.1735,0,PASS,0.578
33,335,4.515,RPRA,MEASURED,3,171800,0.1718,0,PASS,0.578
33,335,4.515,RPRA,MEASURED,4,176200,0.1762,0,PASS,0.578
33,335,4.515,RPRA,MEASURED,5,170500,0.1705,0,PASS,0.578
33,335,4.515,ONLINE-REOPT,WARMUP,0,6952892100,6952.8921,82,NUMERICAL_UNRESOLVED,
33,335,4.515,ONLINE-REOPT,MEASURED,1,7022607000,7022.607,82,NUMERICAL_UNRESOLVED,
33,335,4.515,ONLINE-REOPT,MEASURED,2,6892909700,6892.9097,82,NUMERICAL_UNRESOLVED,
33,335,4.515,ONLINE-REOPT,MEASURED,3,6976412800,6976.4128,82,NUMERICAL_UNRESOLVED,
33,335,4.515,ONLINE-REOPT,MEASURED,4,6821273500,6821.2735,82,NUMERICAL_UNRESOLVED,
33,335,4.515,ONLINE-REOPT,MEASURED,5,6708119900,6708.1199,82,NUMERICAL_UNRESOLVED,
34,345,4.525,RPRA,WARMUP,0,273600,0.2736,0,PASS,0.588
34,345,4.525,RPRA,MEASURED,1,197000,0.197,0,PASS,0.588
34,345,4.525,RPRA,MEASURED,2,183000,0.183,0,PASS,0.588
34,345,4.525,RPRA,MEASURED,3,179400,0.1794,0,PASS,0.588
34,345,4.525,RPRA,MEASURED,4,178800,0.1788,0,PASS,0.588
34,345,4.525,RPRA,MEASURED,5,177300,0.1773,0,PASS,0.588
34,345,4.525,ONLINE-REOPT,WARMUP,0,7727599000,7727.599,92,NUMERICAL_UNRESOLVED,
34,345,4.525,ONLINE-REOPT,MEASURED,1,7703888100,7703.8881,92,NUMERICAL_UNRESOLVED,
34,345,4.525,ONLINE-REOPT,MEASURED,2,7792654600,7792.6546,92,NUMERICAL_UNRESOLVED,
34,345,4.525,ONLINE-REOPT,MEASURED,3,7637112000,7637.112,92,NUMERICAL_UNRESOLVED,
34,345,4.525,ONLINE-REOPT,MEASURED,4,7636860900,7636.8609,92,NUMERICAL_UNRESOLVED,
34,345,4.525,ONLINE-REOPT,MEASURED,5,7710902900,7710.9029,92,NUMERICAL_UNRESOLVED,
35,355,4.535,RPRA,WARMUP,0,224900,0.2249,0,PASS,0.598
35,355,4.535,RPRA,MEASURED,1,183400,0.1834,0,PASS,0.598
35,355,4.535,RPRA,MEASURED,2,176300,0.1763,0,PASS,0.598
35,355,4.535,RPRA,MEASURED,3,213200,0.2132,0,PASS,0.598
35,355,4.535,RPRA,MEASURED,4,193400,0.1934,0,PASS,0.598
35,355,4.535,RPRA,MEASURED,5,177200,0.1772,0,PASS,0.598
35,355,4.535,ONLINE-REOPT,WARMUP,0,8494892600,8494.8926,102,NUMERICAL_UNRESOLVED,
35,355,4.535,ONLINE-REOPT,MEASURED,1,8521450300,8521.4503,102,NUMERICAL_UNRESOLVED,
35,355,4.535,ONLINE-REOPT,MEASURED,2,8549871100,8549.8711,102,NUMERICAL_UNRESOLVED,
35,355,4.535,ONLINE-REOPT,MEASURED,3,8626671600,8626.6716,102,NUMERICAL_UNRESOLVED,
35,355,4.535,ONLINE-REOPT,MEASURED,4,8693939200,8693.9392,102,NUMERICAL_UNRESOLVED,
35,355,4.535,ONLINE-REOPT,MEASURED,5,8744913500,8744.9135,102,NUMERICAL_UNRESOLVED,
36,365,4.545,RPRA,WARMUP,0,279700,0.2797,0,PASS,0.608
36,365,4.545,RPRA,MEASURED,1,196200,0.1962,0,PASS,0.608
36,365,4.545,RPRA,MEASURED,2,186200,0.1862,0,PASS,0.608
36,365,4.545,RPRA,MEASURED,3,184900,0.1849,0,PASS,0.608
36,365,4.545,RPRA,MEASURED,4,178500,0.1785,0,PASS,0.608
36,365,4.545,RPRA,MEASURED,5,189800,0.1898,0,PASS,0.608
36,365,4.545,ONLINE-REOPT,WARMUP,0,525252400,525.2524,5,NUMERICAL_UNRESOLVED,
36,365,4.545,ONLINE-REOPT,MEASURED,1,545405600,545.4056,5,NUMERICAL_UNRESOLVED,
36,365,4.545,ONLINE-REOPT,MEASURED,2,540076300,540.0763,5,NUMERICAL_UNRESOLVED,
36,365,4.545,ONLINE-REOPT,MEASURED,3,534515200,534.5152,5,NUMERICAL_UNRESOLVED,
36,365,4.545,ONLINE-REOPT,MEASURED,4,531126500,531.1265,5,NUMERICAL_UNRESOLVED,
36,365,4.545,ONLINE-REOPT,MEASURED,5,530326200,530.3262,5,NUMERICAL_UNRESOLVED,
37,376,4.556,RPRA,WARMUP,0,232800,0.2328,0,PASS,0.619
37,376,4.556,RPRA,MEASURED,1,195400,0.1954,0,PASS,0.619
37,376,4.556,RPRA,MEASURED,2,181300,0.1813,0,PASS,0.619
37,376,4.556,RPRA,MEASURED,3,204900,0.2049,0,PASS,0.619
37,376,4.556,RPRA,MEASURED,4,213900,0.2139,0,PASS,0.619
37,376,4.556,RPRA,MEASURED,5,194000,0.194,0,PASS,0.619
37,376,4.556,ONLINE-REOPT,WARMUP,0,1621889200,1621.8892,16,NUMERICAL_UNRESOLVED,
37,376,4.556,ONLINE-REOPT,MEASURED,1,1603408100,1603.4081,16,NUMERICAL_UNRESOLVED,
37,376,4.556,ONLINE-REOPT,MEASURED,2,1610305100,1610.3051,16,NUMERICAL_UNRESOLVED,
37,376,4.556,ONLINE-REOPT,MEASURED,3,1652912300,1652.9123,16,NUMERICAL_UNRESOLVED,
37,376,4.556,ONLINE-REOPT,MEASURED,4,1656481300,1656.4813,16,NUMERICAL_UNRESOLVED,
37,376,4.556,ONLINE-REOPT,MEASURED,5,1644128600,1644.1286,16,NUMERICAL_UNRESOLVED,
38,386,4.566,RPRA,WARMUP,0,442800,0.4428,0,PASS,0.629
38,386,4.566,RPRA,MEASURED,1,387300,0.3873,0,PASS,0.629
38,386,4.566,RPRA,MEASURED,2,217200,0.2172,0,PASS,0.629
38,386,4.566,RPRA,MEASURED,3,206800,0.2068,0,PASS,0.629
38,386,4.566,RPRA,MEASURED,4,190300,0.1903,0,PASS,0.629
38,386,4.566,RPRA,MEASURED,5,188000,0.188,0,PASS,0.629
38,386,4.566,ONLINE-REOPT,WARMUP,0,2837543900,2837.5439,26,NUMERICAL_UNRESOLVED,
38,386,4.566,ONLINE-REOPT,MEASURED,1,2597119500,2597.1195,26,NUMERICAL_UNRESOLVED,
38,386,4.566,ONLINE-REOPT,MEASURED,2,2560937600,2560.9376,26,NUMERICAL_UNRESOLVED,
38,386,4.566,ONLINE-REOPT,MEASURED,3,2547681600,2547.6816,26,NUMERICAL_UNRESOLVED,
38,386,4.566,ONLINE-REOPT,MEASURED,4,2561453800,2561.4538,26,NUMERICAL_UNRESOLVED,
38,386,4.566,ONLINE-REOPT,MEASURED,5,2681451100,2681.4511,26,NUMERICAL_UNRESOLVED,
39,396,4.576,RPRA,WARMUP,0,240300,0.2403,0,PASS,0.639
39,396,4.576,RPRA,MEASURED,1,192000,0.192,0,PASS,0.639
39,396,4.576,RPRA,MEASURED,2,184400,0.1844,0,PASS,0.639
39,396,4.576,RPRA,MEASURED,3,182100,0.1821,0,PASS,0.639
39,396,4.576,RPRA,MEASURED,4,224800,0.2248,0,PASS,0.639
39,396,4.576,RPRA,MEASURED,5,188700,0.1887,0,PASS,0.639
39,396,4.576,ONLINE-REOPT,WARMUP,0,3685487100,3685.4871,36,NUMERICAL_UNRESOLVED,
39,396,4.576,ONLINE-REOPT,MEASURED,1,3824191000,3824.191,36,NUMERICAL_UNRESOLVED,
39,396,4.576,ONLINE-REOPT,MEASURED,2,3611644200,3611.6442,36,NUMERICAL_UNRESOLVED,
39,396,4.576,ONLINE-REOPT,MEASURED,3,3598776500,3598.7765,36,NUMERICAL_UNRESOLVED,
39,396,4.576,ONLINE-REOPT,MEASURED,4,3588054100,3588.0541,36,NUMERICAL_UNRESOLVED,
39,396,4.576,ONLINE-REOPT,MEASURED,5,3591803300,3591.8033,36,NUMERICAL_UNRESOLVED,
40,406,4.586,RPRA,WARMUP,0,451900,0.4519,0,PASS,0.649
40,406,4.586,RPRA,MEASURED,1,358400,0.3584,0,PASS,0.649
40,406,4.586,RPRA,MEASURED,2,291300,0.2913,0,PASS,0.649
40,406,4.586,RPRA,MEASURED,3,230500,0.2305,0,PASS,0.649
40,406,4.586,RPRA,MEASURED,4,462900,0.4629,0,PASS,0.649
40,406,4.586,RPRA,MEASURED,5,261400,0.2614,0,PASS,0.649
40,406,4.586,ONLINE-REOPT,WARMUP,0,4743387900,4743.3879,46,NUMERICAL_UNRESOLVED,
40,406,4.586,ONLINE-REOPT,MEASURED,1,4630867400,4630.8674,46,NUMERICAL_UNRESOLVED,
40,406,4.586,ONLINE-REOPT,MEASURED,2,4512413900,4512.4139,46,NUMERICAL_UNRESOLVED,
40,406,4.586,ONLINE-REOPT,MEASURED,3,4632637800,4632.6378,46,NUMERICAL_UNRESOLVED,
40,406,4.586,ONLINE-REOPT,MEASURED,4,4582544400,4582.5444,46,NUMERICAL_UNRESOLVED,
40,406,4.586,ONLINE-REOPT,MEASURED,5,4671868800,4671.8688,46,NUMERICAL_UNRESOLVED,
