state_order,state_mm,rpra_action_mm,online_action_mm,rpra_immediate_deflection_um,online_immediate_deflection_um,rpra_successor_mm,online_successor_mm,rpra_selected_continuous_status,online_selected_continuous_status,online_discrete_class,exact_action_agreement,signed_action_delta_um_online_minus_rpra,absolute_action_difference_um,immediate_deflection_delta_um_rpra_minus_online,disagreement_classification
0,4.18,0.36,0.36,53.026787309836045,53.026787309836045,3.82,3.82,PASS,PASS,PRESERVING,True,0,0,0.0,EXACT_AGREEMENT
1,4.181,0.36,0.36,52.985165029703495,52.985165029703495,3.821,3.821,PASS,PASS,PRESERVING,True,0,0,0.0,EXACT_AGREEMENT
2,4.182,0.36,0.36,52.943586298906844,52.943586298906844,3.822,3.822,PASS,PASS,PRESERVING,True,0,0,0.0,EXACT_AGREEMENT
3,4.183,0.36,0.36,52.90205106050394,52.90205106050394,3.823,3.823,PASS,PASS,PRESERVING,True,0,0,0.0,EXACT_AGREEMENT
4,4.184,0.36,0.36,52.86055925764199,52.86055925764199,3.824,3.824,PASS,PASS,PRESERVING,True,0,0,0.0,EXACT_AGREEMENT
5,4.185,0.36,0.36,52.81911083355733,52.81911083355733,3.825,3.825,PASS,PASS,PRESERVING,True,0,0,0.0,EXACT_AGREEMENT
6,4.186,0.36,0.36,52.777705731575345,52.777705731575345,3.826,3.826,PASS,PASS,PRESERVING,True,0,0,0.0,EXACT_AGREEMENT
7,4.187,0.36,0.36,52.73634389511021,52.73634389511021,3.827,3.827,PASS,PASS,PRESERVING,True,0,0,0.0,EXACT_AGREEMENT
8,4.188,0.36,0.36,52.69502526766479,52.69502526766479,3.828,3.828,PASS,PASS,PRESERVING,True,0,0,0.0,EXACT_AGREEMENT
9,4.189,0.36,0.36,52.65374979283043,52.65374979283043,3.829,3.829,PASS,PASS,PRESERVING,True,0,0,0.0,EXACT_AGREEMENT
10,4.19,0.36,0.36,52.612517414286856,52.612517414286856,3.83,3.83,PASS,PASS,PRESERVING,True,0,0,0.0,EXACT_AGREEMENT
11,4.191,0.36,0.36,52.571328075801944,52.571328075801944,3.831,3.831,PASS,PASS,PRESERVING,True,0,0,0.0,EXACT_AGREEMENT
12,4.192,0.36,0.36,52.530181721231614,52.530181721231614,3.832,3.832,PASS,PASS,PRESERVING,True,0,0,0.0,EXACT_AGREEMENT
13,4.193,0.36,0.36,52.48907829451962,52.48907829451962,3.833,3.833,PASS,PASS,PRESERVING,True,0,0,0.0,EXACT_AGREEMENT
14,4.194,0.36,0.36,52.44801773969748,52.44801773969748,3.834,3.834,PASS,PASS,PRESERVING,True,0,0,0.0,EXACT_AGREEMENT
15,4.195,0.36,0.36,52.4070000008842,52.4070000008842,3.835,3.835,PASS,PASS,PRESERVING,True,0,0,0.0,EXACT_AGREEMENT
16,4.196,0.36,0.36,52.36602502228619,52.36602502228619,3.836,3.836,PASS,PASS,PRESERVING,True,0,0,0.0,EXACT_AGREEMENT
17,4.197,0.36,0.36,52.325092748197044,52.325092748197044,3.837,3.837,PASS,PASS,PRESERVING,True,0,0,0.0,EXACT_AGREEMENT
18,4.198,0.36,0.36,52.284203122997496,52.284203122997496,3.838,3.838,PASS,PASS,PRESERVING,True,0,0,0.0,EXACT_AGREEMENT
19,4.199,0.36,0.36,52.24335609115513,52.24335609115513,3.839,3.839,PASS,PASS,PRESERVING,True,0,0,0.0,EXACT_AGREEMENT
20,4.2,0.36,0.36,52.20255159722428,52.20255159722428,3.84,3.84,PASS,PASS,PRESERVING,True,0,0,0.0,EXACT_AGREEMENT
21,4.201,0.36,0.36,52.16178958584585,52.16178958584585,3.841,3.841,PASS,PASS,PRESERVING,True,0,0,0.0,EXACT_AGREEMENT
22,4.202,0.36,0.36,52.12107000174724,52.12107000174724,3.842,3.842,PASS,PASS,PRESERVING,True,0,0,0.0,EXACT_AGREEMENT
23,4.203,0.36,0.36,52.0803927897421,52.0803927897421,3.843,3.843,PASS,PASS,PRESERVING,True,0,0,0.0,EXACT_AGREEMENT
24,4.204,0.36,0.36,52.03975789473015,52.03975789473015,3.844,3.844,PASS,PASS,PRESERVING,True,0,0,0.0,EXACT_AGREEMENT
25,4.205,0.36,0.36,51.99916526169709,51.99916526169709,3.845,3.845,PASS,PASS,PRESERVING,True,0,0,0.0,EXACT_AGREEMENT
26,4.206,0.36,0.36,51.95861483571447,51.95861483571447,3.846,3.846,PASS,PASS,PRESERVING,True,0,0,0.0,EXACT_AGREEMENT
27,4.207,0.36,0.36,51.91810656193943,51.91810656193943,3.847,3.847,PASS,PASS,PRESERVING,True,0,0,0.0,EXACT_AGREEMENT
28,4.208,0.36,0.36,51.87764038561463,51.87764038561463,3.848,3.848,PASS,PASS,PRESERVING,True,0,0,0.0,EXACT_AGREEMENT
29,4.209,0.36,0.36,51.83721625206807,51.83721625206807,3.849,3.849,PASS,PASS,PRESERVING,True,0,0,0.0,EXACT_AGREEMENT
30,4.21,0.36,0.36,51.79683410671292,51.79683410671292,3.85,3.85,PASS,PASS,PRESERVING,True,0,0,0.0,EXACT_AGREEMENT
31,4.211,0.36,0.36,51.756493895047356,51.756493895047356,3.851,3.851,PASS,PASS,PRESERVING,True,0,0,0.0,EXACT_AGREEMENT
32,4.212,0.36,0.36,51.71619556265447,51.71619556265447,3.852,3.852,PASS,PASS,PRESERVING,True,0,0,0.0,EXACT_AGREEMENT
33,4.213,0.36,0.36,51.675939055202036,51.675939055202036,3.853,3.853,PASS,PASS,PRESERVING,True,0,0,0.0,EXACT_AGREEMENT
34,4.214,0.36,0.36,51.63572431844241,51.63572431844241,3.854,3.854,PASS,PASS,PRESERVING,True,0,0,0.0,EXACT_AGREEMENT
35,4.215,0.36,0.36,51.59555129821238,51.59555129821238,3.855,3.855,PASS,PASS,PRESERVING,True,0,0,0.0,EXACT_AGREEMENT
36,4.216,0.36,0.36,51.55541994043291,51.55541994043291,3.856,3.856,PASS,PASS,PRESERVING,True,0,0,0.0,EXACT_AGREEMENT
37,4.217,0.36,0.36,51.515330191109136,51.515330191109136,3.857,3.857,PASS,PASS,PRESERVING,True,0,0,0.0,EXACT_AGREEMENT
38,4.218,0.36,0.36,51.475281996330175,51.475281996330175,3.858,3.858,PASS,PASS,PRESERVING,True,0,0,0.0,EXACT_AGREEMENT
39,4.219,0.36,0.36,51.43527530226886,51.43527530226886,3.859,3.859,PASS,PASS,PRESERVING,True,0,0,0.0,EXACT_AGREEMENT
40,4.22,0.36,0.36,51.39531005518171,51.39531005518171,3.86,3.86,PASS,PASS,PRESERVING,True,0,0,0.0,EXACT_AGREEMENT
41,4.221,0.36,0.36,51.35538620140876,51.35538620140876,3.861,3.861,PASS,PASS,PRESERVING,True,0,0,0.0,EXACT_AGREEMENT
42,4.222,0.36,0.36,51.315503687373365,51.315503687373365,3.862,3.862,PASS,PASS,PRESERVING,True,0,0,0.0,EXACT_AGREEMENT
43,4.223,0.36,0.36,51.275662459582094,51.275662459582094,3.863,3.863,PASS,PASS,PRESERVING,True,0,0,0.0,EXACT_AGREEMENT
44,4.224,0.36,0.36,51.2358624646245,51.2358624646245,3.864,3.864,PASS,PASS,PRESERVING,True,0,0,0.0,EXACT_AGREEMENT
45,4.225,0.36,0.36,51.196103649173104,51.196103649173104,3.865,3.865,PASS,PASS,PRESERVING,True,0,0,0.0,EXACT_AGREEMENT
46,4.226,0.36,0.36,51.15638595998316,51.15638595998316,3.866,3.866,PASS,PASS,PRESERVING,True,0,0,0.0,EXACT_AGREEMENT
47,4.227,0.36,0.36,51.11670934389245,51.11670934389245,3.867,3.867,PASS,PASS,PRESERVING,True,0,0,0.0,EXACT_AGREEMENT
48,4.228,0.36,0.36,51.077073747821274,51.077073747821274,3.868,3.868,PASS,PASS,PRESERVING,True,0,0,0.0,EXACT_AGREEMENT
49,4.229,0.36,0.36,51.03747911877214,51.03747911877214,3.869,3.869,PASS,PASS,PRESERVING,True,0,0,0.0,EXACT_AGREEMENT
50,4.23,0.36,0.36,50.99792540382983,50.99792540382983,3.87,3.87,PASS,PASS,PRESERVING,True,0,0,0.0,EXACT_AGREEMENT
51,4.231,0.36,0.36,50.958412550161015,50.958412550161015,3.871,3.871,PASS,PASS,PRESERVING,True,0,0,0.0,EXACT_AGREEMENT
52,4.232,0.36,0.36,50.918940505014255,50.918940505014255,3.872,3.872,PASS,PASS,PRESERVING,True,0,0,0.0,EXACT_AGREEMENT
53,4.233,0.36,0.36,50.87950921571976,50.87950921571976,3.873,3.873,PASS,PASS,PRESERVING,True,0,0,0.0,EXACT_AGREEMENT
54,4.234,0.36,0.36,50.84011862968941,50.84011862968941,3.874,3.874,PASS,PASS,PRESERVING,True,0,0,0.0,EXACT_AGREEMENT
55,4.235,0.36,0.36,50.80076869441637,50.80076869441637,3.875,3.875,PASS,PASS,PRESERVING,True,0,0,0.0,EXACT_AGREEMENT
56,4.236,0.36,0.36,50.761459357475125,50.761459357475125,3.876,3.876,PASS,PASS,PRESERVING,True,0,0,0.0,EXACT_AGREEMENT
57,4.237,0.36,0.36,50.72219056652126,50.72219056652126,3.877,3.877,PASS,PASS,PRESERVING,True,0,0,0.0,EXACT_AGREEMENT
58,4.238,0.36,0.36,50.68296226929129,50.68296226929129,3.878,3.878,PASS,PASS,PRESERVING,True,0,0,0.0,EXACT_AGREEMENT
59,4.239,0.36,0.36,50.64377441360266,50.64377441360266,3.879,3.879,PASS,PASS,PRESERVING,True,0,0,0.0,EXACT_AGREEMENT
60,4.24,0.36,0.36,50.604626947353346,50.604626947353346,3.88,3.88,PASS,PASS,PRESERVING,True,0,0,0.0,EXACT_AGREEMENT
61,4.241,0.36,0.36,50.56551981852196,50.56551981852196,3.881,3.881,PASS,PASS,PRESERVING,True,0,0,0.0,EXACT_AGREEMENT
62,4.242,0.36,0.36,50.526452975167395,50.526452975167395,3.882,3.882,PASS,PASS,PRESERVING,True,0,0,0.0,EXACT_AGREEMENT
63,4.243,0.36,0.36,50.487426365428945,50.487426365428945,3.883,3.883,PASS,PASS,PRESERVING,True,0,0,0.0,EXACT_AGREEMENT
64,4.244,0.36,0.36,50.44843993752582,50.44843993752582,3.884,3.884,PASS,PASS,PRESERVING,True,0,0,0.0,EXACT_AGREEMENT
65,4.245,0.36,0.36,50.40949363975729,50.40949363975729,3.885,3.885,PASS,PASS,PRESERVING,True,0,0,0.0,EXACT_AGREEMENT
66,4.246,0.36,0.36,50.37058742050237,50.37058742050237,3.886,3.886,PASS,PASS,PRESERVING,True,0,0,0.0,EXACT_AGREEMENT
67,4.247,0.36,0.36,50.3317212282198,50.3317212282198,3.887,3.887,PASS,PASS,PRESERVING,True,0,0,0.0,EXACT_AGREEMENT
68,4.248,0.36,0.36,50.29289501144779,50.29289501144779,3.888,3.888,PASS,PASS,PRESERVING,True,0,0,0.0,EXACT_AGREEMENT
69,4.249,0.36,0.36,50.25410871880395,50.25410871880395,3.889,3.889,PASS,PASS,PRESERVING,True,0,0,0.0,EXACT_AGREEMENT
70,4.25,0.36,0.36,50.215362298985056,50.215362298985056,3.89,3.89,PASS,PASS,PRESERVING,True,0,0,0.0,EXACT_AGREEMENT
71,4.251,0.36,0.36,50.17665570076711,50.17665570076711,3.891,3.891,PASS,PASS,PRESERVING,True,0,0,0.0,EXACT_AGREEMENT
72,4.252,0.36,0.36,50.13798887300495,50.13798887300495,3.892,3.892,PASS,PASS,PRESERVING,True,0,0,0.0,EXACT_AGREEMENT
73,4.253,0.36,0.36,50.09936176463223,50.09936176463223,3.893,3.893,PASS,PASS,PRESERVING,True,0,0,0.0,EXACT_AGREEMENT
74,4.254,0.36,0.36,50.06077432466129,50.06077432466129,3.894,3.894,PASS,PASS,PRESERVING,True,0,0,0.0,EXACT_AGREEMENT
75,4.255,0.36,0.36,50.02222650218303,50.02222650218303,3.895,3.895,PASS,PASS,PRESERVING,True,0,0,0.0,EXACT_AGREEMENT
76,4.256,0.36,0.36,49.983718246366685,49.983718246366685,3.896,3.896,PASS,PASS,PRESERVING,True,0,0,0.0,EXACT_AGREEMENT
77,4.257,0.36,0.36,49.94524950645972,49.94524950645972,3.897,3.897,PASS,PASS,PRESERVING,True,0,0,0.0,EXACT_AGREEMENT
78,4.258,0.36,0.36,49.906820231787734,49.906820231787734,3.898,3.898,PASS,PASS,PRESERVING,True,0,0,0.0,EXACT_AGREEMENT
79,4.259,0.36,0.36,49.86843037175427,49.86843037175427,3.899,3.899,PASS,PASS,PRESERVING,True,0,0,0.0,EXACT_AGREEMENT
80,4.26,0.36,0.36,49.83007987584073,49.83007987584073,3.9,3.9,PASS,PASS,PRESERVING,True,0,0,0.0,EXACT_AGREEMENT
81,4.261,0.36,0.36,49.79176869360613,49.79176869360613,3.901,3.901,PASS,PASS,PRESERVING,True,0,0,0.0,EXACT_AGREEMENT
82,4.262,0.36,0.36,49.75349677468705,49.75349677468705,3.902,3.902,PASS,PASS,PRESERVING,True,0,0,0.0,EXACT_AGREEMENT
83,4.263,0.36,0.36,49.71526406879751,49.71526406879751,3.903,3.903,PASS,PASS,PRESERVING,True,0,0,0.0,EXACT_AGREEMENT
84,4.264,0.36,0.36,49.67707052572877,49.67707052572877,3.904,3.904,PASS,PASS,PRESERVING,True,0,0,0.0,EXACT_AGREEMENT
85,4.265,0.36,0.36,49.638916095349224,49.638916095349224,3.905,3.905,PASS,PASS,PRESERVING,True,0,0,0.0,EXACT_AGREEMENT
86,4.266,0.36,0.36,49.60080072760419,49.60080072760419,3.906,3.906,PASS,PASS,PRESERVING,True,0,0,0.0,EXACT_AGREEMENT
87,4.267,0.36,0.36,49.56272437251595,49.56272437251595,3.907,3.907,PASS,PASS,PRESERVING,True,0,0,0.0,EXACT_AGREEMENT
88,4.268,0.36,0.36,49.52468698018341,49.52468698018341,3.908,3.908,PASS,PASS,PRESERVING,True,0,0,0.0,EXACT_AGREEMENT
89,4.269,0.36,0.36,49.48668850078208,49.48668850078208,3.909,3.909,PASS,PASS,PRESERVING,True,0,0,0.0,EXACT_AGREEMENT
90,4.27,0.36,0.36,49.4487288845639,49.4487288845639,3.91,3.91,PASS,PASS,PRESERVING,True,0,0,0.0,EXACT_AGREEMENT
91,4.271,0.36,0.36,49.41080808185711,49.41080808185711,3.911,3.911,PASS,PASS,PRESERVING,True,0,0,0.0,EXACT_AGREEMENT
92,4.272,0.36,0.36,49.37292604306616,49.37292604306616,3.912,3.912,PASS,PASS,PRESERVING,True,0,0,0.0,EXACT_AGREEMENT
93,4.273,0.36,0.36,49.335082718671444,49.335082718671444,3.913,3.913,PASS,PASS,PRESERVING,True,0,0,0.0,EXACT_AGREEMENT
94,4.274,0.36,0.36,49.29727805922929,49.29727805922929,3.914,3.914,PASS,PASS,PRESERVING,True,0,0,0.0,EXACT_AGREEMENT
95,4.275,0.36,0.36,49.25951201537183,49.25951201537183,3.915,3.915,PASS,PASS,PRESERVING,True,0,0,0.0,EXACT_AGREEMENT
96,4.276,0.36,0.36,49.221784537806734,49.221784537806734,3.916,3.916,PASS,PASS,PRESERVING,True,0,0,0.0,EXACT_AGREEMENT
97,4.277,0.36,0.36,49.18409557731721,49.18409557731721,3.917,3.917,PASS,PASS,PRESERVING,True,0,0,0.0,EXACT_AGREEMENT
98,4.278,0.36,0.36,49.14644508476175,49.14644508476175,3.918,3.918,PASS,PASS,PRESERVING,True,0,0,0.0,EXACT_AGREEMENT
99,4.279,0.36,0.36,49.108833011074196,49.108833011074196,3.919,3.919,PASS,PASS,PRESERVING,True,0,0,0.0,EXACT_AGREEMENT
100,4.28,0.36,0.36,49.071259307263354,49.071259307263354,3.92,3.92,PASS,PASS,PRESERVING,True,0,0,0.0,EXACT_AGREEMENT
101,4.281,0.36,0.36,49.03372392441303,49.03372392441303,3.921,3.921,PASS,PASS,PRESERVING,True,0,0,0.0,EXACT_AGREEMENT
102,4.282,0.36,0.36,48.99622681368178,48.99622681368178,3.922,3.922,PASS,PASS,PRESERVING,True,0,0,0.0,EXACT_AGREEMENT
103,4.283,0.36,0.36,48.958767926302954,48.958767926302954,3.923,3.923,PASS,PASS,PRESERVING,True,0,0,0.0,EXACT_AGREEMENT
104,4.284,0.36,0.36,48.92134721358435,48.92134721358435,3.924,3.924,PASS,PASS,PRESERVING,True,0,0,0.0,EXACT_AGREEMENT
105,4.285,0.36,0.36,48.88396462690824,48.88396462690824,3.925,3.925,PASS,PASS,PRESERVING,True,0,0,0.0,EXACT_AGREEMENT
106,4.286,0.36,0.36,48.84662011773112,48.84662011773112,3.926,3.926,PASS,PASS,PRESERVING,True,0,0,0.0,EXACT_AGREEMENT
107,4.287,0.36,0.36,48.80931363758369,48.80931363758369,3.927,3.927,PASS,PASS,PRESERVING,True,0,0,0.0,EXACT_AGREEMENT
108,4.288,0.36,0.36,48.77204513807068,48.77204513807068,3.928,3.928,PASS,PASS,PRESERVING,True,0,0,0.0,EXACT_AGREEMENT
109,4.289,0.36,0.36,48.73481457087064,48.73481457087064,3.929,3.929,PASS,PASS,PRESERVING,True,0,0,0.0,EXACT_AGREEMENT
110,4.29,0.36,0.36,48.69762188773589,48.69762188773589,3.93,3.93,PASS,PASS,PRESERVING,True,0,0,0.0,EXACT_AGREEMENT
111,4.291,0.36,0.36,48.660467040492456,48.660467040492456,3.931,3.931,PASS,PASS,PRESERVING,True,0,0,0.0,EXACT_AGREEMENT
112,4.292,0.36,0.36,48.62334998103975,48.62334998103975,3.932,3.932,PASS,PASS,PRESERVING,True,0,0,0.0,EXACT_AGREEMENT
113,4.293,0.36,0.36,48.586270661350575,48.586270661350575,3.933,3.933,PASS,PASS,PRESERVING,True,0,0,0.0,EXACT_AGREEMENT
114,4.294,0.36,0.36,48.549229033471015,48.549229033471015,3.934,3.934,PASS,PASS,PRESERVING,True,0,0,0.0,EXACT_AGREEMENT
115,4.295,0.36,0.36,48.51222504952019,48.51222504952019,3.935,3.935,PASS,PASS,PRESERVING,True,0,0,0.0,EXACT_AGREEMENT
116,4.296,0.36,0.36,48.47525866169025,48.47525866169025,3.936,3.936,PASS,PASS,PRESERVING,True,0,0,0.0,EXACT_AGREEMENT
117,4.297,0.36,0.36,48.43832982224611,48.43832982224611,3.937,3.937,PASS,PASS,PRESERVING,True,0,0,0.0,EXACT_AGREEMENT
118,4.298,0.361,0.361,48.60174512994904,48.60174512994904,3.937,3.937,PASS,PASS,PRESERVING,True,0,0,0.0,EXACT_AGREEMENT
119,4.299,0.362,0.362,48.76527477442611,48.76527477442611,3.937,3.937,PASS,PASS,PRESERVING,True,0,0,0.0,EXACT_AGREEMENT
120,4.3,0.363,0.363,48.92891856370746,48.92891856370746,3.937,3.937,PASS,PASS,PRESERVING,True,0,0,0.0,EXACT_AGREEMENT
121,4.301,0.364,0.364,49.09267630659239,49.09267630659239,3.937,3.937,PASS,PASS,PRESERVING,True,0,0,0.0,EXACT_AGREEMENT
122,4.302,0.365,0.365,49.256547812644115,49.256547812644115,3.937,3.937,PASS,PASS,PRESERVING,True,0,0,0.0,EXACT_AGREEMENT
123,4.303,0.366,0.366,49.42053289218462,49.42053289218462,3.937,3.937,PASS,PASS,PRESERVING,True,0,0,0.0,EXACT_AGREEMENT
124,4.304,0.367,0.367,49.584631356289556,49.584631356289556,3.937,3.937,PASS,PASS,PRESERVING,True,0,0,0.0,EXACT_AGREEMENT
125,4.305,0.368,0.368,49.74884301678238,49.74884301678238,3.937,3.937,PASS,PASS,PRESERVING,True,0,0,0.0,EXACT_AGREEMENT
126,4.306,0.369,0.369,49.913167686230615,49.913167686230615,3.937,3.937,PASS,PASS,PRESERVING,True,0,0,0.0,EXACT_AGREEMENT
127,4.307,0.37,0.37,50.07760517793986,50.07760517793986,3.937,3.937,PASS,PASS,PRESERVING,True,0,0,0.0,EXACT_AGREEMENT
128,4.308,0.371,0.371,50.2421553059494,50.2421553059494,3.937,3.937,PASS,PASS,PRESERVING,True,0,0,0.0,EXACT_AGREEMENT
129,4.309,0.372,0.372,50.40681788502673,50.40681788502673,3.937,3.937,PASS,PASS,PRESERVING,True,0,0,0.0,EXACT_AGREEMENT
130,4.31,0.373,0.373,50.571592730662694,50.571592730662694,3.937,3.937,PASS,PASS,PRESERVING,True,0,0,0.0,EXACT_AGREEMENT
131,4.311,0.374,0.374,50.73647965906746,50.73647965906746,3.937,3.937,PASS,PASS,PRESERVING,True,0,0,0.0,EXACT_AGREEMENT
132,4.312,0.375,0.375,50.90147848716503,50.90147848716503,3.937,3.937,PASS,PASS,PRESERVING,True,0,0,0.0,EXACT_AGREEMENT
133,4.313,0.376,0.376,51.066589032588475,51.066589032588475,3.937,3.937,PASS,PASS,PRESERVING,True,0,0,0.0,EXACT_AGREEMENT
134,4.314,0.377,0.377,51.23181111367573,51.23181111367573,3.937,3.937,PASS,PASS,PRESERVING,True,0,0,0.0,EXACT_AGREEMENT
135,4.315,0.378,0.378,51.39714454946439,51.39714454946439,3.937,3.937,PASS,PASS,PRESERVING,True,0,0,0.0,EXACT_AGREEMENT
136,4.316,0.379,0.379,51.56258915968789,51.56258915968789,3.937,3.937,PASS,PASS,PRESERVING,True,0,0,0.0,EXACT_AGREEMENT
137,4.317,0.38,0.38,51.72814476476946,51.72814476476946,3.937,3.937,PASS,PASS,PRESERVING,True,0,0,0.0,EXACT_AGREEMENT
138,4.318,0.381,0.381,51.893811185819246,51.893811185819246,3.937,3.937,PASS,PASS,PRESERVING,True,0,0,0.0,EXACT_AGREEMENT
139,4.319,0.382,0.382,52.05958824462927,52.05958824462927,3.937,3.937,PASS,PASS,PRESERVING,True,0,0,0.0,EXACT_AGREEMENT
140,4.32,0.383,0.383,52.225475763668435,52.225475763668435,3.937,3.937,PASS,PASS,PRESERVING,True,0,0,0.0,EXACT_AGREEMENT
141,4.321,0.384,0.384,52.391473566079156,52.391473566079156,3.937,3.937,PASS,PASS,PRESERVING,True,0,0,0.0,EXACT_AGREEMENT
142,4.322,0.385,0.385,52.55758147567137,52.55758147567137,3.937,3.937,PASS,PASS,PRESERVING,True,0,0,0.0,EXACT_AGREEMENT
143,4.323,0.386,0.386,52.72379931692007,52.72379931692007,3.937,3.937,PASS,PASS,PRESERVING,True,0,0,0.0,EXACT_AGREEMENT
144,4.324,0.387,0.387,52.89012691496022,52.89012691496022,3.937,3.937,PASS,PASS,PRESERVING,True,0,0,0.0,EXACT_AGREEMENT
145,4.325,0.388,0.388,53.0565640955821,53.0565640955821,3.937,3.937,PASS,PASS,PRESERVING,True,0,0,0.0,EXACT_AGREEMENT
146,4.326,0.389,0.389,53.22311068522777,53.22311068522777,3.937,3.937,PASS,PASS,PRESERVING,True,0,0,0.0,EXACT_AGREEMENT
147,4.327,0.39,0.39,53.38976651098664,53.38976651098664,3.937,3.937,PASS,PASS,PRESERVING,True,0,0,0.0,EXACT_AGREEMENT
148,4.328,0.391,0.391,53.55653140059138,53.55653140059138,3.937,3.937,PASS,PASS,PRESERVING,True,0,0,0.0,EXACT_AGREEMENT
149,4.329,0.392,0.392,53.72340518241322,53.72340518241322,3.937,3.937,PASS,PASS,PRESERVING,True,0,0,0.0,EXACT_AGREEMENT
150,4.33,0.393,0.393,53.89038768545913,53.89038768545913,3.937,3.937,PASS,PASS,PRESERVING,True,0,0,0.0,EXACT_AGREEMENT
151,4.331,0.394,0.394,54.057478739366886,54.057478739366886,3.937,3.937,PASS,PASS,PRESERVING,True,0,0,0.0,EXACT_AGREEMENT
152,4.332,0.395,0.395,54.22467817440127,54.22467817440127,3.937,3.937,PASS,PASS,PRESERVING,True,0,0,0.0,EXACT_AGREEMENT
153,4.333,0.396,0.396,54.39198582145069,54.39198582145069,3.937,3.937,PASS,PASS,PRESERVING,True,0,0,0.0,EXACT_AGREEMENT
154,4.334,0.397,0.397,54.55940151202173,54.55940151202173,3.937,3.937,PASS,PASS,PRESERVING,True,0,0,0.0,EXACT_AGREEMENT
155,4.335,0.398,0.398,54.72692507823705,54.72692507823705,3.937,3.937,PASS,PASS,PRESERVING,True,0,0,0.0,EXACT_AGREEMENT
156,4.336,0.399,0.399,54.89455635283073,54.89455635283073,3.937,3.937,PASS,PASS,PRESERVING,True,0,0,0.0,EXACT_AGREEMENT
157,4.337,0.4,0.4,55.06229516914448,55.06229516914448,3.937,3.937,PASS,PASS,PRESERVING,True,0,0,0.0,EXACT_AGREEMENT
158,4.338,0.401,0.401,55.23014136112375,55.23014136112375,3.937,3.937,PASS,PASS,PRESERVING,True,0,0,0.0,EXACT_AGREEMENT
159,4.339,0.402,0.402,55.39809476331435,55.39809476331435,3.937,3.937,PASS,PASS,PRESERVING,True,0,0,0.0,EXACT_AGREEMENT
160,4.34,0.403,0.403,55.5661552108586,55.5661552108586,3.937,3.937,PASS,PASS,PRESERVING,True,0,0,0.0,EXACT_AGREEMENT
161,4.341,0.404,0.404,55.734322539490826,55.734322539490826,3.937,3.937,PASS,PASS,PRESERVING,True,0,0,0.0,EXACT_AGREEMENT
162,4.342,0.405,0.405,55.902596585535335,55.902596585535335,3.937,3.937,PASS,PASS,PRESERVING,True,0,0,0.0,EXACT_AGREEMENT
163,4.343,0.406,0.406,56.070977185901626,56.070977185901626,3.937,3.937,PASS,PASS,PRESERVING,True,0,0,0.0,EXACT_AGREEMENT
164,4.344,0.407,0.407,56.23946417808103,56.23946417808103,3.937,3.937,PASS,PASS,PRESERVING,True,0,0,0.0,EXACT_AGREEMENT
165,4.345,0.408,0.408,56.408057400143306,56.408057400143306,3.937,3.937,PASS,PASS,PRESERVING,True,0,0,0.0,EXACT_AGREEMENT
166,4.346,0.409,0.409,56.576756690733305,56.576756690733305,3.937,3.937,PASS,PASS,PRESERVING,True,0,0,0.0,EXACT_AGREEMENT
167,4.347,0.41,0.41,56.7455618890663,56.7455618890663,3.937,3.937,PASS,PASS,PRESERVING,True,0,0,0.0,EXACT_AGREEMENT
168,4.348,0.411,0.411,56.91447283492635,56.91447283492635,3.937,3.937,PASS,PASS,PRESERVING,True,0,0,0.0,EXACT_AGREEMENT
169,4.349,0.412,0.412,57.08348936866161,57.08348936866161,3.937,3.937,PASS,PASS,PRESERVING,True,0,0,0.0,EXACT_AGREEMENT
170,4.35,0.413,0.413,57.25261133118125,57.25261133118125,3.937,3.937,PASS,PASS,PRESERVING,True,0,0,0.0,EXACT_AGREEMENT
171,4.351,0.414,0.414,57.42183856395226,57.42183856395226,3.937,3.937,PASS,PASS,PRESERVING,True,0,0,0.0,EXACT_AGREEMENT
172,4.352,0.415,0.415,57.59117090899578,57.59117090899578,3.937,3.937,PASS,PASS,PRESERVING,True,0,0,0.0,EXACT_AGREEMENT
173,4.353,0.416,0.416,57.7606082088836,57.7606082088836,3.937,3.937,PASS,PASS,PRESERVING,True,0,0,0.0,EXACT_AGREEMENT
174,4.354,0.417,0.417,57.93015030673566,57.93015030673566,3.937,3.937,PASS,PASS,PRESERVING,True,0,0,0.0,EXACT_AGREEMENT
175,4.355,0.418,0.418,58.099797046216175,58.099797046216175,3.937,3.937,PASS,PASS,PRESERVING,True,0,0,0.0,EXACT_AGREEMENT
176,4.356,0.419,0.419,58.2695482715305,58.2695482715305,3.937,3.937,PASS,PASS,PRESERVING,True,0,0,0.0,EXACT_AGREEMENT
177,4.357,0.42,0.42,58.43940382742213,58.43940382742213,3.937,3.937,PASS,PASS,PRESERVING,True,0,0,0.0,EXACT_AGREEMENT
178,4.358,0.421,0.421,58.60936355916921,58.60936355916921,3.937,3.937,PASS,PASS,PRESERVING,True,0,0,0.0,EXACT_AGREEMENT
179,4.359,0.422,0.422,58.779427312581106,58.779427312581106,3.937,3.937,PASS,PASS,PRESERVING,True,0,0,0.0,EXACT_AGREEMENT
180,4.36,0.423,0.423,58.94959493399635,58.94959493399635,3.937,3.937,PASS,PASS,PRESERVING,True,0,0,0.0,EXACT_AGREEMENT
181,4.361,0.424,0.424,59.11986627027841,59.11986627027841,3.937,3.937,PASS,PASS,PRESERVING,True,0,0,0.0,EXACT_AGREEMENT
182,4.362,0.425,0.425,59.29024116881337,59.29024116881337,3.937,3.937,PASS,PASS,PRESERVING,True,0,0,0.0,EXACT_AGREEMENT
183,4.363,0.426,0.426,59.46071947750633,59.46071947750633,3.937,3.937,PASS,PASS,PRESERVING,True,0,0,0.0,EXACT_AGREEMENT
184,4.364,0.427,0.427,59.631301044778965,59.631301044778965,3.937,3.937,PASS,PASS,PRESERVING,True,0,0,0.0,EXACT_AGREEMENT
185,4.365,0.428,0.428,59.801985719565394,59.801985719565394,3.937,3.937,PASS,PASS,PRESERVING,True,0,0,0.0,EXACT_AGREEMENT
186,4.366,0.429,0.429,59.97277335131068,59.97277335131068,3.937,3.937,PASS,PASS,PRESERVING,True,0,0,0.0,EXACT_AGREEMENT
187,4.367,0.43,0.43,60.143663789966915,60.143663789966915,3.937,3.937,PASS,PASS,PRESERVING,True,0,0,0.0,EXACT_AGREEMENT
188,4.368,0.431,0.431,60.314656885990615,60.314656885990615,3.937,3.937,PASS,PASS,PRESERVING,True,0,0,0.0,EXACT_AGREEMENT
189,4.369,0.432,0.432,60.48575249033971,60.48575249033971,3.937,3.937,PASS,PASS,PRESERVING,True,0,0,0.0,EXACT_AGREEMENT
190,4.37,0.433,0.433,60.6569504544708,60.6569504544708,3.937,3.937,PASS,PASS,PRESERVING,True,0,0,0.0,EXACT_AGREEMENT
191,4.371,0.434,0.434,60.82825063033564,60.82825063033564,3.937,3.937,PASS,PASS,PRESERVING,True,0,0,0.0,EXACT_AGREEMENT
192,4.372,0.435,0.435,60.99965287037934,60.99965287037934,3.937,3.937,PASS,PASS,PRESERVING,True,0,0,0.0,EXACT_AGREEMENT
193,4.373,0.436,0.436,61.171157027537035,61.171157027537035,3.937,3.937,PASS,PASS,PRESERVING,True,0,0,0.0,EXACT_AGREEMENT
194,4.374,0.437,0.437,61.34276295523092,61.34276295523092,3.937,3.937,PASS,PASS,PRESERVING,True,0,0,0.0,EXACT_AGREEMENT
195,4.375,0.438,0.438,61.51447050736772,61.51447050736772,3.937,3.937,PASS,PASS,PRESERVING,True,0,0,0.0,EXACT_AGREEMENT
196,4.376,0.439,0.439,61.68627953833612,61.68627953833612,3.937,3.937,PASS,PASS,PRESERVING,True,0,0,0.0,EXACT_AGREEMENT
197,4.377,0.44,0.44,61.8581899030031,61.8581899030031,3.937,3.937,PASS,PASS,PRESERVING,True,0,0,0.0,EXACT_AGREEMENT
198,4.378,0.441,0.441,62.030201456712646,62.030201456712646,3.937,3.937,PASS,PASS,PRESERVING,True,0,0,0.0,EXACT_AGREEMENT
199,4.379,0.442,0.442,62.20231405528202,62.20231405528202,3.937,3.937,PASS,PASS,PRESERVING,True,0,0,0.0,EXACT_AGREEMENT
200,4.38,0.443,0.443,62.374527554999446,62.374527554999446,3.937,3.937,PASS,PASS,PRESERVING,True,0,0,0.0,EXACT_AGREEMENT
201,4.381,0.444,0.444,62.54684181262163,62.54684181262163,3.937,3.937,PASS,PASS,PRESERVING,True,0,0,0.0,EXACT_AGREEMENT
202,4.382,0.445,0.445,62.7192566853709,62.7192566853709,3.937,3.937,PASS,PASS,PRESERVING,True,0,0,0.0,EXACT_AGREEMENT
203,4.383,0.446,0.446,62.89177203093203,62.89177203093203,3.937,3.937,PASS,PASS,PRESERVING,True,0,0,0.0,EXACT_AGREEMENT
204,4.384,0.447,0.447,63.06438770745129,63.06438770745129,3.937,3.937,PASS,PASS,PRESERVING,True,0,0,0.0,EXACT_AGREEMENT
205,4.385,0.448,0.448,63.23710357353214,63.23710357353214,3.937,3.937,PASS,PASS,PRESERVING,True,0,0,0.0,EXACT_AGREEMENT
206,4.386,0.449,0.449,63.409919488233896,63.409919488233896,3.937,3.937,PASS,PASS,PRESERVING,True,0,0,0.0,EXACT_AGREEMENT
207,4.387,0.45,0.45,63.582835311068465,63.582835311068465,3.937,3.937,PASS,PASS,PRESERVING,True,0,0,0.0,EXACT_AGREEMENT
208,4.388,0.451,0.451,63.75585090199845,63.75585090199845,3.937,3.937,PASS,PASS,PRESERVING,True,0,0,0.0,EXACT_AGREEMENT
209,4.389,0.452,0.452,63.92896612143363,63.92896612143363,3.937,3.937,PASS,PASS,PRESERVING,True,0,0,0.0,EXACT_AGREEMENT
210,4.39,0.453,0.453,64.10218083023004,64.10218083023004,3.937,3.937,PASS,PASS,PRESERVING,True,0,0,0.0,EXACT_AGREEMENT
211,4.391,0.454,0.454,64.27549488968609,64.27549488968609,3.937,3.937,PASS,PASS,PRESERVING,True,0,0,0.0,EXACT_AGREEMENT
212,4.392,0.455,0.455,64.44890816154124,64.44890816154124,3.937,3.937,PASS,PASS,PRESERVING,True,0,0,0.0,EXACT_AGREEMENT
213,4.393,0.456,0.456,64.62242050797275,64.62242050797275,3.937,3.937,PASS,PASS,PRESERVING,True,0,0,0.0,EXACT_AGREEMENT
214,4.394,0.457,0.457,64.79603179159405,64.79603179159405,3.937,3.937,PASS,PASS,PRESERVING,True,0,0,0.0,EXACT_AGREEMENT
215,4.395,0.458,0.458,64.96974187545112,64.96974187545112,3.937,3.937,PASS,PASS,PRESERVING,True,0,0,0.0,EXACT_AGREEMENT
216,4.396,0.459,0.459,65.14355062302187,65.14355062302187,3.937,3.937,PASS,PASS,PRESERVING,True,0,0,0.0,EXACT_AGREEMENT
217,4.397,0.46,0.46,65.31745789821242,65.31745789821242,3.937,3.937,PASS,PASS,PRESERVING,True,0,0,0.0,EXACT_AGREEMENT
218,4.398,0.461,0.461,65.49146356535569,65.49146356535569,3.937,3.937,PASS,PASS,PRESERVING,True,0,0,0.0,EXACT_AGREEMENT
219,4.399,0.462,0.462,65.6655674892083,65.6655674892083,3.937,3.937,PASS,PASS,PRESERVING,True,0,0,0.0,EXACT_AGREEMENT
220,4.4,0.463,0.463,65.83976953494917,65.83976953494917,3.937,3.937,PASS,PASS,PRESERVING,True,0,0,0.0,EXACT_AGREEMENT
221,4.401,0.464,0.464,66.01406956817586,66.01406956817586,3.937,3.937,PASS,PASS,PRESERVING,True,0,0,0.0,EXACT_AGREEMENT
222,4.402,0.465,0.465,66.18846745490411,66.18846745490411,3.937,3.937,PASS,PASS,PRESERVING,True,0,0,0.0,EXACT_AGREEMENT
223,4.403,0.466,0.466,66.36296306156447,66.36296306156447,3.937,3.937,PASS,PASS,PRESERVING,True,0,0,0.0,EXACT_AGREEMENT
224,4.404,0.467,0.467,66.53755625500033,66.53755625500033,3.937,3.937,PASS,PASS,PRESERVING,True,0,0,0.0,EXACT_AGREEMENT
225,4.405,0.468,0.468,66.71224690246572,66.71224690246572,3.937,3.937,PASS,PASS,PRESERVING,True,0,0,0.0,EXACT_AGREEMENT
226,4.406,0.469,0.469,66.8870348716235,66.8870348716235,3.937,3.937,PASS,PASS,PRESERVING,True,0,0,0.0,EXACT_AGREEMENT
227,4.407,0.47,0.47,67.06192003054181,67.06192003054181,3.937,3.937,PASS,PASS,PRESERVING,True,0,0,0.0,EXACT_AGREEMENT
228,4.408,0.471,0.471,67.2369022476942,67.2369022476942,3.937,3.937,PASS,PASS,PRESERVING,True,0,0,0.0,EXACT_AGREEMENT
229,4.409,0.472,0.472,67.41198139195559,67.41198139195559,3.937,3.937,PASS,PASS,PRESERVING,True,0,0,0.0,EXACT_AGREEMENT
230,4.41,0.473,0.473,67.58715733260098,67.58715733260098,3.937,3.937,PASS,PASS,PRESERVING,True,0,0,0.0,EXACT_AGREEMENT
231,4.411,0.474,0.474,67.76242993930329,67.76242993930329,3.937,3.937,PASS,PASS,PRESERVING,True,0,0,0.0,EXACT_AGREEMENT
232,4.412,0.475,0.475,67.93779908213101,67.93779908213101,3.937,3.937,PASS,PASS,PRESERVING,True,0,0,0.0,EXACT_AGREEMENT
233,4.413,0.476,0.476,68.11326463154663,68.11326463154663,3.937,3.937,PASS,PASS,PRESERVING,True,0,0,0.0,EXACT_AGREEMENT
234,4.414,0.477,0.477,68.28882645840352,68.28882645840352,3.937,3.937,PASS,PASS,PRESERVING,True,0,0,0.0,EXACT_AGREEMENT
235,4.415,0.478,0.478,68.46448443394532,68.46448443394532,3.937,3.937,PASS,PASS,PRESERVING,True,0,0,0.0,EXACT_AGREEMENT
236,4.416,0.479,0.479,68.64023842980316,68.64023842980316,3.937,3.937,PASS,PASS,PRESERVING,True,0,0,0.0,EXACT_AGREEMENT
237,4.417,0.48,0.48,68.81608831799328,68.81608831799328,3.937,3.937,PASS,PASS,PRESERVING,True,0,0,0.0,EXACT_AGREEMENT
238,4.418,0.481,0.481,68.99203397091617,68.99203397091617,3.937,3.937,PASS,PASS,PRESERVING,True,0,0,0.0,EXACT_AGREEMENT
239,4.419,0.482,0.482,69.16807526135294,69.16807526135294,3.937,3.937,PASS,PASS,PRESERVING,True,0,0,0.0,EXACT_AGREEMENT
240,4.42,0.483,0.483,69.34421206246495,69.34421206246495,3.937,3.937,PASS,PASS,PRESERVING,True,0,0,0.0,EXACT_AGREEMENT
241,4.421,0.484,0.484,69.52044424779127,69.52044424779127,3.937,3.937,PASS,PASS,PRESERVING,True,0,0,0.0,EXACT_AGREEMENT
242,4.422,0.485,0.485,69.69677169124638,69.69677169124638,3.937,3.937,PASS,PASS,PRESERVING,True,0,0,0.0,EXACT_AGREEMENT
243,4.423,0.486,0.486,69.87319426711854,69.87319426711854,3.937,3.937,PASS,PASS,PRESERVING,True,0,0,0.0,EXACT_AGREEMENT
244,4.424,0.487,0.487,70.04971185006823,70.04971185006823,3.937,3.937,PASS,PASS,PRESERVING,True,0,0,0.0,EXACT_AGREEMENT
245,4.425,0.488,0.488,70.22632431512572,70.22632431512572,3.937,3.937,PASS,PASS,PRESERVING,True,0,0,0.0,EXACT_AGREEMENT
246,4.426,0.489,0.489,70.40303153768883,70.40303153768883,3.937,3.937,PASS,PASS,PRESERVING,True,0,0,0.0,EXACT_AGREEMENT
247,4.427,0.49,0.49,70.57983339352239,70.57983339352239,3.937,3.937,PASS,PASS,PRESERVING,True,0,0,0.0,EXACT_AGREEMENT
248,4.428,0.491,0.491,70.75672975875528,70.75672975875528,3.937,3.937,PASS,PASS,PRESERVING,True,0,0,0.0,EXACT_AGREEMENT
249,4.429,0.492,0.492,70.93372050987885,70.93372050987885,3.937,3.937,PASS,PASS,PRESERVING,True,0,0,0.0,EXACT_AGREEMENT
250,4.43,0.493,0.493,71.11080552374565,71.11080552374565,3.937,3.937,PASS,PASS,PRESERVING,True,0,0,0.0,EXACT_AGREEMENT
251,4.431,0.494,0.494,71.28798467756593,71.28798467756593,3.937,3.937,PASS,PASS,PRESERVING,True,0,0,0.0,EXACT_AGREEMENT
252,4.432,0.495,0.495,71.46525784890817,71.46525784890817,3.937,3.937,PASS,PASS,PRESERVING,True,0,0,0.0,EXACT_AGREEMENT
253,4.433,0.496,0.496,71.64262491569566,71.64262491569566,3.937,3.937,PASS,PASS,PRESERVING,True,0,0,0.0,EXACT_AGREEMENT
254,4.434,0.497,0.497,71.82008575620523,71.82008575620523,3.937,3.937,PASS,PASS,PRESERVING,True,0,0,0.0,EXACT_AGREEMENT
255,4.435,0.498,0.498,71.9976402490655,71.9976402490655,3.937,3.937,PASS,PASS,PRESERVING,True,0,0,0.0,EXACT_AGREEMENT
256,4.436,0.499,0.499,72.17528827325498,72.17528827325498,3.937,3.937,PASS,PASS,PRESERVING,True,0,0,0.0,EXACT_AGREEMENT
257,4.437,0.5,0.5,72.35302970810072,72.35302970810072,3.937,3.937,PASS,PASS,PRESERVING,True,0,0,0.0,EXACT_AGREEMENT
258,4.438,0.501,0.501,72.53086443327551,72.53086443327551,3.937,3.937,PASS,PASS,PRESERVING,True,0,0,0.0,EXACT_AGREEMENT
259,4.439,0.502,0.502,72.70879232879778,72.70879232879778,3.937,3.937,PASS,PASS,PRESERVING,True,0,0,0.0,EXACT_AGREEMENT
260,4.44,0.503,0.503,72.88681327502869,72.88681327502869,3.937,3.937,PASS,PASS,PRESERVING,True,0,0,0.0,EXACT_AGREEMENT
261,4.441,0.504,0.504,73.06492715267073,73.06492715267073,3.937,3.937,PASS,PASS,PRESERVING,True,0,0,0.0,EXACT_AGREEMENT
262,4.442,0.505,0.505,73.24313384276653,73.24313384276653,3.937,3.937,PASS,PASS,PRESERVING,True,0,0,0.0,EXACT_AGREEMENT
263,4.443,0.506,0.506,73.42143322669587,73.42143322669587,3.937,3.937,PASS,PASS,PRESERVING,True,0,0,0.0,EXACT_AGREEMENT
264,4.444,0.507,0.507,73.59982518617569,73.59982518617569,3.937,3.937,PASS,PASS,PRESERVING,True,0,0,0.0,EXACT_AGREEMENT
265,4.445,0.508,0.508,73.77830960325744,73.77830960325744,3.937,3.937,PASS,PASS,PRESERVING,True,0,0,0.0,EXACT_AGREEMENT
266,4.446,0.509,0.509,73.95688636032565,73.95688636032565,3.937,3.937,PASS,PASS,PRESERVING,True,0,0,0.0,EXACT_AGREEMENT
267,4.447,0.51,0.51,74.13555534009637,74.13555534009637,3.937,3.937,PASS,PASS,PRESERVING,True,0,0,0.0,EXACT_AGREEMENT
268,4.448,0.511,0.511,74.31431642561535,74.31431642561535,3.937,3.937,PASS,PASS,PRESERVING,True,0,0,0.0,EXACT_AGREEMENT
269,4.449,0.512,0.512,74.49316950025707,74.49316950025707,3.937,3.937,PASS,PASS,PRESERVING,True,0,0,0.0,EXACT_AGREEMENT
270,4.45,0.513,0.513,74.67211444772173,74.67211444772173,3.937,3.937,PASS,PASS,PRESERVING,True,0,0,0.0,EXACT_AGREEMENT
271,4.451,0.514,0.514,74.85115115203553,74.85115115203553,3.937,3.937,PASS,PASS,PRESERVING,True,0,0,0.0,EXACT_AGREEMENT
272,4.452,0.515,0.515,75.03027949754768,75.03027949754768,3.937,3.937,PASS,PASS,PRESERVING,True,0,0,0.0,EXACT_AGREEMENT
273,4.453,0.516,0.516,75.20949936892963,75.20949936892963,3.937,3.937,PASS,PASS,PRESERVING,True,0,0,0.0,EXACT_AGREEMENT
274,4.454,0.517,0.517,75.38881065117336,75.38881065117336,3.937,3.937,PASS,PASS,PRESERVING,True,0,0,0.0,EXACT_AGREEMENT
275,4.455,0.518,0.518,75.56821322958875,75.56821322958875,3.937,3.937,PASS,PASS,PRESERVING,True,0,0,0.0,EXACT_AGREEMENT
276,4.456,0.519,0.519,75.74770698980423,75.74770698980423,3.937,3.937,PASS,PASS,PRESERVING,True,0,0,0.0,EXACT_AGREEMENT
277,4.457,0.52,0.52,75.92729181776332,75.92729181776332,3.937,3.937,PASS,PASS,PRESERVING,True,0,0,0.0,EXACT_AGREEMENT
278,4.458,0.521,0.521,76.10696759972423,76.10696759972423,3.937,3.937,PASS,PASS,PRESERVING,True,0,0,0.0,EXACT_AGREEMENT
279,4.459,0.522,0.522,76.28673422225766,76.28673422225766,3.937,3.937,PASS,PASS,PRESERVING,True,0,0,0.0,EXACT_AGREEMENT
280,4.46,0.523,0.523,76.4665915722459,76.4665915722459,3.937,3.937,PASS,PASS,PRESERVING,True,0,0,0.0,EXACT_AGREEMENT
281,4.461,0.524,0.524,76.64653953688114,76.64653953688114,3.937,3.937,PASS,PASS,PRESERVING,True,0,0,0.0,EXACT_AGREEMENT
282,4.462,0.525,0.525,76.8265780036633,76.8265780036633,3.937,3.937,PASS,PASS,PRESERVING,True,0,0,0.0,EXACT_AGREEMENT
283,4.463,0.526,0.526,77.0067068604,77.0067068604,3.937,3.937,PASS,PASS,PRESERVING,True,0,0,0.0,EXACT_AGREEMENT
284,4.464,0.527,0.527,77.18692599520384,77.18692599520384,3.937,3.937,PASS,PASS,PRESERVING,True,0,0,0.0,EXACT_AGREEMENT
285,4.465,0.528,0.528,77.36723529649178,77.36723529649178,3.937,3.937,PASS,PASS,PRESERVING,True,0,0,0.0,EXACT_AGREEMENT
286,4.466,0.529,0.529,77.54763465298348,77.54763465298348,3.937,3.937,PASS,PASS,PRESERVING,True,0,0,0.0,EXACT_AGREEMENT
287,4.467,0.53,0.53,77.72812395369895,77.72812395369895,3.937,3.937,PASS,PASS,PRESERVING,True,0,0,0.0,EXACT_AGREEMENT
288,4.468,0.531,0.531,77.90870308795876,77.90870308795876,3.937,3.937,PASS,PASS,PRESERVING,True,0,0,0.0,EXACT_AGREEMENT
289,4.469,0.532,0.532,78.0893719453818,78.0893719453818,3.937,3.937,PASS,PASS,PRESERVING,True,0,0,0.0,EXACT_AGREEMENT
290,4.47,0.533,0.533,78.27013041588366,78.27013041588366,3.937,3.937,PASS,PASS,PRESERVING,True,0,0,0.0,EXACT_AGREEMENT
291,4.471,0.534,0.534,78.45097838967553,78.45097838967553,3.937,3.937,PASS,PASS,PRESERVING,True,0,0,0.0,EXACT_AGREEMENT
292,4.472,0.535,0.535,78.63191575726316,78.63191575726316,3.937,3.937,PASS,PASS,PRESERVING,True,0,0,0.0,EXACT_AGREEMENT
293,4.473,0.536,0.536,78.81294240944503,78.81294240944503,3.937,3.937,PASS,PASS,PRESERVING,True,0,0,0.0,EXACT_AGREEMENT
294,4.474,0.537,0.537,78.99405823731051,78.99405823731051,3.937,3.937,PASS,PASS,PRESERVING,True,0,0,0.0,EXACT_AGREEMENT
295,4.475,0.538,0.538,79.17526313223993,79.17526313223993,3.937,3.937,PASS,PASS,PRESERVING,True,0,0,0.0,EXACT_AGREEMENT
296,4.476,0.539,0.539,79.35655698590197,79.35655698590197,3.937,3.937,PASS,PASS,PRESERVING,True,0,0,0.0,EXACT_AGREEMENT
297,4.477,0.54,0.54,79.53793969025295,79.53793969025295,3.937,3.937,PASS,PASS,PRESERVING,True,0,0,0.0,EXACT_AGREEMENT
298,4.478,0.541,0.541,79.7194111375357,79.7194111375357,3.937,3.937,PASS,PASS,PRESERVING,True,0,0,0.0,EXACT_AGREEMENT
299,4.479,0.542,0.542,79.90097122027703,79.90097122027703,3.937,3.937,PASS,PASS,PRESERVING,True,0,0,0.0,EXACT_AGREEMENT
300,4.48,0.543,0.543,80.08261983128789,80.08261983128789,3.937,3.937,PASS,PASS,PRESERVING,True,0,0,0.0,EXACT_AGREEMENT
301,4.481,0.544,0.544,80.26435686366148,80.26435686366148,3.937,3.937,PASS,PASS,PRESERVING,True,0,0,0.0,EXACT_AGREEMENT
302,4.482,0.545,0.545,80.44618221077182,80.44618221077182,3.937,3.937,PASS,PASS,PRESERVING,True,0,0,0.0,EXACT_AGREEMENT
303,4.483,0.546,0.546,80.62809576627257,80.62809576627257,3.937,3.937,PASS,PASS,PRESERVING,True,0,0,0.0,EXACT_AGREEMENT
304,4.484,0.547,0.547,80.81009742409596,80.81009742409596,3.937,3.937,PASS,PASS,PRESERVING,True,0,0,0.0,EXACT_AGREEMENT
305,4.485,0.548,0.548,80.99218707845156,80.99218707845156,3.937,3.937,PASS,PASS,PRESERVING,True,0,0,0.0,EXACT_AGREEMENT
306,4.486,0.549,0.549,81.17436462382389,81.17436462382389,3.937,3.937,PASS,PASS,PRESERVING,True,0,0,0.0,EXACT_AGREEMENT
307,4.487,0.55,0.55,81.35662995497309,81.35662995497309,3.937,3.937,PASS,PASS,PRESERVING,True,0,0,0.0,EXACT_AGREEMENT
308,4.488,0.551,0.551,81.53898296693227,81.53898296693227,3.937,3.937,PASS,PASS,PRESERVING,True,0,0,0.0,EXACT_AGREEMENT
309,4.489,0.552,0.552,81.72142355500691,81.72142355500691,3.937,3.937,PASS,PASS,PRESERVING,True,0,0,0.0,EXACT_AGREEMENT
310,4.49,0.553,0.553,81.90395161477353,81.90395161477353,3.937,3.937,PASS,PASS,PRESERVING,True,0,0,0.0,EXACT_AGREEMENT
311,4.491,0.554,0.554,82.08656704207768,82.08656704207768,3.937,3.937,PASS,PASS,PRESERVING,True,0,0,0.0,EXACT_AGREEMENT
312,4.492,0.555,0.555,82.2692697330342,82.2692697330342,3.937,3.937,PASS,PASS,PRESERVING,True,0,0,0.0,EXACT_AGREEMENT
313,4.493,0.556,0.556,82.4520595840249,82.4520595840249,3.937,3.937,PASS,PASS,PRESERVING,True,0,0,0.0,EXACT_AGREEMENT
314,4.494,0.557,0.557,82.63493649169801,82.63493649169801,3.937,3.937,PASS,PASS,PRESERVING,True,0,0,0.0,EXACT_AGREEMENT
315,4.495,0.558,0.558,82.81790035296616,82.81790035296616,3.937,3.937,PASS,PASS,PRESERVING,True,0,0,0.0,EXACT_AGREEMENT
316,4.496,0.559,0.559,83.00095106500629,83.00095106500629,3.937,3.937,PASS,PASS,PRESERVING,True,0,0,0.0,EXACT_AGREEMENT
317,4.497,0.56,0.56,83.18408852525788,83.18408852525788,3.937,3.937,PASS,PASS,PRESERVING,True,0,0,0.0,EXACT_AGREEMENT
318,4.498,0.561,0.561,83.36731263142123,83.36731263142123,3.937,3.937,PASS,PASS,PRESERVING,True,0,0,0.0,EXACT_AGREEMENT
319,4.499,0.562,0.562,83.55062328145755,83.55062328145755,3.937,3.937,PASS,PASS,PRESERVING,True,0,0,0.0,EXACT_AGREEMENT
320,4.5,0.563,0.563,83.73402037358707,83.73402037358707,3.937,3.937,PASS,PASS,PRESERVING,True,0,0,0.0,EXACT_AGREEMENT
321,4.501,0.564,0.564,83.91750380628774,83.91750380628774,3.937,3.937,PASS,PASS,PRESERVING,True,0,0,0.0,EXACT_AGREEMENT
322,4.502,0.565,0.565,84.10107347829457,84.10107347829457,3.937,3.937,PASS,PASS,PRESERVING,True,0,0,0.0,EXACT_AGREEMENT
323,4.503,0.566,0.566,84.28472928859861,84.28472928859861,3.937,3.937,PASS,PASS,PRESERVING,True,0,0,0.0,EXACT_AGREEMENT
324,4.504,0.567,0.567,84.46847113644439,84.46847113644439,3.937,3.937,PASS,PASS,PRESERVING,True,0,0,0.0,EXACT_AGREEMENT
325,4.505,0.568,0.568,84.65229892133114,84.65229892133114,3.937,3.937,PASS,PASS,PRESERVING,True,0,0,0.0,EXACT_AGREEMENT
326,4.506,0.569,0.569,84.83621254300982,84.83621254300982,3.937,3.937,PASS,PASS,PRESERVING,True,0,0,0.0,EXACT_AGREEMENT
327,4.507,0.57,0.57,85.02021190148295,85.02021190148295,3.937,3.937,PASS,PASS,PRESERVING,True,0,0,0.0,EXACT_AGREEMENT
328,4.508,0.571,0.571,85.20429689700306,85.20429689700306,3.937,3.937,PASS,PASS,PRESERVING,True,0,0,0.0,EXACT_AGREEMENT
329,4.509,0.572,0.572,85.38846743007178,85.38846743007178,3.937,3.937,PASS,PASS,PRESERVING,True,0,0,0.0,EXACT_AGREEMENT
330,4.51,0.573,0.573,85.57272340143905,85.57272340143905,3.937,3.937,PASS,PASS,PRESERVING,True,0,0,0.0,EXACT_AGREEMENT
331,4.511,0.574,0.574,85.75706471210107,85.75706471210107,3.937,3.937,PASS,PASS,PRESERVING,True,0,0,0.0,EXACT_AGREEMENT
332,4.512,0.575,0.575,85.94149126330045,85.94149126330045,3.937,3.937,PASS,PASS,PRESERVING,True,0,0,0.0,EXACT_AGREEMENT
333,4.513,0.576,0.576,86.12600295652462,86.12600295652462,3.937,3.937,PASS,PASS,PRESERVING,True,0,0,0.0,EXACT_AGREEMENT
334,4.514,0.577,0.577,86.3105996935045,86.3105996935045,3.937,3.937,PASS,PASS,PRESERVING,True,0,0,0.0,EXACT_AGREEMENT
335,4.515,0.578,0.578,86.49528137621428,86.49528137621428,3.937,3.937,PASS,PASS,PRESERVING,True,0,0,0.0,EXACT_AGREEMENT
336,4.516,0.579,0.579,86.6800479068686,86.6800479068686,3.937,3.937,PASS,PASS,PRESERVING,True,0,0,0.0,EXACT_AGREEMENT
337,4.517,0.58,0.58,86.86489918792391,86.86489918792391,3.937,3.937,PASS,PASS,PRESERVING,True,0,0,0.0,EXACT_AGREEMENT
338,4.518,0.581,0.581,87.04983512207598,87.04983512207598,3.937,3.937,PASS,PASS,PRESERVING,True,0,0,0.0,EXACT_AGREEMENT
339,4.519,0.582,0.582,87.23485561225888,87.23485561225888,3.937,3.937,PASS,PASS,PRESERVING,True,0,0,0.0,EXACT_AGREEMENT
340,4.52,0.583,0.583,87.41996056164442,87.41996056164442,3.937,3.937,PASS,PASS,PRESERVING,True,0,0,0.0,EXACT_AGREEMENT
341,4.521,0.584,0.584,87.60514987364093,87.60514987364093,3.937,3.937,PASS,PASS,PRESERVING,True,0,0,0.0,EXACT_AGREEMENT
342,4.522,0.585,0.585,87.7904234518926,87.7904234518926,3.937,3.937,PASS,PASS,PRESERVING,True,0,0,0.0,EXACT_AGREEMENT
343,4.523,0.586,0.586,87.97578120027724,87.97578120027724,3.937,3.937,PASS,PASS,PRESERVING,True,0,0,0.0,EXACT_AGREEMENT
344,4.524,0.587,0.587,88.1612230229071,88.1612230229071,3.937,3.937,PASS,PASS,PRESERVING,True,0,0,0.0,EXACT_AGREEMENT
345,4.525,0.588,0.588,88.34674882412682,88.34674882412682,3.937,3.937,PASS,PASS,PRESERVING,True,0,0,0.0,EXACT_AGREEMENT
346,4.526,0.589,0.589,88.53235850851236,88.53235850851236,3.937,3.937,PASS,PASS,PRESERVING,True,0,0,0.0,EXACT_AGREEMENT
347,4.527,0.59,0.59,88.71805198087083,88.71805198087083,3.937,3.937,PASS,PASS,PRESERVING,True,0,0,0.0,EXACT_AGREEMENT
348,4.528,0.591,0.591,88.90382914623795,88.90382914623795,3.937,3.937,PASS,PASS,PRESERVING,True,0,0,0.0,EXACT_AGREEMENT
349,4.529,0.592,0.592,89.08968990987908,89.08968990987908,3.937,3.937,PASS,PASS,PRESERVING,True,0,0,0.0,EXACT_AGREEMENT
350,4.53,0.593,0.593,89.27563417728699,89.27563417728699,3.937,3.937,PASS,PASS,PRESERVING,True,0,0,0.0,EXACT_AGREEMENT
351,4.531,0.594,0.594,89.4616618541812,89.4616618541812,3.937,3.937,PASS,PASS,PRESERVING,True,0,0,0.0,EXACT_AGREEMENT
352,4.532,0.595,0.595,89.64777284650695,89.64777284650695,3.937,3.937,PASS,PASS,PRESERVING,True,0,0,0.0,EXACT_AGREEMENT
353,4.533,0.596,0.596,89.8339670604345,89.8339670604345,3.937,3.937,PASS,PASS,PRESERVING,True,0,0,0.0,EXACT_AGREEMENT
354,4.534,0.597,0.597,90.02024440235823,90.02024440235823,3.937,3.937,PASS,PASS,PRESERVING,True,0,0,0.0,EXACT_AGREEMENT
355,4.535,0.598,0.598,90.20660477889476,90.20660477889476,3.937,3.937,PASS,PASS,PRESERVING,True,0,0,0.0,EXACT_AGREEMENT
356,4.536,0.599,0.599,90.39304809688359,90.39304809688359,3.937,3.937,PASS,PASS,PRESERVING,True,0,0,0.0,EXACT_AGREEMENT
357,4.537,0.6,0.6,90.57957426338518,90.57957426338518,3.937,3.937,PASS,PASS,PRESERVING,True,0,0,0.0,EXACT_AGREEMENT
358,4.538,0.601,0.601,90.76618318568,90.76618318568,3.937,3.937,PASS,PASS,PRESERVING,True,0,0,0.0,EXACT_AGREEMENT
359,4.539,0.602,0.602,90.95287477126844,90.95287477126844,3.937,3.937,PASS,PASS,PRESERVING,True,0,0,0.0,EXACT_AGREEMENT
360,4.54,0.603,0.603,91.13964892786835,91.13964892786835,3.937,3.937,PASS,PASS,PRESERVING,True,0,0,0.0,EXACT_AGREEMENT
361,4.541,0.604,0.604,91.32650556341596,91.32650556341596,3.937,3.937,PASS,PASS,PRESERVING,True,0,0,0.0,EXACT_AGREEMENT
362,4.542,0.605,0.605,91.51344458606376,91.51344458606376,3.937,3.937,PASS,PASS,PRESERVING,True,0,0,0.0,EXACT_AGREEMENT
363,4.543,0.606,0.606,91.70046590418022,91.70046590418022,3.937,3.937,PASS,PASS,PRESERVING,True,0,0,0.0,EXACT_AGREEMENT
364,4.544,0.607,0.607,91.88756942634846,91.88756942634846,3.937,3.937,PASS,PASS,PRESERVING,True,0,0,0.0,EXACT_AGREEMENT
365,4.545,0.608,0.608,92.07475506136575,92.07475506136575,3.937,3.937,PASS,PASS,PRESERVING,True,0,0,0.0,EXACT_AGREEMENT
366,4.546,0.609,0.609,92.26202271824266,92.26202271824266,3.937,3.937,PASS,PASS,PRESERVING,True,0,0,0.0,EXACT_AGREEMENT
367,4.547,0.61,0.61,92.4493723062013,92.4493723062013,3.937,3.937,PASS,PASS,PRESERVING,True,0,0,0.0,EXACT_AGREEMENT
368,4.548,0.611,0.611,92.63680373467587,92.63680373467587,3.937,3.937,PASS,PASS,PRESERVING,True,0,0,0.0,EXACT_AGREEMENT
369,4.549,0.612,0.612,92.82431691331095,92.82431691331095,3.937,3.937,PASS,PASS,PRESERVING,True,0,0,0.0,EXACT_AGREEMENT
370,4.55,0.613,0.613,93.01191175196062,93.01191175196062,3.937,3.937,PASS,PASS,PRESERVING,True,0,0,0.0,EXACT_AGREEMENT
371,4.551,0.614,0.614,93.19958816068814,93.19958816068814,3.937,3.937,PASS,PASS,PRESERVING,True,0,0,0.0,EXACT_AGREEMENT
372,4.552,0.615,0.615,93.38734604976409,93.38734604976409,3.937,3.937,PASS,PASS,PRESERVING,True,0,0,0.0,EXACT_AGREEMENT
373,4.553,0.616,0.616,93.5751853296669,93.5751853296669,3.937,3.937,PASS,PASS,PRESERVING,True,0,0,0.0,EXACT_AGREEMENT
374,4.554,0.617,0.617,93.76310591108093,93.76310591108093,3.937,3.937,PASS,PASS,PRESERVING,True,0,0,0.0,EXACT_AGREEMENT
375,4.555,0.618,0.618,93.95110770489622,93.95110770489622,3.937,3.937,PASS,PASS,PRESERVING,True,0,0,0.0,EXACT_AGREEMENT
376,4.556,0.619,0.619,94.1391906222073,94.1391906222073,3.937,3.937,PASS,PASS,PRESERVING,True,0,0,0.0,EXACT_AGREEMENT
377,4.557,0.62,0.62,94.32735457431262,94.32735457431262,3.937,3.937,PASS,PASS,PRESERVING,True,0,0,0.0,EXACT_AGREEMENT
378,4.558,0.621,0.621,94.51559947271397,94.51559947271397,3.937,3.937,PASS,PASS,PRESERVING,True,0,0,0.0,EXACT_AGREEMENT
379,4.559,0.622,0.622,94.70392522911456,94.70392522911456,3.937,3.937,PASS,PASS,PRESERVING,True,0,0,0.0,EXACT_AGREEMENT
380,4.56,0.623,0.623,94.8923317554196,94.8923317554196,3.937,3.937,PASS,PASS,PRESERVING,True,0,0,0.0,EXACT_AGREEMENT
381,4.561,0.624,0.624,95.08081896373487,95.08081896373487,3.937,3.937,PASS,PASS,PRESERVING,True,0,0,0.0,EXACT_AGREEMENT
382,4.562,0.625,0.625,95.26938676636584,95.26938676636584,3.937,3.937,PASS,PASS,PRESERVING,True,0,0,0.0,EXACT_AGREEMENT
383,4.563,0.626,0.626,95.45803507581736,95.45803507581736,3.937,3.937,PASS,PASS,PRESERVING,True,0,0,0.0,EXACT_AGREEMENT
384,4.564,0.627,0.627,95.6467638047916,95.6467638047916,3.937,3.937,PASS,PASS,PRESERVING,True,0,0,0.0,EXACT_AGREEMENT
385,4.565,0.628,0.628,95.83557286618908,95.83557286618908,3.937,3.937,PASS,PASS,PRESERVING,True,0,0,0.0,EXACT_AGREEMENT
386,4.566,0.629,0.629,96.02446217310656,96.02446217310656,3.937,3.937,PASS,PASS,PRESERVING,True,0,0,0.0,EXACT_AGREEMENT
387,4.567,0.63,0.63,96.21343163883682,96.21343163883682,3.937,3.937,PASS,PASS,PRESERVING,True,0,0,0.0,EXACT_AGREEMENT
388,4.568,0.631,0.631,96.4024811768677,96.4024811768677,3.937,3.937,PASS,PASS,PRESERVING,True,0,0,0.0,EXACT_AGREEMENT
389,4.569,0.632,0.632,96.59161070088145,96.59161070088145,3.937,3.937,PASS,PASS,PRESERVING,True,0,0,0.0,EXACT_AGREEMENT
390,4.57,0.633,0.633,96.780820124754,96.780820124754,3.937,3.937,PASS,PASS,PRESERVING,True,0,0,0.0,EXACT_AGREEMENT
391,4.571,0.634,0.634,96.97010936255371,96.97010936255371,3.937,3.937,PASS,PASS,PRESERVING,True,0,0,0.0,EXACT_AGREEMENT
392,4.572,0.635,0.635,97.15947832854134,97.15947832854134,3.937,3.937,PASS,PASS,PRESERVING,True,0,0,0.0,EXACT_AGREEMENT
393,4.573,0.636,0.636,97.34892693716898,97.34892693716898,3.937,3.937,PASS,PASS,PRESERVING,True,0,0,0.0,EXACT_AGREEMENT
394,4.574,0.637,0.637,97.53845510307913,97.53845510307913,3.937,3.937,PASS,PASS,PRESERVING,True,0,0,0.0,EXACT_AGREEMENT
395,4.575,0.638,0.638,97.7280627411045,97.7280627411045,3.937,3.937,PASS,PASS,PRESERVING,True,0,0,0.0,EXACT_AGREEMENT
396,4.576,0.639,0.639,97.91774976626631,97.91774976626631,3.937,3.937,PASS,PASS,PRESERVING,True,0,0,0.0,EXACT_AGREEMENT
397,4.577,0.64,0.64,98.10751609377455,98.10751609377455,3.937,3.937,PASS,PASS,PRESERVING,True,0,0,0.0,EXACT_AGREEMENT
398,4.578,0.641,0.641,98.29736163902679,98.29736163902679,3.937,3.937,PASS,PASS,PRESERVING,True,0,0,0.0,EXACT_AGREEMENT
399,4.579,0.642,0.642,98.48728631760744,98.48728631760744,3.937,3.937,PASS,PASS,PRESERVING,True,0,0,0.0,EXACT_AGREEMENT
400,4.58,0.643,0.643,98.67729004528717,98.67729004528717,3.937,3.937,PASS,PASS,PRESERVING,True,0,0,0.0,EXACT_AGREEMENT
401,4.581,0.644,0.644,98.86737273802214,98.86737273802214,3.937,3.937,PASS,PASS,PRESERVING,True,0,0,0.0,EXACT_AGREEMENT
402,4.582,0.645,0.645,99.05753431195335,99.05753431195335,3.937,3.937,PASS,PASS,PRESERVING,True,0,0,0.0,EXACT_AGREEMENT
403,4.583,0.646,0.646,99.24777468340528,99.24777468340528,3.937,3.937,PASS,PASS,PRESERVING,True,0,0,0.0,EXACT_AGREEMENT
404,4.584,0.647,0.647,99.43809376888645,99.43809376888645,3.937,3.937,PASS,PASS,PRESERVING,True,0,0,0.0,EXACT_AGREEMENT
405,4.585,0.648,0.648,99.62849148508762,99.62849148508762,3.937,3.937,PASS,PASS,PRESERVING,True,0,0,0.0,EXACT_AGREEMENT
406,4.586,0.649,0.649,99.81896774888176,99.81896774888176,3.937,3.937,PASS,PASS,PRESERVING,True,0,0,0.0,EXACT_AGREEMENT
