state_order,state_mm,remaining_passes,rpra_action_mm,rpra_immediate_deflection_um,rpra_successor_mm,rpra_discrete_class,rpra_selected_continuous_status,rpra_selected_continuous_detail,online_decision_status,online_action_mm,online_immediate_deflection_um,online_successor_mm,online_discrete_class,online_selected_continuous_status,exact_action_agreement,signed_action_delta_um_online_minus_rpra,absolute_action_difference_um,immediate_deflection_delta_um_rpra_minus_online,disagreement_classification,rpra_local_candidate_count,rpra_preserving_candidate_count,online_local_candidate_count,online_continuous_solve_calls,online_downstream_pass_count_evaluated,online_downstream_fail_count_evaluated,online_downstream_unresolved_count_evaluated
0,4.18,3,0.36,53.026787309836045,3.82,PRESERVING,PASS,continuous_reference_residual_valid_optimizer_reported_success,PASS,0.36,53.026787309836045,3.82,PRESERVING,PASS,True,0,0,0.0,EXACT_AGREEMENT,1,1,1,1,1,0,0
1,4.181,3,0.36,52.985165029703495,3.821,PRESERVING,PASS,continuous_reference_residual_valid_optimizer_reported_success,PASS,0.36,52.985165029703495,3.821,PRESERVING,PASS,True,0,0,0.0,EXACT_AGREEMENT,2,2,2,1,1,0,0
2,4.182,3,0.36,52.943586298906844,3.822,PRESERVING,PASS,continuous_reference_residual_valid_optimizer_reported_success,PASS,0.36,52.943586298906844,3.822,PRESERVING,PASS,True,0,0,0.0,EXACT_AGREEMENT,3,3,3,1,1,0,0
3,4.183,3,0.36,52.90205106050394,3.823,PRESERVING,PASS,continuous_reference_residual_valid_optimizer_reported_success,PASS,0.36,52.90205106050394,3.823,PRESERVING,PASS,True,0,0,0.0,EXACT_AGREEMENT,4,4,4,1,1,0,0
4,4.184,3,0.36,52.86055925764199,3.824,PRESERVING,PASS,continuous_reference_residual_valid_optimizer_reported_success,PASS,0.36,52.86055925764199,3.824,PRESERVING,PASS,True,0,0,0.0,EXACT_AGREEMENT,5,5,5,1,1,0,0
5,4.185,3,0.36,52.81911083355733,3.825,PRESERVING,PASS,continuous_reference_residual_valid_optimizer_reported_non_success,PASS,0.36,52.81911083355733,3.825,PRESERVING,PASS,True,0,0,0.0,EXACT_AGREEMENT,6,6,6,1,1,0,0
6,4.186,3,0.36,52.777705731575345,3.826,PRESERVING,PASS,continuous_reference_residual_valid_optimizer_reported_success,PASS,0.36,52.777705731575345,3.826,PRESERVING,PASS,True,0,0,0.0,EXACT_AGREEMENT,7,7,7,1,1,0,0
7,4.187,3,0.36,52.73634389511021,3.827,PRESERVING,PASS,continuous_reference_residual_valid_optimizer_reported_success,PASS,0.36,52.73634389511021,3.827,PRESERVING,PASS,True,0,0,0.0,EXACT_AGREEMENT,8,8,8,1,1,0,0
8,4.188,3,0.36,52.69502526766479,3.828,PRESERVING,PASS,continuous_reference_residual_valid_optimizer_reported_success,PASS,0.36,52.69502526766479,3.828,PRESERVING,PASS,True,0,0,0.0,EXACT_AGREEMENT,9,9,9,1,1,0,0
9,4.189,3,0.36,52.65374979283043,3.829,PRESERVING,PASS,continuous_reference_residual_valid_optimizer_reported_success,PASS,0.36,52.65374979283043,3.829,PRESERVING,PASS,True,0,0,0.0,EXACT_AGREEMENT,10,10,10,1,1,0,0
10,4.19,3,0.36,52.612517414286856,3.83,PRESERVING,PASS,continuous_reference_residual_valid_optimizer_reported_success,PASS,0.36,52.612517414286856,3.83,PRESERVING,PASS,True,0,0,0.0,EXACT_AGREEMENT,11,11,11,1,1,0,0
11,4.191,3,0.36,52.571328075801944,3.831,PRESERVING,PASS,continuous_reference_residual_valid_optimizer_reported_success,PASS,0.36,52.571328075801944,3.831,PRESERVING,PASS,True,0,0,0.0,EXACT_AGREEMENT,12,12,12,1,1,0,0
12,4.192,3,0.36,52.530181721231614,3.832,PRESERVING,PASS,continuous_reference_residual_valid_optimizer_reported_non_success,PASS,0.36,52.530181721231614,3.832,PRESERVING,PASS,True,0,0,0.0,EXACT_AGREEMENT,13,13,13,1,1,0,0
13,4.193,3,0.36,52.48907829451962,3.833,PRESERVING,PASS,continuous_reference_residual_valid_optimizer_reported_success,PASS,0.36,52.48907829451962,3.833,PRESERVING,PASS,True,0,0,0.0,EXACT_AGREEMENT,14,14,14,1,1,0,0
14,4.194,3,0.36,52.44801773969748,3.834,PRESERVING,PASS,continuous_reference_residual_valid_optimizer_reported_success,PASS,0.36,52.44801773969748,3.834,PRESERVING,PASS,True,0,0,0.0,EXACT_AGREEMENT,15,15,15,1,1,0,0
15,4.195,3,0.36,52.4070000008842,3.835,PRESERVING,PASS,continuous_reference_residual_valid_optimizer_reported_success,PASS,0.36,52.4070000008842,3.835,PRESERVING,PASS,True,0,0,0.0,EXACT_AGREEMENT,16,16,16,1,1,0,0
16,4.196,3,0.36,52.36602502228619,3.836,PRESERVING,PASS,continuous_reference_residual_valid_optimizer_reported_success,PASS,0.36,52.36602502228619,3.836,PRESERVING,PASS,True,0,0,0.0,EXACT_AGREEMENT,17,17,17,1,1,0,0
17,4.197,3,0.36,52.325092748197044,3.837,PRESERVING,PASS,continuous_reference_residual_valid_optimizer_reported_success,PASS,0.36,52.325092748197044,3.837,PRESERVING,PASS,True,0,0,0.0,EXACT_AGREEMENT,18,18,18,1,1,0,0
18,4.198,3,0.36,52.284203122997496,3.838,PRESERVING,PASS,continuous_reference_residual_valid_optimizer_reported_success,PASS,0.36,52.284203122997496,3.838,PRESERVING,PASS,True,0,0,0.0,EXACT_AGREEMENT,19,19,19,1,1,0,0
19,4.199,3,0.36,52.24335609115513,3.839,PRESERVING,PASS,continuous_reference_residual_valid_optimizer_reported_success,PASS,0.36,52.24335609115513,3.839,PRESERVING,PASS,True,0,0,0.0,EXACT_AGREEMENT,20,20,20,1,1,0,0
20,4.2,3,0.36,52.20255159722428,3.84,PRESERVING,PASS,continuous_reference_residual_valid_optimizer_reported_success,PASS,0.36,52.20255159722428,3.84,PRESERVING,PASS,True,0,0,0.0,EXACT_AGREEMENT,21,21,21,1,1,0,0
21,4.201,3,0.36,52.16178958584585,3.841,PRESERVING,PASS,continuous_reference_residual_valid_optimizer_reported_success,PASS,0.36,52.16178958584585,3.841,PRESERVING,PASS,True,0,0,0.0,EXACT_AGREEMENT,22,22,22,1,1,0,0
22,4.202,3,0.36,52.12107000174724,3.842,PRESERVING,PASS,continuous_reference_residual_valid_optimizer_reported_success,PASS,0.36,52.12107000174724,3.842,PRESERVING,PASS,True,0,0,0.0,EXACT_AGREEMENT,23,23,23,1,1,0,0
23,4.203,3,0.36,52.0803927897421,3.843,PRESERVING,PASS,continuous_reference_residual_valid_optimizer_reported_non_success,PASS,0.36,52.0803927897421,3.843,PRESERVING,PASS,True,0,0,0.0,EXACT_AGREEMENT,24,24,24,1,1,0,0
24,4.204,3,0.36,52.03975789473015,3.844,PRESERVING,PASS,continuous_reference_residual_valid_optimizer_reported_success,PASS,0.36,52.03975789473015,3.844,PRESERVING,PASS,True,0,0,0.0,EXACT_AGREEMENT,25,25,25,1,1,0,0
25,4.205,3,0.36,51.99916526169709,3.845,PRESERVING,PASS,continuous_reference_residual_valid_optimizer_reported_success,PASS,0.36,51.99916526169709,3.845,PRESERVING,PASS,True,0,0,0.0,EXACT_AGREEMENT,26,26,26,1,1,0,0
26,4.206,3,0.36,51.95861483571447,3.846,PRESERVING,PASS,continuous_reference_residual_valid_optimizer_reported_success,PASS,0.36,51.95861483571447,3.846,PRESERVING,PASS,True,0,0,0.0,EXACT_AGREEMENT,27,27,27,1,1,0,0
27,4.207,3,0.36,51.91810656193943,3.847,PRESERVING,PASS,continuous_reference_residual_valid_optimizer_reported_success,PASS,0.36,51.91810656193943,3.847,PRESERVING,PASS,True,0,0,0.0,EXACT_AGREEMENT,28,28,28,1,1,0,0
28,4.208,3,0.36,51.87764038561463,3.848,PRESERVING,PASS,continuous_reference_residual_valid_optimizer_reported_success,PASS,0.36,51.87764038561463,3.848,PRESERVING,PASS,True,0,0,0.0,EXACT_AGREEMENT,29,29,29,1,1,0,0
29,4.209,3,0.36,51.83721625206807,3.849,PRESERVING,PASS,continuous_reference_residual_valid_optimizer_reported_success,PASS,0.36,51.83721625206807,3.849,PRESERVING,PASS,True,0,0,0.0,EXACT_AGREEMENT,30,30,30,1,1,0,0
30,4.21,3,0.36,51.79683410671292,3.85,PRESERVING,PASS,continuous_reference_residual_valid_optimizer_reported_success,PASS,0.36,51.79683410671292,3.85,PRESERVING,PASS,True,0,0,0.0,EXACT_AGREEMENT,31,31,31,1,1,0,0
31,4.211,3,0.36,51.756493895047356,3.851,PRESERVING,PASS,continuous_reference_residual_valid_optimizer_reported_success,PASS,0.36,51.756493895047356,3.851,PRESERVING,PASS,True,0,0,0.0,EXACT_AGREEMENT,32,32,32,1,1,0,0
32,4.212,3,0.36,51.71619556265447,3.852,PRESERVING,PASS,continuous_reference_residual_valid_optimizer_reported_non_success,PASS,0.36,51.71619556265447,3.852,PRESERVING,PASS,True,0,0,0.0,EXACT_AGREEMENT,33,33,33,1,1,0,0
33,4.213,3,0.36,51.675939055202036,3.853,PRESERVING,PASS,continuous_reference_residual_valid_optimizer_reported_success,PASS,0.36,51.675939055202036,3.853,PRESERVING,PASS,True,0,0,0.0,EXACT_AGREEMENT,34,34,34,1,1,0,0
34,4.214,3,0.36,51.63572431844241,3.854,PRESERVING,PASS,continuous_reference_residual_valid_optimizer_reported_success,PASS,0.36,51.63572431844241,3.854,PRESERVING,PASS,True,0,0,0.0,EXACT_AGREEMENT,35,35,35,1,1,0,0
35,4.215,3,0.36,51.59555129821238,3.855,PRESERVING,PASS,continuous_reference_residual_valid_optimizer_reported_success,PASS,0.36,51.59555129821238,3.855,PRESERVING,PASS,True,0,0,0.0,EXACT_AGREEMENT,36,36,36,1,1,0,0
36,4.216,3,0.36,51.55541994043291,3.856,PRESERVING,PASS,continuous_reference_residual_valid_optimizer_reported_success,PASS,0.36,51.55541994043291,3.856,PRESERVING,PASS,True,0,0,0.0,EXACT_AGREEMENT,37,37,37,1,1,0,0
37,4.217,3,0.36,51.515330191109136,3.857,PRESERVING,PASS,continuous_reference_residual_valid_optimizer_reported_success,PASS,0.36,51.515330191109136,3.857,PRESERVING,PASS,True,0,0,0.0,EXACT_AGREEMENT,38,38,38,1,1,0,0
38,4.218,3,0.36,51.475281996330175,3.858,PRESERVING,PASS,continuous_reference_residual_valid_optimizer_reported_non_success,PASS,0.36,51.475281996330175,3.858,PRESERVING,PASS,True,0,0,0.0,EXACT_AGREEMENT,39,39,39,1,1,0,0
39,4.219,3,0.36,51.43527530226886,3.859,PRESERVING,PASS,continuous_reference_residual_valid_optimizer_reported_success,PASS,0.36,51.43527530226886,3.859,PRESERVING,PASS,True,0,0,0.0,EXACT_AGREEMENT,40,40,40,1,1,0,0
40,4.22,3,0.36,51.39531005518171,3.86,PRESERVING,PASS,continuous_reference_residual_valid_optimizer_reported_success,PASS,0.36,51.39531005518171,3.86,PRESERVING,PASS,True,0,0,0.0,EXACT_AGREEMENT,41,41,41,1,1,0,0
41,4.221,3,0.36,51.35538620140876,3.861,PRESERVING,PASS,continuous_reference_residual_valid_optimizer_reported_success,PASS,0.36,51.35538620140876,3.861,PRESERVING,PASS,True,0,0,0.0,EXACT_AGREEMENT,42,42,42,1,1,0,0
42,4.222,3,0.36,51.315503687373365,3.862,PRESERVING,PASS,continuous_reference_residual_valid_optimizer_reported_success,PASS,0.36,51.315503687373365,3.862,PRESERVING,PASS,True,0,0,0.0,EXACT_AGREEMENT,43,43,43,1,1,0,0
43,4.223,3,0.36,51.275662459582094,3.863,PRESERVING,PASS,continuous_reference_residual_valid_optimizer_reported_success,PASS,0.36,51.275662459582094,3.863,PRESERVING,PASS,True,0,0,0.0,EXACT_AGREEMENT,44,44,44,1,1,0,0
44,4.224,3,0.36,51.2358624646245,3.864,PRESERVING,PASS,continuous_reference_residual_valid_optimizer_reported_success,PASS,0.36,51.2358624646245,3.864,PRESERVING,PASS,True,0,0,0.0,EXACT_AGREEMENT,45,45,45,1,1,0,0
45,4.225,3,0.36,51.196103649173104,3.865,PRESERVING,PASS,continuous_reference_residual_valid_optimizer_reported_success,PASS,0.36,51.196103649173104,3.865,PRESERVING,PASS,True,0,0,0.0,EXACT_AGREEMENT,46,46,46,1,1,0,0
46,4.226,3,0.36,51.15638595998316,3.866,PRESERVING,PASS,continuous_reference_residual_valid_optimizer_reported_non_success,PASS,0.36,51.15638595998316,3.866,PRESERVING,PASS,True,0,0,0.0,EXACT_AGREEMENT,47,47,47,1,1,0,0
47,4.227,3,0.36,51.11670934389245,3.867,PRESERVING,PASS,continuous_reference_residual_valid_optimizer_reported_success,PASS,0.36,51.11670934389245,3.867,PRESERVING,PASS,True,0,0,0.0,EXACT_AGREEMENT,48,48,48,1,1,0,0
48,4.228,3,0.36,51.077073747821274,3.868,PRESERVING,PASS,continuous_reference_residual_valid_optimizer_reported_success,PASS,0.36,51.077073747821274,3.868,PRESERVING,PASS,True,0,0,0.0,EXACT_AGREEMENT,49,49,49,1,1,0,0
49,4.229,3,0.36,51.03747911877214,3.869,PRESERVING,PASS,continuous_reference_residual_valid_optimizer_reported_success,PASS,0.36,51.03747911877214,3.869,PRESERVING,PASS,True,0,0,0.0,EXACT_AGREEMENT,50,50,50,1,1,0,0
50,4.23,3,0.36,50.99792540382983,3.87,PRESERVING,PASS,continuous_reference_residual_valid_optimizer_reported_success,PASS,0.36,50.99792540382983,3.87,PRESERVING,PASS,True,0,0,0.0,EXACT_AGREEMENT,51,51,51,1,1,0,0
51,4.231,3,0.36,50.958412550161015,3.871,PRESERVING,PASS,continuous_reference_residual_valid_optimizer_reported_non_success,PASS,0.36,50.958412550161015,3.871,PRESERVING,PASS,True,0,0,0.0,EXACT_AGREEMENT,52,52,52,1,1,0,0
52,4.232,3,0.36,50.918940505014255,3.872,PRESERVING,PASS,continuous_reference_residual_valid_optimizer_reported_success,PASS,0.36,50.918940505014255,3.872,PRESERVING,PASS,True,0,0,0.0,EXACT_AGREEMENT,53,53,53,1,1,0,0
53,4.233,3,0.36,50.87950921571976,3.873,PRESERVING,PASS,continuous_reference_residual_valid_optimizer_reported_non_success,PASS,0.36,50.87950921571976,3.873,PRESERVING,PASS,True,0,0,0.0,EXACT_AGREEMENT,54,54,54,1,1,0,0
54,4.234,3,0.36,50.84011862968941,3.874,PRESERVING,PASS,continuous_reference_residual_valid_optimizer_reported_success,PASS,0.36,50.84011862968941,3.874,PRESERVING,PASS,True,0,0,0.0,EXACT_AGREEMENT,55,55,55,1,1,0,0
55,4.235,3,0.36,50.80076869441637,3.875,PRESERVING,PASS,continuous_reference_residual_valid_optimizer_reported_non_success,PASS,0.36,50.80076869441637,3.875,PRESERVING,PASS,True,0,0,0.0,EXACT_AGREEMENT,56,56,56,1,1,0,0
56,4.236,3,0.36,50.761459357475125,3.876,PRESERVING,PASS,continuous_reference_residual_valid_optimizer_reported_non_success,PASS,0.36,50.761459357475125,3.876,PRESERVING,PASS,True,0,0,0.0,EXACT_AGREEMENT,57,57,57,1,1,0,0
57,4.237,3,0.36,50.72219056652126,3.877,PRESERVING,PASS,continuous_reference_residual_valid_optimizer_reported_success,PASS,0.36,50.72219056652126,3.877,PRESERVING,PASS,True,0,0,0.0,EXACT_AGREEMENT,58,58,58,1,1,0,0
58,4.238,3,0.36,50.68296226929129,3.878,PRESERVING,PASS,continuous_reference_residual_valid_optimizer_reported_success,PASS,0.36,50.68296226929129,3.878,PRESERVING,PASS,True,0,0,0.0,EXACT_AGREEMENT,59,59,59,1,1,0,0
59,4.239,3,0.36,50.64377441360266,3.879,PRESERVING,PASS,continuous_reference_residual_valid_optimizer_reported_non_success,PASS,0.36,50.64377441360266,3.879,PRESERVING,PASS,True,0,0,0.0,EXACT_AGREEMENT,60,60,60,1,1,0,0
60,4.24,3,0.36,50.604626947353346,3.88,PRESERVING,PASS,continuous_reference_residual_valid_optimizer_reported_non_success,PASS,0.36,50.604626947353346,3.88,PRESERVING,PASS,True,0,0,0.0,EXACT_AGREEMENT,61,61,61,1,1,0,0
61,4.241,3,0.36,50.56551981852196,3.881,PRESERVING,PASS,continuous_reference_residual_valid_optimizer_reported_success,PASS,0.36,50.56551981852196,3.881,PRESERVING,PASS,True,0,0,0.0,EXACT_AGREEMENT,62,62,62,1,1,0,0
62,4.242,3,0.36,50.526452975167395,3.882,PRESERVING,PASS,continuous_reference_residual_valid_optimizer_reported_non_success,PASS,0.36,50.526452975167395,3.882,PRESERVING,PASS,True,0,0,0.0,EXACT_AGREEMENT,63,63,63,1,1,0,0
63,4.243,3,0.36,50.487426365428945,3.883,PRESERVING,PASS,continuous_reference_residual_valid_optimizer_reported_non_success,PASS,0.36,50.487426365428945,3.883,PRESERVING,PASS,True,0,0,0.0,EXACT_AGREEMENT,64,64,64,1,1,0,0
64,4.244,3,0.36,50.44843993752582,3.884,PRESERVING,PASS,continuous_reference_residual_valid_optimizer_reported_success,PASS,0.36,50.44843993752582,3.884,PRESERVING,PASS,True,0,0,0.0,EXACT_AGREEMENT,65,65,65,1,1,0,0
65,4.245,3,0.36,50.40949363975729,3.885,PRESERVING,PASS,continuous_reference_residual_valid_optimizer_reported_success,PASS,0.36,50.40949363975729,3.885,PRESERVING,PASS,True,0,0,0.0,EXACT_AGREEMENT,66,66,66,1,1,0,0
66,4.246,3,0.36,50.37058742050237,3.886,PRESERVING,PASS,continuous_reference_residual_valid_optimizer_reported_success,PASS,0.36,50.37058742050237,3.886,PRESERVING,PASS,True,0,0,0.0,EXACT_AGREEMENT,67,67,67,1,1,0,0
67,4.247,3,0.36,50.3317212282198,3.887,PRESERVING,PASS,continuous_reference_residual_valid_optimizer_reported_success,PASS,0.36,50.3317212282198,3.887,PRESERVING,PASS,True,0,0,0.0,EXACT_AGREEMENT,68,68,68,1,1,0,0
68,4.248,3,0.36,50.29289501144779,3.888,PRESERVING,PASS,continuous_reference_residual_valid_optimizer_reported_success,PASS,0.36,50.29289501144779,3.888,PRESERVING,PASS,True,0,0,0.0,EXACT_AGREEMENT,69,69,69,1,1,0,0
69,4.249,3,0.36,50.25410871880395,3.889,PRESERVING,PASS,continuous_reference_residual_valid_optimizer_reported_success,PASS,0.36,50.25410871880395,3.889,PRESERVING,PASS,True,0,0,0.0,EXACT_AGREEMENT,70,70,70,1,1,0,0
70,4.25,3,0.36,50.215362298985056,3.89,PRESERVING,PASS,continuous_reference_residual_valid_optimizer_reported_success,PASS,0.36,50.215362298985056,3.89,PRESERVING,PASS,True,0,0,0.0,EXACT_AGREEMENT,71,71,71,1,1,0,0
71,4.251,3,0.36,50.17665570076711,3.891,PRESERVING,PASS,continuous_reference_residual_valid_optimizer_reported_non_success,PASS,0.36,50.17665570076711,3.891,PRESERVING,PASS,True,0,0,0.0,EXACT_AGREEMENT,72,72,72,1,1,0,0
72,4.252,3,0.36,50.13798887300495,3.892,PRESERVING,PASS,continuous_reference_residual_valid_optimizer_reported_success,PASS,0.36,50.13798887300495,3.892,PRESERVING,PASS,True,0,0,0.0,EXACT_AGREEMENT,73,73,73,1,1,0,0
73,4.253,3,0.36,50.09936176463223,3.893,PRESERVING,PASS,continuous_reference_residual_valid_optimizer_reported_non_success,PASS,0.36,50.09936176463223,3.893,PRESERVING,PASS,True,0,0,0.0,EXACT_AGREEMENT,74,74,74,1,1,0,0
74,4.254,3,0.36,50.06077432466129,3.894,PRESERVING,PASS,continuous_reference_residual_valid_optimizer_reported_success,PASS,0.36,50.06077432466129,3.894,PRESERVING,PASS,True,0,0,0.0,EXACT_AGREEMENT,75,75,75,1,1,0,0
75,4.255,3,0.36,50.02222650218303,3.895,PRESERVING,PASS,continuous_reference_residual_valid_optimizer_reported_success,PASS,0.36,50.02222650218303,3.895,PRESERVING,PASS,True,0,0,0.0,EXACT_AGREEMENT,76,76,76,1,1,0,0
76,4.256,3,0.36,49.983718246366685,3.896,PRESERVING,PASS,continuous_reference_residual_valid_optimizer_reported_success,PASS,0.36,49.983718246366685,3.896,PRESERVING,PASS,True,0,0,0.0,EXACT_AGREEMENT,77,77,77,1,1,0,0
77,4.257,3,0.36,49.94524950645972,3.897,PRESERVING,PASS,continuous_reference_residual_valid_optimizer_reported_success,PASS,0.36,49.94524950645972,3.897,PRESERVING,PASS,True,0,0,0.0,EXACT_AGREEMENT,78,78,78,1,1,0,0
78,4.258,3,0.36,49.906820231787734,3.898,PRESERVING,PASS,continuous_reference_residual_valid_optimizer_reported_success,PASS,0.36,49.906820231787734,3.898,PRESERVING,PASS,True,0,0,0.0,EXACT_AGREEMENT,79,79,79,1,1,0,0
79,4.259,3,0.36,49.86843037175427,3.899,PRESERVING,PASS,continuous_reference_residual_valid_optimizer_reported_success,PASS,0.36,49.86843037175427,3.899,PRESERVING,PASS,True,0,0,0.0,EXACT_AGREEMENT,80,80,80,1,1,0,0
80,4.26,3,0.36,49.83007987584073,3.9,PRESERVING,PASS,continuous_reference_residual_valid_optimizer_reported_non_success,PASS,0.36,49.83007987584073,3.9,PRESERVING,PASS,True,0,0,0.0,EXACT_AGREEMENT,81,81,81,1,1,0,0
81,4.261,3,0.36,49.79176869360613,3.901,PRESERVING,PASS,continuous_reference_residual_valid_optimizer_reported_success,PASS,0.36,49.79176869360613,3.901,PRESERVING,PASS,True,0,0,0.0,EXACT_AGREEMENT,82,82,82,1,1,0,0
82,4.262,3,0.36,49.75349677468705,3.902,PRESERVING,PASS,continuous_reference_residual_valid_optimizer_reported_success,PASS,0.36,49.75349677468705,3.902,PRESERVING,PASS,True,0,0,0.0,EXACT_AGREEMENT,83,83,83,1,1,0,0
83,4.263,3,0.36,49.71526406879751,3.903,PRESERVING,PASS,continuous_reference_residual_valid_optimizer_reported_non_success,PASS,0.36,49.71526406879751,3.903,PRESERVING,PASS,True,0,0,0.0,EXACT_AGREEMENT,84,84,84,1,1,0,0
84,4.264,3,0.36,49.67707052572877,3.904,PRESERVING,PASS,continuous_reference_residual_valid_optimizer_reported_success,PASS,0.36,49.67707052572877,3.904,PRESERVING,PASS,True,0,0,0.0,EXACT_AGREEMENT,85,85,85,1,1,0,0
85,4.265,3,0.36,49.638916095349224,3.905,PRESERVING,PASS,continuous_reference_residual_valid_optimizer_reported_success,PASS,0.36,49.638916095349224,3.905,PRESERVING,PASS,True,0,0,0.0,EXACT_AGREEMENT,86,86,86,1,1,0,0
86,4.266,3,0.36,49.60080072760419,3.906,PRESERVING,PASS,continuous_reference_residual_valid_optimizer_reported_non_success,PASS,0.36,49.60080072760419,3.906,PRESERVING,PASS,True,0,0,0.0,EXACT_AGREEMENT,87,87,87,1,1,0,0
87,4.267,3,0.36,49.56272437251595,3.907,PRESERVING,PASS,continuous_reference_residual_valid_optimizer_reported_non_success,PASS,0.36,49.56272437251595,3.907,PRESERVING,PASS,True,0,0,0.0,EXACT_AGREEMENT,88,88,88,1,1,0,0
88,4.268,3,0.36,49.52468698018341,3.908,PRESERVING,PASS,continuous_reference_residual_valid_optimizer_reported_success,PASS,0.36,49.52468698018341,3.908,PRESERVING,PASS,True,0,0,0.0,EXACT_AGREEMENT,89,89,89,1,1,0,0
89,4.269,3,0.36,49.48668850078208,3.909,PRESERVING,PASS,continuous_reference_residual_valid_optimizer_reported_success,PASS,0.36,49.48668850078208,3.909,PRESERVING,PASS,True,0,0,0.0,EXACT_AGREEMENT,90,90,90,1,1,0,0
90,4.27,3,0.36,49.4487288845639,3.91,PRESERVING,PASS,continuous_reference_residual_valid_optimizer_reported_non_success,PASS,0.36,49.4487288845639,3.91,PRESERVING,PASS,True,0,0,0.0,EXACT_AGREEMENT,91,91,91,1,1,0,0
91,4.271,3,0.36,49.41080808185711,3.911,PRESERVING,PASS,continuous_reference_residual_valid_optimizer_reported_success,PASS,0.36,49.41080808185711,3.911,PRESERVING,PASS,True,0,0,0.0,EXACT_AGREEMENT,92,92,92,1,1,0,0
92,4.272,3,0.36,49.37292604306616,3.912,PRESERVING,PASS,continuous_reference_residual_valid_optimizer_reported_non_success,PASS,0.36,49.37292604306616,3.912,PRESERVING,PASS,True,0,0,0.0,EXACT_AGREEMENT,93,93,93,1,1,0,0
93,4.273,3,0.36,49.335082718671444,3.913,PRESERVING,PASS,continuous_reference_residual_valid_optimizer_reported_success,PASS,0.36,49.335082718671444,3.913,PRESERVING,PASS,True,0,0,0.0,EXACT_AGREEMENT,94,94,94,1,1,0,0
94,4.274,3,0.36,49.29727805922929,3.914,PRESERVING,PASS,continuous_reference_residual_valid_optimizer_reported_non_success,PASS,0.36,49.29727805922929,3.914,PRESERVING,PASS,True,0,0,0.0,EXACT_AGREEMENT,95,95,95,1,1,0,0
95,4.275,3,0.36,49.25951201537183,3.915,PRESERVING,PASS,continuous_reference_residual_valid_optimizer_reported_success,PASS,0.36,49.25951201537183,3.915,PRESERVING,PASS,True,0,0,0.0,EXACT_AGREEMENT,96,96,96,1,1,0,0
96,4.276,3,0.36,49.221784537806734,3.916,PRESERVING,PASS,continuous_reference_residual_valid_optimizer_reported_success,PASS,0.36,49.221784537806734,3.916,PRESERVING,PASS,True,0,0,0.0,EXACT_AGREEMENT,97,97,97,1,1,0,0
97,4.277,3,0.36,49.18409557731721,3.917,PRESERVING,PASS,continuous_reference_residual_valid_optimizer_reported_success,PASS,0.36,49.18409557731721,3.917,PRESERVING,PASS,True,0,0,0.0,EXACT_AGREEMENT,98,98,98,1,1,0,0
98,4.278,3,0.36,49.14644508476175,3.918,PRESERVING,PASS,continuous_reference_residual_valid_optimizer_reported_non_success,PASS,0.36,49.14644508476175,3.918,PRESERVING,PASS,True,0,0,0.0,EXACT_AGREEMENT,99,99,99,1,1,0,0
99,4.279,3,0.36,49.108833011074196,3.919,PRESERVING,PASS,continuous_reference_residual_valid_optimizer_reported_success,PASS,0.36,49.108833011074196,3.919,PRESERVING,PASS,True,0,0,0.0,EXACT_AGREEMENT,100,100,100,1,1,0,0
100,4.28,3,0.36,49.071259307263354,3.92,PRESERVING,PASS,continuous_reference_residual_valid_optimizer_reported_success,PASS,0.36,49.071259307263354,3.92,PRESERVING,PASS,True,0,0,0.0,EXACT_AGREEMENT,101,101,101,1,1,0,0
101,4.281,3,0.36,49.03372392441303,3.921,PRESERVING,PASS,continuous_reference_residual_valid_optimizer_reported_success,PASS,0.36,49.03372392441303,3.921,PRESERVING,PASS,True,0,0,0.0,EXACT_AGREEMENT,102,102,102,1,1,0,0
102,4.282,3,0.36,48.99622681368178,3.922,PRESERVING,PASS,continuous_reference_residual_valid_optimizer_reported_success,PASS,0.36,48.99622681368178,3.922,PRESERVING,PASS,True,0,0,0.0,EXACT_AGREEMENT,103,103,103,1,1,0,0
103,4.283,3,0.36,48.958767926302954,3.923,PRESERVING,PASS,continuous_reference_residual_valid_optimizer_reported_success,PASS,0.36,48.958767926302954,3.923,PRESERVING,PASS,True,0,0,0.0,EXACT_AGREEMENT,104,104,104,1,1,0,0
104,4.284,3,0.36,48.92134721358435,3.924,PRESERVING,PASS,continuous_reference_residual_valid_optimizer_reported_success,PASS,0.36,48.92134721358435,3.924,PRESERVING,PASS,True,0,0,0.0,EXACT_AGREEMENT,105,105,105,1,1,0,0
105,4.285,3,0.36,48.88396462690824,3.925,PRESERVING,PASS,continuous_reference_residual_valid_optimizer_reported_success,PASS,0.36,48.88396462690824,3.925,PRESERVING,PASS,True,0,0,0.0,EXACT_AGREEMENT,106,106,106,1,1,0,0
106,4.286,3,0.36,48.84662011773112,3.926,PRESERVING,PASS,continuous_reference_residual_valid_optimizer_reported_success,PASS,0.36,48.84662011773112,3.926,PRESERVING,PASS,True,0,0,0.0,EXACT_AGREEMENT,107,107,107,1,1,0,0
107,4.287,3,0.36,48.80931363758369,3.927,PRESERVING,PASS,continuous_reference_residual_valid_optimizer_reported_success,PASS,0.36,48.80931363758369,3.927,PRESERVING,PASS,True,0,0,0.0,EXACT_AGREEMENT,108,108,108,1,1,0,0
108,4.288,3,0.36,48.77204513807068,3.928,PRESERVING,PASS,continuous_reference_residual_valid_optimizer_reported_success,PASS,0.36,48.77204513807068,3.928,PRESERVING,PASS,True,0,0,0.0,EXACT_AGREEMENT,109,109,109,1,1,0,0
109,4.289,3,0.36,48.73481457087064,3.929,PRESERVING,PASS,continuous_reference_residual_valid_optimizer_reported_success,PASS,0.36,48.73481457087064,3.929,PRESERVING,PASS,True,0,0,0.0,EXACT_AGREEMENT,110,110,110,1,1,0,0
110,4.29,3,0.36,48.69762188773589,3.93,PRESERVING,PASS,continuous_reference_residual_valid_optimizer_reported_non_success,PASS,0.36,48.69762188773589,3.93,PRESERVING,PASS,True,0,0,0.0,EXACT_AGREEMENT,111,111,111,1,1,0,0
111,4.291,3,0.36,48.660467040492456,3.931,PRESERVING,PASS,continuous_reference_residual_valid_optimizer_reported_success,PASS,0.36,48.660467040492456,3.931,PRESERVING,PASS,True,0,0,0.0,EXACT_AGREEMENT,112,112,112,1,1,0,0
112,4.292,3,0.36,48.62334998103975,3.932,PRESERVING,PASS,continuous_reference_residual_valid_optimizer_reported_success,PASS,0.36,48.62334998103975,3.932,PRESERVING,PASS,True,0,0,0.0,EXACT_AGREEMENT,113,113,113,1,1,0,0
113,4.293,3,0.36,48.586270661350575,3.933,PRESERVING,PASS,continuous_reference_residual_valid_optimizer_reported_success,PASS,0.36,48.586270661350575,3.933,PRESERVING,PASS,True,0,0,0.0,EXACT_AGREEMENT,114,114,114,1,1,0,0
114,4.294,3,0.36,48.549229033471015,3.934,PRESERVING,PASS,continuous_reference_residual_valid_optimizer_reported_success,PASS,0.36,48.549229033471015,3.934,PRESERVING,PASS,True,0,0,0.0,EXACT_AGREEMENT,115,115,115,1,1,0,0
115,4.295,3,0.36,48.51222504952019,3.935,PRESERVING,PASS,continuous_reference_residual_valid_optimizer_reported_success,PASS,0.36,48.51222504952019,3.935,PRESERVING,PASS,True,0,0,0.0,EXACT_AGREEMENT,116,116,116,1,1,0,0
116,4.296,3,0.36,48.47525866169025,3.936,PRESERVING,PASS,continuous_reference_residual_valid_optimizer_reported_success,PASS,0.36,48.47525866169025,3.936,PRESERVING,PASS,True,0,0,0.0,EXACT_AGREEMENT,117,117,117,1,1,0,0
117,4.297,3,0.36,48.43832982224611,3.937,PRESERVING,PASS,continuous_reference_residual_valid_optimizer_reported_success,PASS,0.36,48.43832982224611,3.937,PRESERVING,PASS,True,0,0,0.0,EXACT_AGREEMENT,118,118,118,1,1,0,0
118,4.298,3,0.361,48.60174512994904,3.937,PRESERVING,PASS,continuous_reference_residual_valid_optimizer_reported_success,PASS,0.361,48.60174512994904,3.937,PRESERVING,PASS,True,0,0,0.0,EXACT_AGREEMENT,119,118,119,2,1,1,0
119,4.299,3,0.362,48.76527477442611,3.937,PRESERVING,PASS,continuous_reference_residual_valid_optimizer_reported_success,PASS,0.362,48.76527477442611,3.937,PRESERVING,PASS,True,0,0,0.0,EXACT_AGREEMENT,120,118,120,3,1,2,0
120,4.3,3,0.363,48.92891856370746,3.937,PRESERVING,PASS,continuous_reference_residual_valid_optimizer_reported_success,PASS,0.363,48.92891856370746,3.937,PRESERVING,PASS,True,0,0,0.0,EXACT_AGREEMENT,121,118,121,4,1,3,0
121,4.301,3,0.364,49.09267630659239,3.937,PRESERVING,PASS,continuous_reference_residual_valid_optimizer_reported_success,PASS,0.364,49.09267630659239,3.937,PRESERVING,PASS,True,0,0,0.0,EXACT_AGREEMENT,122,118,122,5,1,4,0
122,4.302,3,0.365,49.256547812644115,3.937,PRESERVING,PASS,continuous_reference_residual_valid_optimizer_reported_success,PASS,0.365,49.256547812644115,3.937,PRESERVING,PASS,True,0,0,0.0,EXACT_AGREEMENT,123,118,123,6,1,5,0
123,4.303,3,0.366,49.42053289218462,3.937,PRESERVING,PASS,continuous_reference_residual_valid_optimizer_reported_success,PASS,0.366,49.42053289218462,3.937,PRESERVING,PASS,True,0,0,0.0,EXACT_AGREEMENT,124,118,124,7,1,6,0
124,4.304,3,0.367,49.584631356289556,3.937,PRESERVING,PASS,continuous_reference_residual_valid_optimizer_reported_success,PASS,0.367,49.584631356289556,3.937,PRESERVING,PASS,True,0,0,0.0,EXACT_AGREEMENT,125,118,125,8,1,7,0
125,4.305,3,0.368,49.74884301678238,3.937,PRESERVING,PASS,continuous_reference_residual_valid_optimizer_reported_success,PASS,0.368,49.74884301678238,3.937,PRESERVING,PASS,True,0,0,0.0,EXACT_AGREEMENT,126,118,126,9,1,8,0
126,4.306,3,0.369,49.913167686230615,3.937,PRESERVING,PASS,continuous_reference_residual_valid_optimizer_reported_success,PASS,0.369,49.913167686230615,3.937,PRESERVING,PASS,True,0,0,0.0,EXACT_AGREEMENT,127,118,127,10,1,9,0
127,4.307,3,0.37,50.07760517793986,3.937,PRESERVING,PASS,continuous_reference_residual_valid_optimizer_reported_success,PASS,0.37,50.07760517793986,3.937,PRESERVING,PASS,True,0,0,0.0,EXACT_AGREEMENT,128,118,128,11,1,10,0
128,4.308,3,0.371,50.2421553059494,3.937,PRESERVING,PASS,continuous_reference_residual_valid_optimizer_reported_success,PASS,0.371,50.2421553059494,3.937,PRESERVING,PASS,True,0,0,0.0,EXACT_AGREEMENT,129,118,129,12,1,11,0
129,4.309,3,0.372,50.40681788502673,3.937,PRESERVING,PASS,continuous_reference_residual_valid_optimizer_reported_success,PASS,0.372,50.40681788502673,3.937,PRESERVING,PASS,True,0,0,0.0,EXACT_AGREEMENT,130,118,130,13,1,12,0
130,4.31,3,0.373,50.571592730662694,3.937,PRESERVING,PASS,continuous_reference_residual_valid_optimizer_reported_success,PASS,0.373,50.571592730662694,3.937,PRESERVING,PASS,True,0,0,0.0,EXACT_AGREEMENT,131,118,131,14,1,13,0
131,4.311,3,0.374,50.73647965906746,3.937,PRESERVING,PASS,continuous_reference_residual_valid_optimizer_reported_success,PASS,0.374,50.73647965906746,3.937,PRESERVING,PASS,True,0,0,0.0,EXACT_AGREEMENT,132,118,132,15,1,14,0
132,4.312,3,0.375,50.90147848716503,3.937,PRESERVING,PASS,continuous_reference_residual_valid_optimizer_reported_success,PASS,0.375,50.90147848716503,3.937,PRESERVING,PASS,True,0,0,0.0,EXACT_AGREEMENT,133,118,133,16,1,15,0
133,4.313,3,0.376,51.066589032588475,3.937,PRESERVING,PASS,continuous_reference_residual_valid_optimizer_reported_success,PASS,0.376,51.066589032588475,3.937,PRESERVING,PASS,True,0,0,0.0,EXACT_AGREEMENT,134,118,134,17,1,16,0
134,4.314,3,0.377,51.23181111367573,3.937,PRESERVING,PASS,continuous_reference_residual_valid_optimizer_reported_success,PASS,0.377,51.23181111367573,3.937,PRESERVING,PASS,True,0,0,0.0,EXACT_AGREEMENT,135,118,135,18,1,17,0
135,4.315,3,0.378,51.39714454946439,3.937,PRESERVING,PASS,continuous_reference_residual_valid_optimizer_reported_success,PASS,0.378,51.39714454946439,3.937,PRESERVING,PASS,True,0,0,0.0,EXACT_AGREEMENT,136,118,136,19,1,18,0
136,4.316,3,0.379,51.56258915968789,3.937,PRESERVING,PASS,continuous_reference_residual_valid_optimizer_reported_success,PASS,0.379,51.56258915968789,3.937,PRESERVING,PASS,True,0,0,0.0,EXACT_AGREEMENT,137,118,137,20,1,19,0
137,4.317,3,0.38,51.72814476476946,3.937,PRESERVING,PASS,continuous_reference_residual_valid_optimizer_reported_success,PASS,0.38,51.72814476476946,3.937,PRESERVING,PASS,True,0,0,0.0,EXACT_AGREEMENT,138,118,138,21,1,20,0
138,4.318,3,0.381,51.893811185819246,3.937,PRESERVING,PASS,continuous_reference_residual_valid_optimizer_reported_success,PASS,0.381,51.893811185819246,3.937,PRESERVING,PASS,True,0,0,0.0,EXACT_AGREEMENT,139,118,139,22,1,21,0
139,4.319,3,0.382,52.05958824462927,3.937,PRESERVING,PASS,continuous_reference_residual_valid_optimizer_reported_success,PASS,0.382,52.05958824462927,3.937,PRESERVING,PASS,True,0,0,0.0,EXACT_AGREEMENT,140,118,140,23,1,22,0
140,4.32,3,0.383,52.225475763668435,3.937,PRESERVING,PASS,continuous_reference_residual_valid_optimizer_reported_success,PASS,0.383,52.225475763668435,3.937,PRESERVING,PASS,True,0,0,0.0,EXACT_AGREEMENT,141,118,141,24,1,23,0
141,4.321,3,0.384,52.391473566079156,3.937,PRESERVING,PASS,continuous_reference_residual_valid_optimizer_reported_success,PASS,0.384,52.391473566079156,3.937,PRESERVING,PASS,True,0,0,0.0,EXACT_AGREEMENT,142,118,142,25,1,24,0
142,4.322,3,0.385,52.55758147567137,3.937,PRESERVING,PASS,continuous_reference_residual_valid_optimizer_reported_success,PASS,0.385,52.55758147567137,3.937,PRESERVING,PASS,True,0,0,0.0,EXACT_AGREEMENT,143,118,143,26,1,25,0
143,4.323,3,0.386,52.72379931692007,3.937,PRESERVING,PASS,continuous_reference_residual_valid_optimizer_reported_success,PASS,0.386,52.72379931692007,3.937,PRESERVING,PASS,True,0,0,0.0,EXACT_AGREEMENT,144,118,144,27,1,26,0
144,4.324,3,0.387,52.89012691496022,3.937,PRESERVING,PASS,continuous_reference_residual_valid_optimizer_reported_success,PASS,0.387,52.89012691496022,3.937,PRESERVING,PASS,True,0,0,0.0,EXACT_AGREEMENT,145,118,145,28,1,27,0
145,4.325,3,0.388,53.0565640955821,3.937,PRESERVING,PASS,continuous_reference_residual_valid_optimizer_reported_success,PASS,0.388,53.0565640955821,3.937,PRESERVING,PASS,True,0,0,0.0,EXACT_AGREEMENT,146,118,146,29,1,28,0
146,4.326,3,0.389,53.22311068522777,3.937,PRESERVING,PASS,continuous_reference_residual_valid_optimizer_reported_success,PASS,0.389,53.22311068522777,3.937,PRESERVING,PASS,True,0,0,0.0,EXACT_AGREEMENT,147,118,147,30,1,29,0
147,4.327,3,0.39,53.38976651098664,3.937,PRESERVING,PASS,continuous_reference_residual_valid_optimizer_reported_success,PASS,0.39,53.38976651098664,3.937,PRESERVING,PASS,True,0,0,0.0,EXACT_AGREEMENT,148,118,148,31,1,30,0
148,4.328,3,0.391,53.55653140059138,3.937,PRESERVING,PASS,continuous_reference_residual_valid_optimizer_reported_success,PASS,0.391,53.55653140059138,3.937,PRESERVING,PASS,True,0,0,0.0,EXACT_AGREEMENT,149,118,149,32,1,31,0
149,4.329,3,0.392,53.72340518241322,3.937,PRESERVING,PASS,continuous_reference_residual_valid_optimizer_reported_success,PASS,0.392,53.72340518241322,3.937,PRESERVING,PASS,True,0,0,0.0,EXACT_AGREEMENT,150,118,150,33,1,32,0
150,4.33,3,0.393,53.89038768545913,3.937,PRESERVING,PASS,continuous_reference_residual_valid_optimizer_reported_success,PASS,0.393,53.89038768545913,3.937,PRESERVING,PASS,True,0,0,0.0,EXACT_AGREEMENT,151,118,151,34,1,33,0
151,4.331,3,0.394,54.057478739366886,3.937,PRESERVING,PASS,continuous_reference_residual_valid_optimizer_reported_success,PASS,0.394,54.057478739366886,3.937,PRESERVING,PASS,True,0,0,0.0,EXACT_AGREEMENT,152,118,152,35,1,34,0
152,4.332,3,0.395,54.22467817440127,3.937,PRESERVING,PASS,continuous_reference_residual_valid_optimizer_reported_success,PASS,0.395,54.22467817440127,3.937,PRESERVING,PASS,True,0,0,0.0,EXACT_AGREEMENT,153,118,153,36,1,35,0
153,4.333,3,0.396,54.39198582145069,3.937,PRESERVING,PASS,continuous_reference_residual_valid_optimizer_reported_success,PASS,0.396,54.39198582145069,3.937,PRESERVING,PASS,True,0,0,0.0,EXACT_AGREEMENT,154,118,154,37,1,36,0
154,4.334,3,0.397,54.55940151202173,3.937,PRESERVING,PASS,continuous_reference_residual_valid_optimizer_reported_success,PASS,0.397,54.55940151202173,3.937,PRESERVING,PASS,True,0,0,0.0,EXACT_AGREEMENT,155,118,155,38,1,37,0
155,4.335,3,0.398,54.72692507823705,3.937,PRESERVING,PASS,continuous_reference_residual_valid_optimizer_reported_success,PASS,0.398,54.72692507823705,3.937,PRESERVING,PASS,True,0,0,0.0,EXACT_AGREEMENT,156,118,156,39,1,38,0
156,4.336,3,0.399,54.89455635283073,3.937,PRESERVING,PASS,continuous_reference_residual_valid_optimizer_reported_success,PASS,0.399,54.89455635283073,3.937,PRESERVING,PASS,True,0,0,0.0,EXACT_AGREEMENT,157,118,157,40,1,39,0
157,4.337,3,0.4,55.06229516914448,3.937,PRESERVING,PASS,continuous_reference_residual_valid_optimizer_reported_success,PASS,0.4,55.06229516914448,3.937,PRESERVING,PASS,True,0,0,0.0,EXACT_AGREEMENT,158,118,158,41,1,40,0
158,4.338,3,0.401,55.23014136112375,3.937,PRESERVING,PASS,continuous_reference_residual_valid_optimizer_reported_success,PASS,0.401,55.23014136112375,3.937,PRESERVING,PASS,True,0,0,0.0,EXACT_AGREEMENT,159,118,159,42,1,41,0
159,4.339,3,0.402,55.39809476331435,3.937,PRESERVING,PASS,continuous_reference_residual_valid_optimizer_reported_success,PASS,0.402,55.39809476331435,3.937,PRESERVING,PASS,True,0,0,0.0,EXACT_AGREEMENT,160,118,160,43,1,42,0
160,4.34,3,0.403,55.5661552108586,3.937,PRESERVING,PASS,continuous_reference_residual_valid_optimizer_reported_success,PASS,0.403,55.5661552108586,3.937,PRESERVING,PASS,True,0,0,0.0,EXACT_AGREEMENT,161,118,161,44,1,43,0
161,4.341,3,0.404,55.734322539490826,3.937,PRESERVING,PASS,continuous_reference_residual_valid_optimizer_reported_success,PASS,0.404,55.734322539490826,3.937,PRESERVING,PASS,True,0,0,0.0,EXACT_AGREEMENT,162,118,162,45,1,44,0
162,4.342,3,0.405,55.902596585535335,3.937,PRESERVING,PASS,continuous_reference_residual_valid_optimizer_reported_success,PASS,0.405,55.902596585535335,3.937,PRESERVING,PASS,True,0,0,0.0,EXACT_AGREEMENT,163,118,163,46,1,45,0
163,4.343,3,0.406,56.070977185901626,3.937,PRESERVING,PASS,continuous_reference_residual_valid_optimizer_reported_success,PASS,0.406,56.070977185901626,3.937,PRESERVING,PASS,True,0,0,0.0,EXACT_AGREEMENT,164,118,164,47,1,46,0
164,4.344,3,0.407,56.23946417808103,3.937,PRESERVING,PASS,continuous_reference_residual_valid_optimizer_reported_success,PASS,0.407,56.23946417808103,3.937,PRESERVING,PASS,True,0,0,0.0,EXACT_AGREEMENT,165,118,165,48,1,47,0
165,4.345,3,0.408,56.408057400143306,3.937,PRESERVING,PASS,continuous_reference_residual_valid_optimizer_reported_success,PASS,0.408,56.408057400143306,3.937,PRESERVING,PASS,True,0,0,0.0,EXACT_AGREEMENT,166,118,166,49,1,48,0
166,4.346,3,0.409,56.576756690733305,3.937,PRESERVING,PASS,continuous_reference_residual_valid_optimizer_reported_success,PASS,0.409,56.576756690733305,3.937,PRESERVING,PASS,True,0,0,0.0,EXACT_AGREEMENT,167,118,167,50,1,49,0
167,4.347,3,0.41,56.7455618890663,3.937,PRESERVING,PASS,continuous_reference_residual_valid_optimizer_reported_success,PASS,0.41,56.7455618890663,3.937,PRESERVING,PASS,True,0,0,0.0,EXACT_AGREEMENT,168,118,168,51,1,50,0
168,4.348,3,0.411,56.91447283492635,3.937,PRESERVING,PASS,continuous_reference_residual_valid_optimizer_reported_success,PASS,0.411,56.91447283492635,3.937,PRESERVING,PASS,True,0,0,0.0,EXACT_AGREEMENT,169,118,169,52,1,51,0
169,4.349,3,0.412,57.08348936866161,3.937,PRESERVING,PASS,continuous_reference_residual_valid_optimizer_reported_success,PASS,0.412,57.08348936866161,3.937,PRESERVING,PASS,True,0,0,0.0,EXACT_AGREEMENT,170,118,170,53,1,52,0
170,4.35,3,0.413,57.25261133118125,3.937,PRESERVING,PASS,continuous_reference_residual_valid_optimizer_reported_success,PASS,0.413,57.25261133118125,3.937,PRESERVING,PASS,True,0,0,0.0,EXACT_AGREEMENT,171,118,171,54,1,53,0
171,4.351,3,0.414,57.42183856395226,3.937,PRESERVING,PASS,continuous_reference_residual_valid_optimizer_reported_success,PASS,0.414,57.42183856395226,3.937,PRESERVING,PASS,True,0,0,0.0,EXACT_AGREEMENT,172,118,172,55,1,54,0
172,4.352,3,0.415,57.59117090899578,3.937,PRESERVING,PASS,continuous_reference_residual_valid_optimizer_reported_success,PASS,0.415,57.59117090899578,3.937,PRESERVING,PASS,True,0,0,0.0,EXACT_AGREEMENT,173,118,173,56,1,55,0
173,4.353,3,0.416,57.7606082088836,3.937,PRESERVING,PASS,continuous_reference_residual_valid_optimizer_reported_success,PASS,0.416,57.7606082088836,3.937,PRESERVING,PASS,True,0,0,0.0,EXACT_AGREEMENT,174,118,174,57,1,56,0
174,4.354,3,0.417,57.93015030673566,3.937,PRESERVING,PASS,continuous_reference_residual_valid_optimizer_reported_success,PASS,0.417,57.93015030673566,3.937,PRESERVING,PASS,True,0,0,0.0,EXACT_AGREEMENT,175,118,175,58,1,57,0
175,4.355,3,0.418,58.099797046216175,3.937,PRESERVING,PASS,continuous_reference_residual_valid_optimizer_reported_success,PASS,0.418,58.099797046216175,3.937,PRESERVING,PASS,True,0,0,0.0,EXACT_AGREEMENT,176,118,176,59,1,58,0
176,4.356,3,0.419,58.2695482715305,3.937,PRESERVING,PASS,continuous_reference_residual_valid_optimizer_reported_success,PASS,0.419,58.2695482715305,3.937,PRESERVING,PASS,True,0,0,0.0,EXACT_AGREEMENT,177,118,177,60,1,59,0
177,4.357,3,0.42,58.43940382742213,3.937,PRESERVING,PASS,continuous_reference_residual_valid_optimizer_reported_success,PASS,0.42,58.43940382742213,3.937,PRESERVING,PASS,True,0,0,0.0,EXACT_AGREEMENT,178,118,178,61,1,60,0
178,4.358,3,0.421,58.60936355916921,3.937,PRESERVING,PASS,continuous_reference_residual_valid_optimizer_reported_success,PASS,0.421,58.60936355916921,3.937,PRESERVING,PASS,True,0,0,0.0,EXACT_AGREEMENT,179,118,179,62,1,61,0
179,4.359,3,0.422,58.779427312581106,3.937,PRESERVING,PASS,continuous_reference_residual_valid_optimizer_reported_success,PASS,0.422,58.779427312581106,3.937,PRESERVING,PASS,True,0,0,0.0,EXACT_AGREEMENT,180,118,180,63,1,62,0
180,4.36,3,0.423,58.94959493399635,3.937,PRESERVING,PASS,continuous_reference_residual_valid_optimizer_reported_success,PASS,0.423,58.94959493399635,3.937,PRESERVING,PASS,True,0,0,0.0,EXACT_AGREEMENT,181,118,181,64,1,63,0
181,4.361,3,0.424,59.11986627027841,3.937,PRESERVING,PASS,continuous_reference_residual_valid_optimizer_reported_success,PASS,0.424,59.11986627027841,3.937,PRESERVING,PASS,True,0,0,0.0,EXACT_AGREEMENT,182,118,182,65,1,64,0
182,4.362,3,0.425,59.29024116881337,3.937,PRESERVING,PASS,continuous_reference_residual_valid_optimizer_reported_success,PASS,0.425,59.29024116881337,3.937,PRESERVING,PASS,True,0,0,0.0,EXACT_AGREEMENT,183,118,183,66,1,65,0
183,4.363,3,0.426,59.46071947750633,3.937,PRESERVING,PASS,continuous_reference_residual_valid_optimizer_reported_success,PASS,0.426,59.46071947750633,3.937,PRESERVING,PASS,True,0,0,0.0,EXACT_AGREEMENT,184,118,184,67,1,66,0
184,4.364,3,0.427,59.631301044778965,3.937,PRESERVING,PASS,continuous_reference_residual_valid_optimizer_reported_success,PASS,0.427,59.631301044778965,3.937,PRESERVING,PASS,True,0,0,0.0,EXACT_AGREEMENT,185,118,185,68,1,67,0
185,4.365,3,0.428,59.801985719565394,3.937,PRESERVING,PASS,continuous_reference_residual_valid_optimizer_reported_success,PASS,0.428,59.801985719565394,3.937,PRESERVING,PASS,True,0,0,0.0,EXACT_AGREEMENT,186,118,186,69,1,68,0
186,4.366,3,0.429,59.97277335131068,3.937,PRESERVING,PASS,continuous_reference_residual_valid_optimizer_reported_success,PASS,0.429,59.97277335131068,3.937,PRESERVING,PASS,True,0,0,0.0,EXACT_AGREEMENT,187,118,187,70,1,69,0
187,4.367,3,0.43,60.143663789966915,3.937,PRESERVING,PASS,continuous_reference_residual_valid_optimizer_reported_success,PASS,0.43,60.143663789966915,3.937,PRESERVING,PASS,True,0,0,0.0,EXACT_AGREEMENT,188,118,188,71,1,70,0
188,4.368,3,0.431,60.314656885990615,3.937,PRESERVING,PASS,continuous_reference_residual_valid_optimizer_reported_success,PASS,0.431,60.314656885990615,3.937,PRESERVING,PASS,True,0,0,0.0,EXACT_AGREEMENT,189,118,189,72,1,71,0
189,4.369,3,0.432,60.48575249033971,3.937,PRESERVING,PASS,continuous_reference_residual_valid_optimizer_reported_success,PASS,0.432,60.48575249033971,3.937,PRESERVING,PASS,True,0,0,0.0,EXACT_AGREEMENT,190,118,190,73,1,72,0
190,4.37,3,0.433,60.6569504544708,3.937,PRESERVING,PASS,continuous_reference_residual_valid_optimizer_reported_success,PASS,0.433,60.6569504544708,3.937,PRESERVING,PASS,True,0,0,0.0,EXACT_AGREEMENT,191,118,191,74,1,73,0
191,4.371,3,0.434,60.82825063033564,3.937,PRESERVING,PASS,continuous_reference_residual_valid_optimizer_reported_success,PASS,0.434,60.82825063033564,3.937,PRESERVING,PASS,True,0,0,0.0,EXACT_AGREEMENT,192,118,192,75,1,74,0
192,4.372,3,0.435,60.99965287037934,3.937,PRESERVING,PASS,continuous_reference_residual_valid_optimizer_reported_success,PASS,0.435,60.99965287037934,3.937,PRESERVING,PASS,True,0,0,0.0,EXACT_AGREEMENT,193,118,193,76,1,75,0
193,4.373,3,0.436,61.171157027537035,3.937,PRESERVING,PASS,continuous_reference_residual_valid_optimizer_reported_success,PASS,0.436,61.171157027537035,3.937,PRESERVING,PASS,True,0,0,0.0,EXACT_AGREEMENT,194,118,194,77,1,76,0
194,4.374,3,0.437,61.34276295523092,3.937,PRESERVING,PASS,continuous_reference_residual_valid_optimizer_reported_success,PASS,0.437,61.34276295523092,3.937,PRESERVING,PASS,True,0,0,0.0,EXACT_AGREEMENT,195,118,195,78,1,77,0
195,4.375,3,0.438,61.51447050736772,3.937,PRESERVING,PASS,continuous_reference_residual_valid_optimizer_reported_success,PASS,0.438,61.51447050736772,3.937,PRESERVING,PASS,True,0,0,0.0,EXACT_AGREEMENT,196,118,196,79,1,78,0
196,4.376,3,0.439,61.68627953833612,3.937,PRESERVING,PASS,continuous_reference_residual_valid_optimizer_reported_success,PASS,0.439,61.68627953833612,3.937,PRESERVING,PASS,True,0,0,0.0,EXACT_AGREEMENT,197,118,197,80,1,79,0
197,4.377,3,0.44,61.8581899030031,3.937,PRESERVING,PASS,continuous_reference_residual_valid_optimizer_reported_success,PASS,0.44,61.8581899030031,3.937,PRESERVING,PASS,True,0,0,0.0,EXACT_AGREEMENT,198,118,198,81,1,80,0
198,4.378,3,0.441,62.030201456712646,3.937,PRESERVING,PASS,continuous_reference_residual_valid_optimizer_reported_success,PASS,0.441,62.030201456712646,3.937,PRESERVING,PASS,True,0,0,0.0,EXACT_AGREEMENT,199,118,199,82,1,81,0
199,4.379,3,0.442,62.20231405528202,3.937,PRESERVING,PASS,continuous_reference_residual_valid_optimizer_reported_success,PASS,0.442,62.20231405528202,3.937,PRESERVING,PASS,True,0,0,0.0,EXACT_AGREEMENT,200,118,200,83,1,82,0
200,4.38,3,0.443,62.374527554999446,3.937,PRESERVING,PASS,continuous_reference_residual_valid_optimizer_reported_success,PASS,0.443,62.374527554999446,3.937,PRESERVING,PASS,True,0,0,0.0,EXACT_AGREEMENT,201,118,201,84,1,83,0
201,4.381,3,0.444,62.54684181262163,3.937,PRESERVING,PASS,continuous_reference_residual_valid_optimizer_reported_success,PASS,0.444,62.54684181262163,3.937,PRESERVING,PASS,True,0,0,0.0,EXACT_AGREEMENT,202,118,202,85,1,84,0
202,4.382,3,0.445,62.7192566853709,3.937,PRESERVING,PASS,continuous_reference_residual_valid_optimizer_reported_success,PASS,0.445,62.7192566853709,3.937,PRESERVING,PASS,True,0,0,0.0,EXACT_AGREEMENT,203,118,203,86,1,85,0
203,4.383,3,0.446,62.89177203093203,3.937,PRESERVING,PASS,continuous_reference_residual_valid_optimizer_reported_success,PASS,0.446,62.89177203093203,3.937,PRESERVING,PASS,True,0,0,0.0,EXACT_AGREEMENT,204,118,204,87,1,86,0
204,4.384,3,0.447,63.06438770745129,3.937,PRESERVING,PASS,continuous_reference_residual_valid_optimizer_reported_success,PASS,0.447,63.06438770745129,3.937,PRESERVING,PASS,True,0,0,0.0,EXACT_AGREEMENT,205,118,205,88,1,87,0
205,4.385,3,0.448,63.23710357353214,3.937,PRESERVING,PASS,continuous_reference_residual_valid_optimizer_reported_success,PASS,0.448,63.23710357353214,3.937,PRESERVING,PASS,True,0,0,0.0,EXACT_AGREEMENT,206,118,206,89,1,88,0
206,4.386,3,0.449,63.409919488233896,3.937,PRESERVING,PASS,continuous_reference_residual_valid_optimizer_reported_success,PASS,0.449,63.409919488233896,3.937,PRESERVING,PASS,True,0,0,0.0,EXACT_AGREEMENT,207,118,207,90,1,89,0
207,4.387,3,0.45,63.582835311068465,3.937,PRESERVING,PASS,continuous_reference_residual_valid_optimizer_reported_success,PASS,0.45,63.582835311068465,3.937,PRESERVING,PASS,True,0,0,0.0,EXACT_AGREEMENT,208,118,208,91,1,90,0
208,4.388,3,0.451,63.75585090199845,3.937,PRESERVING,PASS,continuous_reference_residual_valid_optimizer_reported_success,PASS,0.451,63.75585090199845,3.937,PRESERVING,PASS,True,0,0,0.0,EXACT_AGREEMENT,209,118,209,92,1,91,0
209,4.389,3,0.452,63.92896612143363,3.937,PRESERVING,PASS,continuous_reference_residual_valid_optimizer_reported_success,PASS,0.452,63.92896612143363,3.937,PRESERVING,PASS,True,0,0,0.0,EXACT_AGREEMENT,210,118,210,93,1,92,0
210,4.39,3,0.453,64.10218083023004,3.937,PRESERVING,PASS,continuous_reference_residual_valid_optimizer_reported_success,PASS,0.453,64.10218083023004,3.937,PRESERVING,PASS,True,0,0,0.0,EXACT_AGREEMENT,211,118,211,94,1,93,0
211,4.391,3,0.454,64.27549488968609,3.937,PRESERVING,PASS,continuous_reference_residual_valid_optimizer_reported_success,PASS,0.454,64.27549488968609,3.937,PRESERVING,PASS,True,0,0,0.0,EXACT_AGREEMENT,212,118,212,95,1,94,0
212,4.392,3,0.455,64.44890816154124,3.937,PRESERVING,PASS,continuous_reference_residual_valid_optimizer_reported_success,PASS,0.455,64.44890816154124,3.937,PRESERVING,PASS,True,0,0,0.0,EXACT_AGREEMENT,213,118,213,96,1,95,0
213,4.393,3,0.456,64.62242050797275,3.937,PRESERVING,PASS,continuous_reference_residual_valid_optimizer_reported_success,PASS,0.456,64.62242050797275,3.937,PRESERVING,PASS,True,0,0,0.0,EXACT_AGREEMENT,214,118,214,97,1,96,0
214,4.394,3,0.457,64.79603179159405,3.937,PRESERVING,PASS,continuous_reference_residual_valid_optimizer_reported_success,PASS,0.457,64.79603179159405,3.937,PRESERVING,PASS,True,0,0,0.0,EXACT_AGREEMENT,215,118,215,98,1,97,0
215,4.395,3,0.458,64.96974187545112,3.937,PRESERVING,PASS,continuous_reference_residual_valid_optimizer_reported_success,PASS,0.458,64.96974187545112,3.937,PRESERVING,PASS,True,0,0,0.0,EXACT_AGREEMENT,216,118,216,99,1,98,0
216,4.396,3,0.459,65.14355062302187,3.937,PRESERVING,PASS,continuous_reference_residual_valid_optimizer_reported_success,PASS,0.459,65.14355062302187,3.937,PRESERVING,PASS,True,0,0,0.0,EXACT_AGREEMENT,217,118,217,100,1,99,0
217,4.397,3,0.46,65.31745789821242,3.937,PRESERVING,PASS,continuous_reference_residual_valid_optimizer_reported_success,PASS,0.46,65.31745789821242,3.937,PRESERVING,PASS,True,0,0,0.0,EXACT_AGREEMENT,218,118,218,101,1,100,0
218,4.398,3,0.461,65.49146356535569,3.937,PRESERVING,PASS,continuous_reference_residual_valid_optimizer_reported_success,PASS,0.461,65.49146356535569,3.937,PRESERVING,PASS,True,0,0,0.0,EXACT_AGREEMENT,219,118,219,102,1,101,0
219,4.399,3,0.462,65.6655674892083,3.937,PRESERVING,PASS,continuous_reference_residual_valid_optimizer_reported_success,PASS,0.462,65.6655674892083,3.937,PRESERVING,PASS,True,0,0,0.0,EXACT_AGREEMENT,220,118,220,103,1,102,0
220,4.4,3,0.463,65.83976953494917,3.937,PRESERVING,PASS,continuous_reference_residual_valid_optimizer_reported_success,PASS,0.463,65.83976953494917,3.937,PRESERVING,PASS,True,0,0,0.0,EXACT_AGREEMENT,221,118,221,104,1,103,0
221,4.401,3,0.464,66.01406956817586,3.937,PRESERVING,PASS,continuous_reference_residual_valid_optimizer_reported_success,PASS,0.464,66.01406956817586,3.937,PRESERVING,PASS,True,0,0,0.0,EXACT_AGREEMENT,222,118,222,105,1,104,0
222,4.402,3,0.465,66.18846745490411,3.937,PRESERVING,PASS,continuous_reference_residual_valid_optimizer_reported_success,PASS,0.465,66.18846745490411,3.937,PRESERVING,PASS,True,0,0,0.0,EXACT_AGREEMENT,223,118,223,106,1,105,0
223,4.403,3,0.466,66.36296306156447,3.937,PRESERVING,PASS,continuous_reference_residual_valid_optimizer_reported_success,PASS,0.466,66.36296306156447,3.937,PRESERVING,PASS,True,0,0,0.0,EXACT_AGREEMENT,224,118,224,107,1,106,0
224,4.404,3,0.467,66.53755625500033,3.937,PRESERVING,PASS,continuous_reference_residual_valid_optimizer_reported_success,PASS,0.467,66.53755625500033,3.937,PRESERVING,PASS,True,0,0,0.0,EXACT_AGREEMENT,225,118,225,108,1,107,0
225,4.405,3,0.468,66.71224690246572,3.937,PRESERVING,PASS,continuous_reference_residual_valid_optimizer_reported_success,PASS,0.468,66.71224690246572,3.937,PRESERVING,PASS,True,0,0,0.0,EXACT_AGREEMENT,226,118,226,109,1,108,0
226,4.406,3,0.469,66.8870348716235,3.937,PRESERVING,PASS,continuous_reference_residual_valid_optimizer_reported_success,PASS,0.469,66.8870348716235,3.937,PRESERVING,PASS,True,0,0,0.0,EXACT_AGREEMENT,227,118,227,110,1,109,0
227,4.407,3,0.47,67.06192003054181,3.937,PRESERVING,PASS,continuous_reference_residual_valid_optimizer_reported_success,PASS,0.47,67.06192003054181,3.937,PRESERVING,PASS,True,0,0,0.0,EXACT_AGREEMENT,228,118,228,111,1,110,0
228,4.408,3,0.471,67.2369022476942,3.937,PRESERVING,PASS,continuous_reference_residual_valid_optimizer_reported_success,PASS,0.471,67.2369022476942,3.937,PRESERVING,PASS,True,0,0,0.0,EXACT_AGREEMENT,229,118,229,112,1,111,0
229,4.409,3,0.472,67.41198139195559,3.937,PRESERVING,PASS,continuous_reference_residual_valid_optimizer_reported_success,PASS,0.472,67.41198139195559,3.937,PRESERVING,PASS,True,0,0,0.0,EXACT_AGREEMENT,230,118,230,113,1,112,0
230,4.41,3,0.473,67.58715733260098,3.937,PRESERVING,PASS,continuous_reference_residual_valid_optimizer_reported_success,PASS,0.473,67.58715733260098,3.937,PRESERVING,PASS,True,0,0,0.0,EXACT_AGREEMENT,231,118,231,114,1,113,0
231,4.411,3,0.474,67.76242993930329,3.937,PRESERVING,PASS,continuous_reference_residual_valid_optimizer_reported_success,PASS,0.474,67.76242993930329,3.937,PRESERVING,PASS,True,0,0,0.0,EXACT_AGREEMENT,232,118,232,115,1,114,0
232,4.412,3,0.475,67.93779908213101,3.937,PRESERVING,PASS,continuous_reference_residual_valid_optimizer_reported_success,PASS,0.475,67.93779908213101,3.937,PRESERVING,PASS,True,0,0,0.0,EXACT_AGREEMENT,233,118,233,116,1,115,0
233,4.413,3,0.476,68.11326463154663,3.937,PRESERVING,PASS,continuous_reference_residual_valid_optimizer_reported_success,PASS,0.476,68.11326463154663,3.937,PRESERVING,PASS,True,0,0,0.0,EXACT_AGREEMENT,234,118,234,117,1,116,0
234,4.414,3,0.477,68.28882645840352,3.937,PRESERVING,PASS,continuous_reference_residual_valid_optimizer_reported_success,PASS,0.477,68.28882645840352,3.937,PRESERVING,PASS,True,0,0,0.0,EXACT_AGREEMENT,235,118,235,118,1,117,0
235,4.415,3,0.478,68.46448443394532,3.937,PRESERVING,PASS,continuous_reference_residual_valid_optimizer_reported_success,PASS,0.478,68.46448443394532,3.937,PRESERVING,PASS,True,0,0,0.0,EXACT_AGREEMENT,236,118,236,119,1,118,0
236,4.416,3,0.479,68.64023842980316,3.937,PRESERVING,PASS,continuous_reference_residual_valid_optimizer_reported_success,PASS,0.479,68.64023842980316,3.937,PRESERVING,PASS,True,0,0,0.0,EXACT_AGREEMENT,237,118,237,120,1,119,0
237,4.417,3,0.48,68.81608831799328,3.937,PRESERVING,PASS,continuous_reference_residual_valid_optimizer_reported_success,PASS,0.48,68.81608831799328,3.937,PRESERVING,PASS,True,0,0,0.0,EXACT_AGREEMENT,238,118,238,121,1,120,0
238,4.418,3,0.481,68.99203397091617,3.937,PRESERVING,PASS,continuous_reference_residual_valid_optimizer_reported_success,PASS,0.481,68.99203397091617,3.937,PRESERVING,PASS,True,0,0,0.0,EXACT_AGREEMENT,239,118,239,122,1,121,0
239,4.419,3,0.482,69.16807526135294,3.937,PRESERVING,PASS,continuous_reference_residual_valid_optimizer_reported_success,PASS,0.482,69.16807526135294,3.937,PRESERVING,PASS,True,0,0,0.0,EXACT_AGREEMENT,240,118,240,123,1,122,0
240,4.42,3,0.483,69.34421206246495,3.937,PRESERVING,PASS,continuous_reference_residual_valid_optimizer_reported_success,PASS,0.483,69.34421206246495,3.937,PRESERVING,PASS,True,0,0,0.0,EXACT_AGREEMENT,241,118,241,124,1,123,0
241,4.421,3,0.484,69.52044424779127,3.937,PRESERVING,PASS,continuous_reference_residual_valid_optimizer_reported_success,PASS,0.484,69.52044424779127,3.937,PRESERVING,PASS,True,0,0,0.0,EXACT_AGREEMENT,242,118,242,125,1,124,0
242,4.422,3,0.485,69.69677169124638,3.937,PRESERVING,PASS,continuous_reference_residual_valid_optimizer_reported_success,PASS,0.485,69.69677169124638,3.937,PRESERVING,PASS,True,0,0,0.0,EXACT_AGREEMENT,243,118,243,126,1,125,0
243,4.423,3,0.486,69.87319426711854,3.937,PRESERVING,PASS,continuous_reference_residual_valid_optimizer_reported_success,PASS,0.486,69.87319426711854,3.937,PRESERVING,PASS,True,0,0,0.0,EXACT_AGREEMENT,244,118,244,127,1,126,0
244,4.424,3,0.487,70.04971185006823,3.937,PRESERVING,PASS,continuous_reference_residual_valid_optimizer_reported_success,PASS,0.487,70.04971185006823,3.937,PRESERVING,PASS,True,0,0,0.0,EXACT_AGREEMENT,245,118,245,128,1,127,0
245,4.425,3,0.488,70.22632431512572,3.937,PRESERVING,PASS,continuous_reference_residual_valid_optimizer_reported_success,PASS,0.488,70.22632431512572,3.937,PRESERVING,PASS,True,0,0,0.0,EXACT_AGREEMENT,245,117,245,129,1,128,0
246,4.426,3,0.489,70.40303153768883,3.937,PRESERVING,PASS,continuous_reference_residual_valid_optimizer_reported_success,PASS,0.489,70.40303153768883,3.937,PRESERVING,PASS,True,0,0,0.0,EXACT_AGREEMENT,245,116,245,130,1,129,0
247,4.427,3,0.49,70.57983339352239,3.937,PRESERVING,PASS,continuous_reference_residual_valid_optimizer_reported_success,PASS,0.49,70.57983339352239,3.937,PRESERVING,PASS,True,0,0,0.0,EXACT_AGREEMENT,245,115,245,131,1,130,0
248,4.428,3,0.491,70.75672975875528,3.937,PRESERVING,PASS,continuous_reference_residual_valid_optimizer_reported_success,PASS,0.491,70.75672975875528,3.937,PRESERVING,PASS,True,0,0,0.0,EXACT_AGREEMENT,246,115,246,132,1,131,0
249,4.429,3,0.492,70.93372050987885,3.937,PRESERVING,PASS,continuous_reference_residual_valid_optimizer_reported_success,PASS,0.492,70.93372050987885,3.937,PRESERVING,PASS,True,0,0,0.0,EXACT_AGREEMENT,246,114,246,133,1,132,0
250,4.43,3,0.493,71.11080552374565,3.937,PRESERVING,PASS,continuous_reference_residual_valid_optimizer_reported_success,PASS,0.493,71.11080552374565,3.937,PRESERVING,PASS,True,0,0,0.0,EXACT_AGREEMENT,246,113,246,134,1,133,0
251,4.431,3,0.494,71.28798467756593,3.937,PRESERVING,PASS,continuous_reference_residual_valid_optimizer_reported_success,PASS,0.494,71.28798467756593,3.937,PRESERVING,PASS,True,0,0,0.0,EXACT_AGREEMENT,247,113,247,135,1,134,0
252,4.432,3,0.495,71.46525784890817,3.937,PRESERVING,PASS,continuous_reference_residual_valid_optimizer_reported_success,PASS,0.495,71.46525784890817,3.937,PRESERVING,PASS,True,0,0,0.0,EXACT_AGREEMENT,247,112,247,136,1,135,0
253,4.433,3,0.496,71.64262491569566,3.937,PRESERVING,PASS,continuous_reference_residual_valid_optimizer_reported_success,PASS,0.496,71.64262491569566,3.937,PRESERVING,PASS,True,0,0,0.0,EXACT_AGREEMENT,247,111,247,137,1,136,0
254,4.434,3,0.497,71.82008575620523,3.937,PRESERVING,PASS,continuous_reference_residual_valid_optimizer_reported_success,PASS,0.497,71.82008575620523,3.937,PRESERVING,PASS,True,0,0,0.0,EXACT_AGREEMENT,247,110,247,138,1,137,0
255,4.435,3,0.498,71.9976402490655,3.937,PRESERVING,PASS,continuous_reference_residual_valid_optimizer_reported_success,PASS,0.498,71.9976402490655,3.937,PRESERVING,PASS,True,0,0,0.0,EXACT_AGREEMENT,248,110,248,139,1,138,0
256,4.436,3,0.499,72.17528827325498,3.937,PRESERVING,PASS,continuous_reference_residual_valid_optimizer_reported_success,PASS,0.499,72.17528827325498,3.937,PRESERVING,PASS,True,0,0,0.0,EXACT_AGREEMENT,248,109,248,140,1,139,0
257,4.437,3,0.5,72.35302970810072,3.937,PRESERVING,PASS,continuous_reference_residual_valid_optimizer_reported_success,PASS,0.5,72.35302970810072,3.937,PRESERVING,PASS,True,0,0,0.0,EXACT_AGREEMENT,248,108,248,141,1,140,0
258,4.438,3,0.501,72.53086443327551,3.937,PRESERVING,PASS,continuous_reference_residual_valid_optimizer_reported_success,PASS,0.501,72.53086443327551,3.937,PRESERVING,PASS,True,0,0,0.0,EXACT_AGREEMENT,248,107,248,142,1,141,0
259,4.439,3,0.502,72.70879232879778,3.937,PRESERVING,PASS,continuous_reference_residual_valid_optimizer_reported_success,PASS,0.502,72.70879232879778,3.937,PRESERVING,PASS,True,0,0,0.0,EXACT_AGREEMENT,249,107,249,143,1,142,0
260,4.44,3,0.503,72.88681327502869,3.937,PRESERVING,PASS,continuous_reference_residual_valid_optimizer_reported_success,PASS,0.503,72.88681327502869,3.937,PRESERVING,PASS,True,0,0,0.0,EXACT_AGREEMENT,249,106,249,144,1,143,0
261,4.441,3,0.504,73.06492715267073,3.937,PRESERVING,PASS,continuous_reference_residual_valid_optimizer_reported_success,PASS,0.504,73.06492715267073,3.937,PRESERVING,PASS,True,0,0,0.0,EXACT_AGREEMENT,249,105,249,145,1,144,0
262,4.442,3,0.505,73.24313384276653,3.937,PRESERVING,PASS,continuous_reference_residual_valid_optimizer_reported_success,PASS,0.505,73.24313384276653,3.937,PRESERVING,PASS,True,0,0,0.0,EXACT_AGREEMENT,250,105,250,146,1,145,0
263,4.443,3,0.506,73.42143322669587,3.937,PRESERVING,PASS,continuous_reference_residual_valid_optimizer_reported_success,PASS,0.506,73.42143322669587,3.937,PRESERVING,PASS,True,0,0,0.0,EXACT_AGREEMENT,250,104,250,147,1,146,0
264,4.444,3,0.507,73.59982518617569,3.937,PRESERVING,PASS,continuous_reference_residual_valid_optimizer_reported_success,PASS,0.507,73.59982518617569,3.937,PRESERVING,PASS,True,0,0,0.0,EXACT_AGREEMENT,250,103,250,148,1,147,0
265,4.445,3,0.508,73.77830960325744,3.937,PRESERVING,PASS,continuous_reference_residual_valid_optimizer_reported_success,PASS,0.508,73.77830960325744,3.937,PRESERVING,PASS,True,0,0,0.0,EXACT_AGREEMENT,250,102,250,149,1,148,0
266,4.446,3,0.509,73.95688636032565,3.937,PRESERVING,PASS,continuous_reference_residual_valid_optimizer_reported_success,PASS,0.509,73.95688636032565,3.937,PRESERVING,PASS,True,0,0,0.0,EXACT_AGREEMENT,251,102,251,150,1,149,0
267,4.447,3,0.51,74.13555534009637,3.937,PRESERVING,PASS,continuous_reference_residual_valid_optimizer_reported_success,PASS,0.51,74.13555534009637,3.937,PRESERVING,PASS,True,0,0,0.0,EXACT_AGREEMENT,251,101,251,151,1,150,0
268,4.448,3,0.511,74.31431642561535,3.937,PRESERVING,PASS,continuous_reference_residual_valid_optimizer_reported_success,PASS,0.511,74.31431642561535,3.937,PRESERVING,PASS,True,0,0,0.0,EXACT_AGREEMENT,251,100,251,152,1,151,0
269,4.449,3,0.512,74.49316950025707,3.937,PRESERVING,PASS,continuous_reference_residual_valid_optimizer_reported_success,PASS,0.512,74.49316950025707,3.937,PRESERVING,PASS,True,0,0,0.0,EXACT_AGREEMENT,252,100,252,153,1,152,0
270,4.45,3,0.513,74.67211444772173,3.937,PRESERVING,PASS,continuous_reference_residual_valid_optimizer_reported_success,PASS,0.513,74.67211444772173,3.937,PRESERVING,PASS,True,0,0,0.0,EXACT_AGREEMENT,252,99,252,154,1,153,0
271,4.451,3,0.514,74.85115115203553,3.937,PRESERVING,PASS,continuous_reference_residual_valid_optimizer_reported_success,PASS,0.514,74.85115115203553,3.937,PRESERVING,PASS,True,0,0,0.0,EXACT_AGREEMENT,252,98,252,155,1,154,0
272,4.452,3,0.515,75.03027949754768,3.937,PRESERVING,PASS,continuous_reference_residual_valid_optimizer_reported_success,PASS,0.515,75.03027949754768,3.937,PRESERVING,PASS,True,0,0,0.0,EXACT_AGREEMENT,252,97,252,156,1,155,0
273,4.453,3,0.516,75.20949936892963,3.937,PRESERVING,PASS,continuous_reference_residual_valid_optimizer_reported_success,PASS,0.516,75.20949936892963,3.937,PRESERVING,PASS,True,0,0,0.0,EXACT_AGREEMENT,253,97,253,157,1,156,0
274,4.454,3,0.517,75.38881065117336,3.937,PRESERVING,PASS,continuous_reference_residual_valid_optimizer_reported_success,PASS,0.517,75.38881065117336,3.937,PRESERVING,PASS,True,0,0,0.0,EXACT_AGREEMENT,253,96,253,158,1,157,0
275,4.455,3,0.518,75.56821322958875,3.937,PRESERVING,PASS,continuous_reference_residual_valid_optimizer_reported_success,PASS,0.518,75.56821322958875,3.937,PRESERVING,PASS,True,0,0,0.0,EXACT_AGREEMENT,253,95,253,159,1,158,0
276,4.456,3,0.519,75.74770698980423,3.937,PRESERVING,PASS,continuous_reference_residual_valid_optimizer_reported_success,PASS,0.519,75.74770698980423,3.937,PRESERVING,PASS,True,0,0,0.0,EXACT_AGREEMENT,253,94,253,160,1,159,0
277,4.457,3,0.52,75.92729181776332,3.937,PRESERVING,PASS,continuous_reference_residual_valid_optimizer_reported_success,PASS,0.52,75.92729181776332,3.937,PRESERVING,PASS,True,0,0,0.0,EXACT_AGREEMENT,254,94,254,161,1,160,0
278,4.458,3,0.521,76.10696759972423,3.937,PRESERVING,PASS,continuous_reference_residual_valid_optimizer_reported_success,PASS,0.521,76.10696759972423,3.937,PRESERVING,PASS,True,0,0,0.0,EXACT_AGREEMENT,254,93,254,162,1,161,0
279,4.459,3,0.522,76.28673422225766,3.937,PRESERVING,PASS,continuous_reference_residual_valid_optimizer_reported_success,PASS,0.522,76.28673422225766,3.937,PRESERVING,PASS,True,0,0,0.0,EXACT_AGREEMENT,254,92,254,163,1,162,0
280,4.46,3,0.523,76.4665915722459,3.937,PRESERVING,PASS,continuous_reference_residual_valid_optimizer_reported_success,PASS,0.523,76.4665915722459,3.937,PRESERVING,PASS,True,0,0,0.0,EXACT_AGREEMENT,255,92,255,164,1,163,0
281,4.461,3,0.524,76.64653953688114,3.937,PRESERVING,PASS,continuous_reference_residual_valid_optimizer_reported_success,PASS,0.524,76.64653953688114,3.937,PRESERVING,PASS,True,0,0,0.0,EXACT_AGREEMENT,255,91,255,165,1,164,0
282,4.462,3,0.525,76.8265780036633,3.937,PRESERVING,PASS,continuous_reference_residual_valid_optimizer_reported_success,PASS,0.525,76.8265780036633,3.937,PRESERVING,PASS,True,0,0,0.0,EXACT_AGREEMENT,255,90,255,166,1,165,0
283,4.463,3,0.526,77.0067068604,3.937,PRESERVING,PASS,continuous_reference_residual_valid_optimizer_reported_success,PASS,0.526,77.0067068604,3.937,PRESERVING,PASS,True,0,0,0.0,EXACT_AGREEMENT,255,89,255,167,1,166,0
284,4.464,3,0.527,77.18692599520384,3.937,PRESERVING,PASS,continuous_reference_residual_valid_optimizer_reported_success,PASS,0.527,77.18692599520384,3.937,PRESERVING,PASS,True,0,0,0.0,EXACT_AGREEMENT,256,89,256,168,1,167,0
285,4.465,3,0.528,77.36723529649178,3.937,PRESERVING,PASS,continuous_reference_residual_valid_optimizer_reported_success,PASS,0.528,77.36723529649178,3.937,PRESERVING,PASS,True,0,0,0.0,EXACT_AGREEMENT,256,88,256,169,1,168,0
286,4.466,3,0.529,77.54763465298348,3.937,PRESERVING,PASS,continuous_reference_residual_valid_optimizer_reported_success,PASS,0.529,77.54763465298348,3.937,PRESERVING,PASS,True,0,0,0.0,EXACT_AGREEMENT,256,87,256,170,1,169,0
287,4.467,3,0.53,77.72812395369895,3.937,PRESERVING,PASS,continuous_reference_residual_valid_optimizer_reported_success,PASS,0.53,77.72812395369895,3.937,PRESERVING,PASS,True,0,0,0.0,EXACT_AGREEMENT,257,87,257,171,1,170,0
288,4.468,3,0.531,77.90870308795876,3.937,PRESERVING,PASS,continuous_reference_residual_valid_optimizer_reported_success,PASS,0.531,77.90870308795876,3.937,PRESERVING,PASS,True,0,0,0.0,EXACT_AGREEMENT,257,86,257,172,1,171,0
289,4.469,3,0.532,78.0893719453818,3.937,PRESERVING,PASS,continuous_reference_residual_valid_optimizer_reported_success,PASS,0.532,78.0893719453818,3.937,PRESERVING,PASS,True,0,0,0.0,EXACT_AGREEMENT,257,85,257,173,1,172,0
290,4.47,3,0.533,78.27013041588366,3.937,PRESERVING,PASS,continuous_reference_residual_valid_optimizer_reported_success,PASS,0.533,78.27013041588366,3.937,PRESERVING,PASS,True,0,0,0.0,EXACT_AGREEMENT,257,84,257,174,1,173,0
291,4.471,3,0.534,78.45097838967553,3.937,PRESERVING,PASS,continuous_reference_residual_valid_optimizer_reported_success,PASS,0.534,78.45097838967553,3.937,PRESERVING,PASS,True,0,0,0.0,EXACT_AGREEMENT,258,84,258,175,1,174,0
292,4.472,3,0.535,78.63191575726316,3.937,PRESERVING,PASS,continuous_reference_residual_valid_optimizer_reported_success,PASS,0.535,78.63191575726316,3.937,PRESERVING,PASS,True,0,0,0.0,EXACT_AGREEMENT,258,83,258,176,1,175,0
293,4.473,3,0.536,78.81294240944503,3.937,PRESERVING,PASS,continuous_reference_residual_valid_optimizer_reported_success,PASS,0.536,78.81294240944503,3.937,PRESERVING,PASS,True,0,0,0.0,EXACT_AGREEMENT,258,82,258,177,1,176,0
294,4.474,3,0.537,78.99405823731051,3.937,PRESERVING,PASS,continuous_reference_residual_valid_optimizer_reported_success,PASS,0.537,78.99405823731051,3.937,PRESERVING,PASS,True,0,0,0.0,EXACT_AGREEMENT,259,82,259,178,1,177,0
295,4.475,3,0.538,79.17526313223993,3.937,PRESERVING,PASS,continuous_reference_residual_valid_optimizer_reported_success,PASS,0.538,79.17526313223993,3.937,PRESERVING,PASS,True,0,0,0.0,EXACT_AGREEMENT,259,81,259,179,1,178,0
296,4.476,3,0.539,79.35655698590197,3.937,PRESERVING,PASS,continuous_reference_residual_valid_optimizer_reported_success,PASS,0.539,79.35655698590197,3.937,PRESERVING,PASS,True,0,0,0.0,EXACT_AGREEMENT,259,80,259,180,1,179,0
297,4.477,3,0.54,79.53793969025295,3.937,PRESERVING,PASS,continuous_reference_residual_valid_optimizer_reported_success,PASS,0.54,79.53793969025295,3.937,PRESERVING,PASS,True,0,0,0.0,EXACT_AGREEMENT,259,79,259,181,1,180,0
298,4.478,3,0.541,79.7194111375357,3.937,PRESERVING,PASS,continuous_reference_residual_valid_optimizer_reported_success,PASS,0.541,79.7194111375357,3.937,PRESERVING,PASS,True,0,0,0.0,EXACT_AGREEMENT,260,79,260,182,1,181,0
299,4.479,3,0.542,79.90097122027703,3.937,PRESERVING,PASS,continuous_reference_residual_valid_optimizer_reported_success,PASS,0.542,79.90097122027703,3.937,PRESERVING,PASS,True,0,0,0.0,EXACT_AGREEMENT,260,78,260,183,1,182,0
300,4.48,3,0.543,80.08261983128789,3.937,PRESERVING,PASS,continuous_reference_residual_valid_optimizer_reported_success,PASS,0.543,80.08261983128789,3.937,PRESERVING,PASS,True,0,0,0.0,EXACT_AGREEMENT,260,77,260,184,1,183,0
301,4.481,3,0.544,80.26435686366148,3.937,PRESERVING,PASS,continuous_reference_residual_valid_optimizer_reported_success,PASS,0.544,80.26435686366148,3.937,PRESERVING,PASS,True,0,0,0.0,EXACT_AGREEMENT,260,76,260,185,1,184,0
302,4.482,3,0.545,80.44618221077182,3.937,PRESERVING,PASS,continuous_reference_residual_valid_optimizer_reported_success,PASS,0.545,80.44618221077182,3.937,PRESERVING,PASS,True,0,0,0.0,EXACT_AGREEMENT,261,76,261,186,1,185,0
303,4.483,3,0.546,80.62809576627257,3.937,PRESERVING,PASS,continuous_reference_residual_valid_optimizer_reported_success,PASS,0.546,80.62809576627257,3.937,PRESERVING,PASS,True,0,0,0.0,EXACT_AGREEMENT,261,75,261,187,1,186,0
304,4.484,3,0.547,80.81009742409596,3.937,PRESERVING,PASS,continuous_reference_residual_valid_optimizer_reported_success,PASS,0.547,80.81009742409596,3.937,PRESERVING,PASS,True,0,0,0.0,EXACT_AGREEMENT,261,74,261,188,1,187,0
305,4.485,3,0.548,80.99218707845156,3.937,PRESERVING,PASS,continuous_reference_residual_valid_optimizer_reported_success,PASS,0.548,80.99218707845156,3.937,PRESERVING,PASS,True,0,0,0.0,EXACT_AGREEMENT,262,74,262,189,1,188,0
306,4.486,3,0.549,81.17436462382389,3.937,PRESERVING,PASS,continuous_reference_residual_valid_optimizer_reported_success,PASS,0.549,81.17436462382389,3.937,PRESERVING,PASS,True,0,0,0.0,EXACT_AGREEMENT,262,73,262,190,1,189,0
307,4.487,3,0.55,81.35662995497309,3.937,PRESERVING,PASS,continuous_reference_residual_valid_optimizer_reported_success,PASS,0.55,81.35662995497309,3.937,PRESERVING,PASS,True,0,0,0.0,EXACT_AGREEMENT,262,72,262,191,1,190,0
308,4.488,3,0.551,81.53898296693227,3.937,PRESERVING,PASS,continuous_reference_residual_valid_optimizer_reported_success,PASS,0.551,81.53898296693227,3.937,PRESERVING,PASS,True,0,0,0.0,EXACT_AGREEMENT,262,71,262,192,1,191,0
309,4.489,3,0.552,81.72142355500691,3.937,PRESERVING,PASS,continuous_reference_residual_valid_optimizer_reported_success,PASS,0.552,81.72142355500691,3.937,PRESERVING,PASS,True,0,0,0.0,EXACT_AGREEMENT,263,71,263,193,1,192,0
310,4.49,3,0.553,81.90395161477353,3.937,PRESERVING,PASS,continuous_reference_residual_valid_optimizer_reported_success,PASS,0.553,81.90395161477353,3.937,PRESERVING,PASS,True,0,0,0.0,EXACT_AGREEMENT,263,70,263,194,1,193,0
311,4.491,3,0.554,82.08656704207768,3.937,PRESERVING,PASS,continuous_reference_residual_valid_optimizer_reported_success,PASS,0.554,82.08656704207768,3.937,PRESERVING,PASS,True,0,0,0.0,EXACT_AGREEMENT,263,69,263,195,1,194,0
312,4.492,3,0.555,82.2692697330342,3.937,PRESERVING,PASS,continuous_reference_residual_valid_optimizer_reported_success,PASS,0.555,82.2692697330342,3.937,PRESERVING,PASS,True,0,0,0.0,EXACT_AGREEMENT,264,69,264,196,1,195,0
313,4.493,3,0.556,82.4520595840249,3.937,PRESERVING,PASS,continuous_reference_residual_valid_optimizer_reported_success,PASS,0.556,82.4520595840249,3.937,PRESERVING,PASS,True,0,0,0.0,EXACT_AGREEMENT,264,68,264,197,1,196,0
314,4.494,3,0.557,82.63493649169801,3.937,PRESERVING,PASS,continuous_reference_residual_valid_optimizer_reported_success,PASS,0.557,82.63493649169801,3.937,PRESERVING,PASS,True,0,0,0.0,EXACT_AGREEMENT,264,67,264,198,1,197,0
315,4.495,3,0.558,82.81790035296616,3.937,PRESERVING,PASS,continuous_reference_residual_valid_optimizer_reported_success,PASS,0.558,82.81790035296616,3.937,PRESERVING,PASS,True,0,0,0.0,EXACT_AGREEMENT,264,66,264,199,1,198,0
316,4.496,3,0.559,83.00095106500629,3.937,PRESERVING,PASS,continuous_reference_residual_valid_optimizer_reported_success,PASS,0.559,83.00095106500629,3.937,PRESERVING,PASS,True,0,0,0.0,EXACT_AGREEMENT,265,66,265,200,1,199,0
317,4.497,3,0.56,83.18408852525788,3.937,PRESERVING,PASS,continuous_reference_residual_valid_optimizer_reported_success,PASS,0.56,83.18408852525788,3.937,PRESERVING,PASS,True,0,0,0.0,EXACT_AGREEMENT,265,65,265,201,1,200,0
318,4.498,3,0.561,83.36731263142123,3.937,PRESERVING,PASS,continuous_reference_residual_valid_optimizer_reported_success,PASS,0.561,83.36731263142123,3.937,PRESERVING,PASS,True,0,0,0.0,EXACT_AGREEMENT,265,64,265,202,1,201,0
319,4.499,3,0.562,83.55062328145755,3.937,PRESERVING,PASS,continuous_reference_residual_valid_optimizer_reported_success,PASS,0.562,83.55062328145755,3.937,PRESERVING,PASS,True,0,0,0.0,EXACT_AGREEMENT,266,64,266,203,1,202,0
320,4.5,3,0.563,83.73402037358707,3.937,PRESERVING,PASS,continuous_reference_residual_valid_optimizer_reported_success,PASS,0.563,83.73402037358707,3.937,PRESERVING,PASS,True,0,0,0.0,EXACT_AGREEMENT,266,63,266,204,1,203,0
321,4.501,3,0.564,83.91750380628774,3.937,PRESERVING,PASS,continuous_reference_residual_valid_optimizer_reported_success,PASS,0.564,83.91750380628774,3.937,PRESERVING,PASS,True,0,0,0.0,EXACT_AGREEMENT,266,62,266,205,1,204,0
322,4.502,3,0.565,84.10107347829457,3.937,PRESERVING,PASS,continuous_reference_residual_valid_optimizer_reported_success,PASS,0.565,84.10107347829457,3.937,PRESERVING,PASS,True,0,0,0.0,EXACT_AGREEMENT,266,61,266,206,1,205,0
323,4.503,3,0.566,84.28472928859861,3.937,PRESERVING,PASS,continuous_reference_residual_valid_optimizer_reported_success,PASS,0.566,84.28472928859861,3.937,PRESERVING,PASS,True,0,0,0.0,EXACT_AGREEMENT,267,61,267,207,1,206,0
324,4.504,3,0.567,84.46847113644439,3.937,PRESERVING,PASS,continuous_reference_residual_valid_optimizer_reported_success,PASS,0.567,84.46847113644439,3.937,PRESERVING,PASS,True,0,0,0.0,EXACT_AGREEMENT,267,60,267,208,1,207,0
325,4.505,3,0.568,84.65229892133114,3.937,PRESERVING,PASS,continuous_reference_residual_valid_optimizer_reported_success,PASS,0.568,84.65229892133114,3.937,PRESERVING,PASS,True,0,0,0.0,EXACT_AGREEMENT,267,59,267,209,1,208,0
326,4.506,3,0.569,84.83621254300982,3.937,PRESERVING,PASS,continuous_reference_residual_valid_optimizer_reported_success,PASS,0.569,84.83621254300982,3.937,PRESERVING,PASS,True,0,0,0.0,EXACT_AGREEMENT,267,58,267,210,1,209,0
327,4.507,3,0.57,85.02021190148295,3.937,PRESERVING,PASS,continuous_reference_residual_valid_optimizer_reported_success,PASS,0.57,85.02021190148295,3.937,PRESERVING,PASS,True,0,0,0.0,EXACT_AGREEMENT,268,58,268,211,1,210,0
328,4.508,3,0.571,85.20429689700306,3.937,PRESERVING,PASS,continuous_reference_residual_valid_optimizer_reported_success,PASS,0.571,85.20429689700306,3.937,PRESERVING,PASS,True,0,0,0.0,EXACT_AGREEMENT,268,57,268,212,1,211,0
329,4.509,3,0.572,85.38846743007178,3.937,PRESERVING,PASS,continuous_reference_residual_valid_optimizer_reported_success,PASS,0.572,85.38846743007178,3.937,PRESERVING,PASS,True,0,0,0.0,EXACT_AGREEMENT,268,56,268,213,1,212,0
330,4.51,3,0.573,85.57272340143905,3.937,PRESERVING,PASS,continuous_reference_residual_valid_optimizer_reported_success,PASS,0.573,85.57272340143905,3.937,PRESERVING,PASS,True,0,0,0.0,EXACT_AGREEMENT,269,56,269,214,1,213,0
331,4.511,3,0.574,85.75706471210107,3.937,PRESERVING,PASS,continuous_reference_residual_valid_optimizer_reported_success,PASS,0.574,85.75706471210107,3.937,PRESERVING,PASS,True,0,0,0.0,EXACT_AGREEMENT,269,55,269,215,1,214,0
332,4.512,3,0.575,85.94149126330045,3.937,PRESERVING,PASS,continuous_reference_residual_valid_optimizer_reported_success,PASS,0.575,85.94149126330045,3.937,PRESERVING,PASS,True,0,0,0.0,EXACT_AGREEMENT,269,54,269,216,1,215,0
333,4.513,3,0.576,86.12600295652462,3.937,PRESERVING,PASS,continuous_reference_residual_valid_optimizer_reported_success,PASS,0.576,86.12600295652462,3.937,PRESERVING,PASS,True,0,0,0.0,EXACT_AGREEMENT,269,53,269,217,1,216,0
334,4.514,3,0.577,86.3105996935045,3.937,PRESERVING,PASS,continuous_reference_residual_valid_optimizer_reported_success,PASS,0.577,86.3105996935045,3.937,PRESERVING,PASS,True,0,0,0.0,EXACT_AGREEMENT,270,53,270,218,1,217,0
335,4.515,3,0.578,86.49528137621428,3.937,PRESERVING,PASS,continuous_reference_residual_valid_optimizer_reported_success,PASS,0.578,86.49528137621428,3.937,PRESERVING,PASS,True,0,0,0.0,EXACT_AGREEMENT,270,52,270,219,1,218,0
336,4.516,3,0.579,86.6800479068686,3.937,PRESERVING,PASS,continuous_reference_residual_valid_optimizer_reported_success,PASS,0.579,86.6800479068686,3.937,PRESERVING,PASS,True,0,0,0.0,EXACT_AGREEMENT,270,51,270,220,1,219,0
337,4.517,3,0.58,86.86489918792391,3.937,PRESERVING,PASS,continuous_reference_residual_valid_optimizer_reported_success,PASS,0.58,86.86489918792391,3.937,PRESERVING,PASS,True,0,0,0.0,EXACT_AGREEMENT,271,51,271,221,1,220,0
338,4.518,3,0.581,87.04983512207598,3.937,PRESERVING,PASS,continuous_reference_residual_valid_optimizer_reported_success,PASS,0.581,87.04983512207598,3.937,PRESERVING,PASS,True,0,0,0.0,EXACT_AGREEMENT,271,50,271,222,1,221,0
339,4.519,3,0.582,87.23485561225888,3.937,PRESERVING,PASS,continuous_reference_residual_valid_optimizer_reported_success,PASS,0.582,87.23485561225888,3.937,PRESERVING,PASS,True,0,0,0.0,EXACT_AGREEMENT,271,49,271,223,1,222,0
340,4.52,3,0.583,87.41996056164442,3.937,PRESERVING,PASS,continuous_reference_residual_valid_optimizer_reported_success,PASS,0.583,87.41996056164442,3.937,PRESERVING,PASS,True,0,0,0.0,EXACT_AGREEMENT,271,48,271,224,1,223,0
341,4.521,3,0.584,87.60514987364093,3.937,PRESERVING,PASS,continuous_reference_residual_valid_optimizer_reported_success,PASS,0.584,87.60514987364093,3.937,PRESERVING,PASS,True,0,0,0.0,EXACT_AGREEMENT,272,48,272,225,1,224,0
342,4.522,3,0.585,87.7904234518926,3.937,PRESERVING,PASS,continuous_reference_residual_valid_optimizer_reported_success,PASS,0.585,87.7904234518926,3.937,PRESERVING,PASS,True,0,0,0.0,EXACT_AGREEMENT,272,47,272,226,1,225,0
343,4.523,3,0.586,87.97578120027724,3.937,PRESERVING,PASS,continuous_reference_residual_valid_optimizer_reported_success,PASS,0.586,87.97578120027724,3.937,PRESERVING,PASS,True,0,0,0.0,EXACT_AGREEMENT,272,46,272,227,1,226,0
344,4.524,3,0.587,88.1612230229071,3.937,PRESERVING,PASS,continuous_reference_residual_valid_optimizer_reported_success,PASS,0.587,88.1612230229071,3.937,PRESERVING,PASS,True,0,0,0.0,EXACT_AGREEMENT,273,46,273,228,1,227,0
345,4.525,3,0.588,88.34674882412682,3.937,PRESERVING,PASS,continuous_reference_residual_valid_optimizer_reported_success,PASS,0.588,88.34674882412682,3.937,PRESERVING,PASS,True,0,0,0.0,EXACT_AGREEMENT,273,45,273,229,1,228,0
346,4.526,3,0.589,88.53235850851236,3.937,PRESERVING,PASS,continuous_reference_residual_valid_optimizer_reported_success,PASS,0.589,88.53235850851236,3.937,PRESERVING,PASS,True,0,0,0.0,EXACT_AGREEMENT,273,44,273,230,1,229,0
347,4.527,3,0.59,88.71805198087083,3.937,PRESERVING,PASS,continuous_reference_residual_valid_optimizer_reported_success,PASS,0.59,88.71805198087083,3.937,PRESERVING,PASS,True,0,0,0.0,EXACT_AGREEMENT,273,43,273,231,1,230,0
348,4.528,3,0.591,88.90382914623795,3.937,PRESERVING,PASS,continuous_reference_residual_valid_optimizer_reported_success,PASS,0.591,88.90382914623795,3.937,PRESERVING,PASS,True,0,0,0.0,EXACT_AGREEMENT,274,43,274,232,1,231,0
349,4.529,3,0.592,89.08968990987908,3.937,PRESERVING,PASS,continuous_reference_residual_valid_optimizer_reported_success,PASS,0.592,89.08968990987908,3.937,PRESERVING,PASS,True,0,0,0.0,EXACT_AGREEMENT,274,42,274,233,1,232,0
350,4.53,3,0.593,89.27563417728699,3.937,PRESERVING,PASS,continuous_reference_residual_valid_optimizer_reported_success,PASS,0.593,89.27563417728699,3.937,PRESERVING,PASS,True,0,0,0.0,EXACT_AGREEMENT,274,41,274,234,1,233,0
351,4.531,3,0.594,89.4616618541812,3.937,PRESERVING,PASS,continuous_reference_residual_valid_optimizer_reported_success,PASS,0.594,89.4616618541812,3.937,PRESERVING,PASS,True,0,0,0.0,EXACT_AGREEMENT,275,41,275,235,1,234,0
352,4.532,3,0.595,89.64777284650695,3.937,PRESERVING,PASS,continuous_reference_residual_valid_optimizer_reported_success,PASS,0.595,89.64777284650695,3.937,PRESERVING,PASS,True,0,0,0.0,EXACT_AGREEMENT,275,40,275,236,1,235,0
353,4.533,3,0.596,89.8339670604345,3.937,PRESERVING,PASS,continuous_reference_residual_valid_optimizer_reported_success,PASS,0.596,89.8339670604345,3.937,PRESERVING,PASS,True,0,0,0.0,EXACT_AGREEMENT,275,39,275,237,1,236,0
354,4.534,3,0.597,90.02024440235823,3.937,PRESERVING,PASS,continuous_reference_residual_valid_optimizer_reported_success,PASS,0.597,90.02024440235823,3.937,PRESERVING,PASS,True,0,0,0.0,EXACT_AGREEMENT,275,38,275,238,1,237,0
355,4.535,3,0.598,90.20660477889476,3.937,PRESERVING,PASS,continuous_reference_residual_valid_optimizer_reported_success,PASS,0.598,90.20660477889476,3.937,PRESERVING,PASS,True,0,0,0.0,EXACT_AGREEMENT,276,38,276,239,1,238,0
356,4.536,3,0.599,90.39304809688359,3.937,PRESERVING,PASS,continuous_reference_residual_valid_optimizer_reported_success,PASS,0.599,90.39304809688359,3.937,PRESERVING,PASS,True,0,0,0.0,EXACT_AGREEMENT,276,37,276,240,1,239,0
357,4.537,3,0.6,90.57957426338518,3.937,PRESERVING,PASS,continuous_reference_residual_valid_optimizer_reported_success,PASS,0.6,90.57957426338518,3.937,PRESERVING,PASS,True,0,0,0.0,EXACT_AGREEMENT,276,36,276,241,1,240,0
358,4.538,3,0.601,90.76618318568,3.937,PRESERVING,PASS,continuous_reference_residual_valid_optimizer_reported_success,PASS,0.601,90.76618318568,3.937,PRESERVING,PASS,True,0,0,0.0,EXACT_AGREEMENT,277,36,277,242,1,241,0
359,4.539,3,0.602,90.95287477126844,3.937,PRESERVING,PASS,continuous_reference_residual_valid_optimizer_reported_success,PASS,0.602,90.95287477126844,3.937,PRESERVING,PASS,True,0,0,0.0,EXACT_AGREEMENT,277,35,277,243,1,242,0
360,4.54,3,0.603,91.13964892786835,3.937,PRESERVING,PASS,continuous_reference_residual_valid_optimizer_reported_success,PASS,0.603,91.13964892786835,3.937,PRESERVING,PASS,True,0,0,0.0,EXACT_AGREEMENT,277,34,277,244,1,243,0
361,4.541,3,0.604,91.32650556341596,3.937,PRESERVING,PASS,continuous_reference_residual_valid_optimizer_reported_success,PASS,0.604,91.32650556341596,3.937,PRESERVING,PASS,True,0,0,0.0,EXACT_AGREEMENT,277,33,277,245,1,244,0
362,4.542,3,0.605,91.51344458606376,3.937,PRESERVING,PASS,continuous_reference_residual_valid_optimizer_reported_success,PASS,0.605,91.51344458606376,3.937,PRESERVING,PASS,True,0,0,0.0,EXACT_AGREEMENT,278,33,278,246,1,245,0
363,4.543,3,0.606,91.70046590418022,3.937,PRESERVING,PASS,continuous_reference_residual_valid_optimizer_reported_success,PASS,0.606,91.70046590418022,3.937,PRESERVING,PASS,True,0,0,0.0,EXACT_AGREEMENT,278,32,278,247,1,246,0
364,4.544,3,0.607,91.88756942634846,3.937,PRESERVING,PASS,continuous_reference_residual_valid_optimizer_reported_success,PASS,0.607,91.88756942634846,3.937,PRESERVING,PASS,True,0,0,0.0,EXACT_AGREEMENT,278,31,278,248,1,247,0
365,4.545,3,0.608,92.07475506136575,3.937,PRESERVING,PASS,continuous_reference_residual_valid_optimizer_reported_success,PASS,0.608,92.07475506136575,3.937,PRESERVING,PASS,True,0,0,0.0,EXACT_AGREEMENT,279,31,279,249,1,248,0
366,4.546,3,0.609,92.26202271824266,3.937,PRESERVING,PASS,continuous_reference_residual_valid_optimizer_reported_success,PASS,0.609,92.26202271824266,3.937,PRESERVING,PASS,True,0,0,0.0,EXACT_AGREEMENT,279,30,279,250,1,249,0
367,4.547,3,0.61,92.4493723062013,3.937,PRESERVING,PASS,continuous_reference_residual_valid_optimizer_reported_success,PASS,0.61,92.4493723062013,3.937,PRESERVING,PASS,True,0,0,0.0,EXACT_AGREEMENT,279,29,279,251,1,250,0
368,4.548,3,0.611,92.63680373467587,3.937,PRESERVING,PASS,continuous_reference_residual_valid_optimizer_reported_success,PASS,0.611,92.63680373467587,3.937,PRESERVING,PASS,True,0,0,0.0,EXACT_AGREEMENT,279,28,279,252,1,251,0
369,4.549,3,0.612,92.82431691331095,3.937,PRESERVING,PASS,continuous_reference_residual_valid_optimizer_reported_success,PASS,0.612,92.82431691331095,3.937,PRESERVING,PASS,True,0,0,0.0,EXACT_AGREEMENT,280,28,280,253,1,252,0
370,4.55,3,0.613,93.01191175196062,3.937,PRESERVING,PASS,continuous_reference_residual_valid_optimizer_reported_success,PASS,0.613,93.01191175196062,3.937,PRESERVING,PASS,True,0,0,0.0,EXACT_AGREEMENT,280,27,280,254,1,253,0
371,4.551,3,0.614,93.19958816068814,3.937,PRESERVING,PASS,continuous_reference_residual_valid_optimizer_reported_success,PASS,0.614,93.19958816068814,3.937,PRESERVING,PASS,True,0,0,0.0,EXACT_AGREEMENT,280,26,280,255,1,254,0
372,4.552,3,0.615,93.38734604976409,3.937,PRESERVING,PASS,continuous_reference_residual_valid_optimizer_reported_success,PASS,0.615,93.38734604976409,3.937,PRESERVING,PASS,True,0,0,0.0,EXACT_AGREEMENT,280,25,280,256,1,255,0
373,4.553,3,0.616,93.5751853296669,3.937,PRESERVING,PASS,continuous_reference_residual_valid_optimizer_reported_success,PASS,0.616,93.5751853296669,3.937,PRESERVING,PASS,True,0,0,0.0,EXACT_AGREEMENT,281,25,281,257,1,256,0
374,4.554,3,0.617,93.76310591108093,3.937,PRESERVING,PASS,continuous_reference_residual_valid_optimizer_reported_success,PASS,0.617,93.76310591108093,3.937,PRESERVING,PASS,True,0,0,0.0,EXACT_AGREEMENT,281,24,281,258,1,257,0
375,4.555,3,0.618,93.95110770489622,3.937,PRESERVING,PASS,continuous_reference_residual_valid_optimizer_reported_success,PASS,0.618,93.95110770489622,3.937,PRESERVING,PASS,True,0,0,0.0,EXACT_AGREEMENT,281,23,281,259,1,258,0
376,4.556,3,0.619,94.1391906222073,3.937,PRESERVING,PASS,continuous_reference_residual_valid_optimizer_reported_success,PASS,0.619,94.1391906222073,3.937,PRESERVING,PASS,True,0,0,0.0,EXACT_AGREEMENT,282,23,282,260,1,259,0
377,4.557,3,0.62,94.32735457431262,3.937,PRESERVING,PASS,continuous_reference_residual_valid_optimizer_reported_success,PASS,0.62,94.32735457431262,3.937,PRESERVING,PASS,True,0,0,0.0,EXACT_AGREEMENT,282,22,282,261,1,260,0
378,4.558,3,0.621,94.51559947271397,3.937,PRESERVING,PASS,continuous_reference_residual_valid_optimizer_reported_success,PASS,0.621,94.51559947271397,3.937,PRESERVING,PASS,True,0,0,0.0,EXACT_AGREEMENT,282,21,282,262,1,261,0
379,4.559,3,0.622,94.70392522911456,3.937,PRESERVING,PASS,continuous_reference_residual_valid_optimizer_reported_success,PASS,0.622,94.70392522911456,3.937,PRESERVING,PASS,True,0,0,0.0,EXACT_AGREEMENT,282,20,282,263,1,262,0
380,4.56,3,0.623,94.8923317554196,3.937,PRESERVING,PASS,continuous_reference_residual_valid_optimizer_reported_success,PASS,0.623,94.8923317554196,3.937,PRESERVING,PASS,True,0,0,0.0,EXACT_AGREEMENT,283,20,283,264,1,263,0
381,4.561,3,0.624,95.08081896373487,3.937,PRESERVING,PASS,continuous_reference_residual_valid_optimizer_reported_success,PASS,0.624,95.08081896373487,3.937,PRESERVING,PASS,True,0,0,0.0,EXACT_AGREEMENT,283,19,283,265,1,264,0
382,4.562,3,0.625,95.26938676636584,3.937,PRESERVING,PASS,continuous_reference_residual_valid_optimizer_reported_success,PASS,0.625,95.26938676636584,3.937,PRESERVING,PASS,True,0,0,0.0,EXACT_AGREEMENT,283,18,283,266,1,265,0
383,4.563,3,0.626,95.45803507581736,3.937,PRESERVING,PASS,continuous_reference_residual_valid_optimizer_reported_success,PASS,0.626,95.45803507581736,3.937,PRESERVING,PASS,True,0,0,0.0,EXACT_AGREEMENT,284,18,284,267,1,266,0
384,4.564,3,0.627,95.6467638047916,3.937,PRESERVING,PASS,continuous_reference_residual_valid_optimizer_reported_success,PASS,0.627,95.6467638047916,3.937,PRESERVING,PASS,True,0,0,0.0,EXACT_AGREEMENT,284,17,284,268,1,267,0
385,4.565,3,0.628,95.83557286618908,3.937,PRESERVING,PASS,continuous_reference_residual_valid_optimizer_reported_success,PASS,0.628,95.83557286618908,3.937,PRESERVING,PASS,True,0,0,0.0,EXACT_AGREEMENT,284,16,284,269,1,268,0
386,4.566,3,0.629,96.02446217310656,3.937,PRESERVING,PASS,continuous_reference_residual_valid_optimizer_reported_success,PASS,0.629,96.02446217310656,3.937,PRESERVING,PASS,True,0,0,0.0,EXACT_AGREEMENT,284,15,284,270,1,269,0
387,4.567,3,0.63,96.21343163883682,3.937,PRESERVING,PASS,continuous_reference_residual_valid_optimizer_reported_success,PASS,0.63,96.21343163883682,3.937,PRESERVING,PASS,True,0,0,0.0,EXACT_AGREEMENT,285,15,285,271,1,270,0
388,4.568,3,0.631,96.4024811768677,3.937,PRESERVING,PASS,continuous_reference_residual_valid_optimizer_reported_success,PASS,0.631,96.4024811768677,3.937,PRESERVING,PASS,True,0,0,0.0,EXACT_AGREEMENT,285,14,285,272,1,271,0
389,4.569,3,0.632,96.59161070088145,3.937,PRESERVING,PASS,continuous_reference_residual_valid_optimizer_reported_success,PASS,0.632,96.59161070088145,3.937,PRESERVING,PASS,True,0,0,0.0,EXACT_AGREEMENT,285,13,285,273,1,272,0
390,4.57,3,0.633,96.780820124754,3.937,PRESERVING,PASS,continuous_reference_residual_valid_optimizer_reported_success,PASS,0.633,96.780820124754,3.937,PRESERVING,PASS,True,0,0,0.0,EXACT_AGREEMENT,286,13,286,274,1,273,0
391,4.571,3,0.634,96.97010936255371,3.937,PRESERVING,PASS,continuous_reference_residual_valid_optimizer_reported_success,PASS,0.634,96.97010936255371,3.937,PRESERVING,PASS,True,0,0,0.0,EXACT_AGREEMENT,286,12,286,275,1,274,0
392,4.572,3,0.635,97.15947832854134,3.937,PRESERVING,PASS,continuous_reference_residual_valid_optimizer_reported_success,PASS,0.635,97.15947832854134,3.937,PRESERVING,PASS,True,0,0,0.0,EXACT_AGREEMENT,286,11,286,276,1,275,0
393,4.573,3,0.636,97.34892693716898,3.937,PRESERVING,PASS,continuous_reference_residual_valid_optimizer_reported_success,PASS,0.636,97.34892693716898,3.937,PRESERVING,PASS,True,0,0,0.0,EXACT_AGREEMENT,286,10,286,277,1,276,0
394,4.574,3,0.637,97.53845510307913,3.937,PRESERVING,PASS,continuous_reference_residual_valid_optimizer_reported_success,PASS,0.637,97.53845510307913,3.937,PRESERVING,PASS,True,0,0,0.0,EXACT_AGREEMENT,287,10,287,278,1,277,0
395,4.575,3,0.638,97.7280627411045,3.937,PRESERVING,PASS,continuous_reference_residual_valid_optimizer_reported_success,PASS,0.638,97.7280627411045,3.937,PRESERVING,PASS,True,0,0,0.0,EXACT_AGREEMENT,287,9,287,279,1,278,0
396,4.576,3,0.639,97.91774976626631,3.937,PRESERVING,PASS,continuous_reference_residual_valid_optimizer_reported_success,PASS,0.639,97.91774976626631,3.937,PRESERVING,PASS,True,0,0,0.0,EXACT_AGREEMENT,287,8,287,280,1,279,0
397,4.577,3,0.64,98.10751609377455,3.937,PRESERVING,PASS,continuous_reference_residual_valid_optimizer_reported_success,PASS,0.64,98.10751609377455,3.937,PRESERVING,PASS,True,0,0,0.0,EXACT_AGREEMENT,288,8,288,281,1,280,0
398,4.578,3,0.641,98.29736163902679,3.937,PRESERVING,PASS,continuous_reference_residual_valid_optimizer_reported_success,PASS,0.641,98.29736163902679,3.937,PRESERVING,PASS,True,0,0,0.0,EXACT_AGREEMENT,288,7,288,282,1,281,0
399,4.579,3,0.642,98.48728631760744,3.937,PRESERVING,PASS,continuous_reference_residual_valid_optimizer_reported_success,PASS,0.642,98.48728631760744,3.937,PRESERVING,PASS,True,0,0,0.0,EXACT_AGREEMENT,288,6,288,283,1,282,0
400,4.58,3,0.643,98.67729004528717,3.937,PRESERVING,PASS,continuous_reference_residual_valid_optimizer_reported_success,PASS,0.643,98.67729004528717,3.937,PRESERVING,PASS,True,0,0,0.0,EXACT_AGREEMENT,288,5,288,284,1,283,0
401,4.581,3,0.644,98.86737273802214,3.937,PRESERVING,PASS,continuous_reference_residual_valid_optimizer_reported_success,PASS,0.644,98.86737273802214,3.937,PRESERVING,PASS,True,0,0,0.0,EXACT_AGREEMENT,289,5,289,285,1,284,0
402,4.582,3,0.645,99.05753431195335,3.937,PRESERVING,PASS,continuous_reference_residual_valid_optimizer_reported_success,PASS,0.645,99.05753431195335,3.937,PRESERVING,PASS,True,0,0,0.0,EXACT_AGREEMENT,289,4,289,286,1,285,0
403,4.583,3,0.646,99.24777468340528,3.937,PRESERVING,PASS,continuous_reference_residual_valid_optimizer_reported_success,PASS,0.646,99.24777468340528,3.937,PRESERVING,PASS,True,0,0,0.0,EXACT_AGREEMENT,289,3,289,287,1,286,0
404,4.584,3,0.647,99.43809376888645,3.937,PRESERVING,PASS,continuous_reference_residual_valid_optimizer_reported_success,PASS,0.647,99.43809376888645,3.937,PRESERVING,PASS,True,0,0,0.0,EXACT_AGREEMENT,290,3,290,288,1,287,0
405,4.585,3,0.648,99.62849148508762,3.937,PRESERVING,PASS,continuous_reference_residual_valid_optimizer_reported_success,PASS,0.648,99.62849148508762,3.937,PRESERVING,PASS,True,0,0,0.0,EXACT_AGREEMENT,290,2,290,289,1,288,0
406,4.586,3,0.649,99.81896774888176,3.937,PRESERVING,PASS,continuous_reference_residual_valid_optimizer_reported_success,PASS,0.649,99.81896774888176,3.937,PRESERVING,PASS,True,0,0,0.0,EXACT_AGREEMENT,290,1,290,290,1,289,0
