state_mm,remaining_passes,myopic_action_mm,myopic_immediate_deflection_um,myopic_successor_mm,myopic_action_class,rpra_action_mm,rpra_immediate_deflection_um,rpra_successor_mm,immediate_deflection_sacrifice_um,selected_actions_differ
4.18,3,0.36,53.026787309836045,3.82,PRESERVING,0.36,53.026787309836045,3.82,0.0,False
4.181,3,0.36,52.985165029703495,3.821,PRESERVING,0.36,52.985165029703495,3.821,0.0,False
4.182,3,0.36,52.943586298906844,3.822,PRESERVING,0.36,52.943586298906844,3.822,0.0,False
4.183,3,0.36,52.90205106050394,3.823,PRESERVING,0.36,52.90205106050394,3.823,0.0,False
4.184,3,0.36,52.86055925764199,3.824,PRESERVING,0.36,52.86055925764199,3.824,0.0,False
4.185,3,0.36,52.81911083355733,3.825,PRESERVING,0.36,52.81911083355733,3.825,0.0,False
4.186,3,0.36,52.777705731575345,3.826,PRESERVING,0.36,52.777705731575345,3.826,0.0,False
4.187,3,0.36,52.73634389511021,3.827,PRESERVING,0.36,52.73634389511021,3.827,0.0,False
4.188,3,0.36,52.69502526766479,3.828,PRESERVING,0.36,52.69502526766479,3.828,0.0,False
4.189,3,0.36,52.65374979283043,3.829,PRESERVING,0.36,52.65374979283043,3.829,0.0,False
4.19,3,0.36,52.612517414286856,3.83,PRESERVING,0.36,52.612517414286856,3.83,0.0,False
4.191,3,0.36,52.571328075801944,3.831,PRESERVING,0.36,52.571328075801944,3.831,0.0,False
4.192,3,0.36,52.530181721231614,3.832,PRESERVING,0.36,52.530181721231614,3.832,0.0,False
4.193,3,0.36,52.48907829451962,3.833,PRESERVING,0.36,52.48907829451962,3.833,0.0,False
4.194,3,0.36,52.44801773969748,3.834,PRESERVING,0.36,52.44801773969748,3.834,0.0,False
4.195,3,0.36,52.4070000008842,3.835,PRESERVING,0.36,52.4070000008842,3.835,0.0,False
4.196,3,0.36,52.36602502228619,3.836,PRESERVING,0.36,52.36602502228619,3.836,0.0,False
4.197,3,0.36,52.325092748197044,3.837,PRESERVING,0.36,52.325092748197044,3.837,0.0,False
4.198,3,0.36,52.284203122997496,3.838,PRESERVING,0.36,52.284203122997496,3.838,0.0,False
4.199,3,0.36,52.24335609115513,3.839,PRESERVING,0.36,52.24335609115513,3.839,0.0,False
4.2,3,0.36,52.20255159722428,3.84,PRESERVING,0.36,52.20255159722428,3.84,0.0,False
4.201,3,0.36,52.16178958584585,3.841,PRESERVING,0.36,52.16178958584585,3.841,0.0,False
4.202,3,0.36,52.12107000174724,3.842,PRESERVING,0.36,52.12107000174724,3.842,0.0,False
4.203,3,0.36,52.0803927897421,3.843,PRESERVING,0.36,52.0803927897421,3.843,0.0,False
4.204,3,0.36,52.03975789473015,3.844,PRESERVING,0.36,52.03975789473015,3.844,0.0,False
4.205,3,0.36,51.99916526169709,3.845,PRESERVING,0.36,51.99916526169709,3.845,0.0,False
4.206,3,0.36,51.95861483571447,3.846,PRESERVING,0.36,51.95861483571447,3.846,0.0,False
4.207,3,0.36,51.91810656193943,3.847,PRESERVING,0.36,51.91810656193943,3.847,0.0,False
4.208,3,0.36,51.87764038561463,3.848,PRESERVING,0.36,51.87764038561463,3.848,0.0,False
4.209,3,0.36,51.83721625206807,3.849,PRESERVING,0.36,51.83721625206807,3.849,0.0,False
4.21,3,0.36,51.79683410671292,3.85,PRESERVING,0.36,51.79683410671292,3.85,0.0,False
4.211,3,0.36,51.756493895047356,3.851,PRESERVING,0.36,51.756493895047356,3.851,0.0,False
4.212,3,0.36,51.71619556265447,3.852,PRESERVING,0.36,51.71619556265447,3.852,0.0,False
4.213,3,0.36,51.675939055202036,3.853,PRESERVING,0.36,51.675939055202036,3.853,0.0,False
4.214,3,0.36,51.63572431844241,3.854,PRESERVING,0.36,51.63572431844241,3.854,0.0,False
4.215,3,0.36,51.59555129821238,3.855,PRESERVING,0.36,51.59555129821238,3.855,0.0,False
4.216,3,0.36,51.55541994043291,3.856,PRESERVING,0.36,51.55541994043291,3.856,0.0,False
4.217,3,0.36,51.515330191109136,3.857,PRESERVING,0.36,51.515330191109136,3.857,0.0,False
4.218,3,0.36,51.475281996330175,3.858,PRESERVING,0.36,51.475281996330175,3.858,0.0,False
4.219,3,0.36,51.43527530226886,3.859,PRESERVING,0.36,51.43527530226886,3.859,0.0,False
4.22,3,0.36,51.39531005518171,3.86,PRESERVING,0.36,51.39531005518171,3.86,0.0,False
4.221,3,0.36,51.35538620140876,3.861,PRESERVING,0.36,51.35538620140876,3.861,0.0,False
4.222,3,0.36,51.315503687373365,3.862,PRESERVING,0.36,51.315503687373365,3.862,0.0,False
4.223,3,0.36,51.275662459582094,3.863,PRESERVING,0.36,51.275662459582094,3.863,0.0,False
4.224,3,0.36,51.2358624646245,3.864,PRESERVING,0.36,51.2358624646245,3.864,0.0,False
4.225,3,0.36,51.196103649173104,3.865,PRESERVING,0.36,51.196103649173104,3.865,0.0,False
4.226,3,0.36,51.15638595998316,3.866,PRESERVING,0.36,51.15638595998316,3.866,0.0,False
4.227,3,0.36,51.11670934389245,3.867,PRESERVING,0.36,51.11670934389245,3.867,0.0,False
4.228,3,0.36,51.077073747821274,3.868,PRESERVING,0.36,51.077073747821274,3.868,0.0,False
4.229,3,0.36,51.03747911877214,3.869,PRESERVING,0.36,51.03747911877214,3.869,0.0,False
4.23,3,0.36,50.99792540382983,3.87,PRESERVING,0.36,50.99792540382983,3.87,0.0,False
4.231,3,0.36,50.958412550161015,3.871,PRESERVING,0.36,50.958412550161015,3.871,0.0,False
4.232,3,0.36,50.918940505014255,3.872,PRESERVING,0.36,50.918940505014255,3.872,0.0,False
4.233,3,0.36,50.87950921571976,3.873,PRESERVING,0.36,50.87950921571976,3.873,0.0,False
4.234,3,0.36,50.84011862968941,3.874,PRESERVING,0.36,50.84011862968941,3.874,0.0,False
4.235,3,0.36,50.80076869441637,3.875,PRESERVING,0.36,50.80076869441637,3.875,0.0,False
4.236,3,0.36,50.761459357475125,3.876,PRESERVING,0.36,50.761459357475125,3.876,0.0,False
4.237,3,0.36,50.72219056652126,3.877,PRESERVING,0.36,50.72219056652126,3.877,0.0,False
4.238,3,0.36,50.68296226929129,3.878,PRESERVING,0.36,50.68296226929129,3.878,0.0,False
4.239,3,0.36,50.64377441360266,3.879,PRESERVING,0.36,50.64377441360266,3.879,0.0,False
4.24,3,0.36,50.604626947353346,3.88,PRESERVING,0.36,50.604626947353346,3.88,0.0,False
4.241,3,0.36,50.56551981852196,3.881,PRESERVING,0.36,50.56551981852196,3.881,0.0,False
4.242,3,0.36,50.526452975167395,3.882,PRESERVING,0.36,50.526452975167395,3.882,0.0,False
4.243,3,0.36,50.487426365428945,3.883,PRESERVING,0.36,50.487426365428945,3.883,0.0,False
4.244,3,0.36,50.44843993752582,3.884,PRESERVING,0.36,50.44843993752582,3.884,0.0,False
4.245,3,0.36,50.40949363975729,3.885,PRESERVING,0.36,50.40949363975729,3.885,0.0,False
4.246,3,0.36,50.37058742050237,3.886,PRESERVING,0.36,50.37058742050237,3.886,0.0,False
4.247,3,0.36,50.3317212282198,3.887,PRESERVING,0.36,50.3317212282198,3.887,0.0,False
4.248,3,0.36,50.29289501144779,3.888,PRESERVING,0.36,50.29289501144779,3.888,0.0,False
4.249,3,0.36,50.25410871880395,3.889,PRESERVING,0.36,50.25410871880395,3.889,0.0,False
4.25,3,0.36,50.215362298985056,3.89,PRESERVING,0.36,50.215362298985056,3.89,0.0,False
4.251,3,0.36,50.17665570076711,3.891,PRESERVING,0.36,50.17665570076711,3.891,0.0,False
4.252,3,0.36,50.13798887300495,3.892,PRESERVING,0.36,50.13798887300495,3.892,0.0,False
4.253,3,0.36,50.09936176463223,3.893,PRESERVING,0.36,50.09936176463223,3.893,0.0,False
4.254,3,0.36,50.06077432466129,3.894,PRESERVING,0.36,50.06077432466129,3.894,0.0,False
4.255,3,0.36,50.02222650218303,3.895,PRESERVING,0.36,50.02222650218303,3.895,0.0,False
4.256,3,0.36,49.983718246366685,3.896,PRESERVING,0.36,49.983718246366685,3.896,0.0,False
4.257,3,0.36,49.94524950645972,3.897,PRESERVING,0.36,49.94524950645972,3.897,0.0,False
4.258,3,0.36,49.906820231787734,3.898,PRESERVING,0.36,49.906820231787734,3.898,0.0,False
4.259,3,0.36,49.86843037175427,3.899,PRESERVING,0.36,49.86843037175427,3.899,0.0,False
4.26,3,0.36,49.83007987584073,3.9,PRESERVING,0.36,49.83007987584073,3.9,0.0,False
4.261,3,0.36,49.79176869360613,3.901,PRESERVING,0.36,49.79176869360613,3.901,0.0,False
4.262,3,0.36,49.75349677468705,3.902,PRESERVING,0.36,49.75349677468705,3.902,0.0,False
4.263,3,0.36,49.71526406879751,3.903,PRESERVING,0.36,49.71526406879751,3.903,0.0,False
4.264,3,0.36,49.67707052572877,3.904,PRESERVING,0.36,49.67707052572877,3.904,0.0,False
4.265,3,0.36,49.638916095349224,3.905,PRESERVING,0.36,49.638916095349224,3.905,0.0,False
4.266,3,0.36,49.60080072760419,3.906,PRESERVING,0.36,49.60080072760419,3.906,0.0,False
4.267,3,0.36,49.56272437251595,3.907,PRESERVING,0.36,49.56272437251595,3.907,0.0,False
4.268,3,0.36,49.52468698018341,3.908,PRESERVING,0.36,49.52468698018341,3.908,0.0,False
4.269,3,0.36,49.48668850078208,3.909,PRESERVING,0.36,49.48668850078208,3.909,0.0,False
4.27,3,0.36,49.4487288845639,3.91,PRESERVING,0.36,49.4487288845639,3.91,0.0,False
4.271,3,0.36,49.41080808185711,3.911,PRESERVING,0.36,49.41080808185711,3.911,0.0,False
4.272,3,0.36,49.37292604306616,3.912,PRESERVING,0.36,49.37292604306616,3.912,0.0,False
4.273,3,0.36,49.335082718671444,3.913,PRESERVING,0.36,49.335082718671444,3.913,0.0,False
4.274,3,0.36,49.29727805922929,3.914,PRESERVING,0.36,49.29727805922929,3.914,0.0,False
4.275,3,0.36,49.25951201537183,3.915,PRESERVING,0.36,49.25951201537183,3.915,0.0,False
4.276,3,0.36,49.221784537806734,3.916,PRESERVING,0.36,49.221784537806734,3.916,0.0,False
4.277,3,0.36,49.18409557731721,3.917,PRESERVING,0.36,49.18409557731721,3.917,0.0,False
4.278,3,0.36,49.14644508476175,3.918,PRESERVING,0.36,49.14644508476175,3.918,0.0,False
4.279,3,0.36,49.108833011074196,3.919,PRESERVING,0.36,49.108833011074196,3.919,0.0,False
4.28,3,0.36,49.071259307263354,3.92,PRESERVING,0.36,49.071259307263354,3.92,0.0,False
4.281,3,0.36,49.03372392441303,3.921,PRESERVING,0.36,49.03372392441303,3.921,0.0,False
4.282,3,0.36,48.99622681368178,3.922,PRESERVING,0.36,48.99622681368178,3.922,0.0,False
4.283,3,0.36,48.958767926302954,3.923,PRESERVING,0.36,48.958767926302954,3.923,0.0,False
4.284,3,0.36,48.92134721358435,3.924,PRESERVING,0.36,48.92134721358435,3.924,0.0,False
4.285,3,0.36,48.88396462690824,3.925,PRESERVING,0.36,48.88396462690824,3.925,0.0,False
4.286,3,0.36,48.84662011773112,3.926,PRESERVING,0.36,48.84662011773112,3.926,0.0,False
4.287,3,0.36,48.80931363758369,3.927,PRESERVING,0.36,48.80931363758369,3.927,0.0,False
4.288,3,0.36,48.77204513807068,3.928,PRESERVING,0.36,48.77204513807068,3.928,0.0,False
4.289,3,0.36,48.73481457087064,3.929,PRESERVING,0.36,48.73481457087064,3.929,0.0,False
4.29,3,0.36,48.69762188773589,3.93,PRESERVING,0.36,48.69762188773589,3.93,0.0,False
4.291,3,0.36,48.660467040492456,3.931,PRESERVING,0.36,48.660467040492456,3.931,0.0,False
4.292,3,0.36,48.62334998103975,3.932,PRESERVING,0.36,48.62334998103975,3.932,0.0,False
4.293,3,0.36,48.586270661350575,3.933,PRESERVING,0.36,48.586270661350575,3.933,0.0,False
4.294,3,0.36,48.549229033471015,3.934,PRESERVING,0.36,48.549229033471015,3.934,0.0,False
4.295,3,0.36,48.51222504952019,3.935,PRESERVING,0.36,48.51222504952019,3.935,0.0,False
4.296,3,0.36,48.47525866169025,3.936,PRESERVING,0.36,48.47525866169025,3.936,0.0,False
4.297,3,0.36,48.43832982224611,3.937,PRESERVING,0.36,48.43832982224611,3.937,0.0,False
4.298,3,0.36,48.40143848352548,3.938,DESTROYING,0.361,48.60174512994904,3.937,0.2003066464235559,True
4.299,3,0.36,48.364584597938595,3.939,DESTROYING,0.362,48.76527477442611,3.937,0.40069017648751526,True
4.3,3,0.36,48.32776811796816,3.94,DESTROYING,0.363,48.92891856370746,3.937,0.6011504457393002,True
4.301,3,0.36,48.29098899616919,3.941,DESTROYING,0.364,49.09267630659239,3.937,0.8016873104231976,True
4.302,3,0.36,48.254247185168936,3.942,DESTROYING,0.365,49.256547812644115,3.937,1.0023006274751793,True
4.303,3,0.36,48.217542637666696,3.943,DESTROYING,0.366,49.42053289218462,3.937,1.2029902545179212,True
4.304,3,0.36,48.1808753064337,3.944,DESTROYING,0.367,49.584631356289556,3.937,1.4037560498558577,True
4.305,3,0.36,48.144245144312976,3.945,DESTROYING,0.368,49.74884301678238,3.937,1.6045978724694052,True
4.306,3,0.36,48.10765210421926,3.946,DESTROYING,0.369,49.913167686230615,3.937,1.8055155820113526,True
4.307,3,0.36,48.071096139138874,3.947,DESTROYING,0.37,50.07760517793986,3.937,2.006509038800985,True
4.308,3,0.36,48.03457720212951,3.948,DESTROYING,0.371,50.2421553059494,3.937,2.207578103819891,True
4.309,3,0.36,47.9980952463202,3.949,DESTROYING,0.372,50.40681788502673,3.937,2.4087226387065357,True
4.31,3,0.36,47.96165022491113,3.95,DESTROYING,0.373,50.571592730662694,3.937,2.6099425057515617,True
4.311,3,0.36,47.92524209117362,3.951,DESTROYING,0.374,50.73647965906746,3.937,2.8112375678938406,True
4.312,3,0.36,47.88887079844982,3.952,DESTROYING,0.375,50.90147848716503,3.937,3.0126076887152067,True
4.313,3,0.36,47.85253630015269,3.953,DESTROYING,0.376,51.066589032588475,3.937,3.214052732435782,True
4.314,3,0.36,47.81623854976592,3.954,DESTROYING,0.377,51.23181111367573,3.937,3.4155725639098122,True
4.315,3,0.36,47.779977500843714,3.955,DESTROYING,0.378,51.39714454946439,3.937,3.6171670486206793,True
4.316,3,0.36,47.74375310701071,3.956,DESTROYING,0.379,51.56258915968789,3.937,3.8188360526771774,True
4.317,3,0.36,47.70756532196184,3.957,DESTROYING,0.38,51.72814476476946,3.937,4.020579442807623,True
4.318,3,0.36,47.67141409946222,3.958,DESTROYING,0.381,51.893811185819246,3.937,4.222397086357027,True
4.319,3,0.36,47.635299393347026,3.959,DESTROYING,0.382,52.05958824462927,3.937,4.424288851282242,True
4.32,3,0.36,47.599221157521356,3.96,DESTROYING,0.383,52.225475763668435,3.937,4.626254606147079,True
4.321,3,0.36,47.5631793459601,3.961,DESTROYING,0.384,52.391473566079156,3.937,4.828294220119055,True
4.322,3,0.36,47.52717391270784,3.962,DESTROYING,0.385,52.55758147567137,3.937,5.030407562963532,True
4.323,3,0.36,47.49120481187877,3.963,DESTROYING,0.386,52.72379931692007,3.937,5.232594505041305,True
4.324,3,0.36,47.4552719976564,3.964,DESTROYING,0.387,52.89012691496022,3.937,5.4348549173038165,True
4.325,3,0.36,47.419375424293655,3.965,DESTROYING,0.388,53.0565640955821,3.937,5.637188671288442,True
4.326,3,0.36,47.383515046112606,3.966,DESTROYING,0.389,53.22311068522777,3.937,5.839595639115167,True
4.327,3,0.36,47.34769081750445,3.967,DESTROYING,0.39,53.38976651098664,3.937,6.0420756934821895,True
4.328,3,0.36,47.31190269292926,3.968,DESTROYING,0.391,53.55653140059138,3.937,6.244628707662123,True
4.329,3,0.36,47.27615062691596,3.969,DESTROYING,0.392,53.72340518241322,3.937,6.44725455549726,True
4.33,3,0.36,47.24043457406218,3.97,DESTROYING,0.393,53.89038768545913,3.937,6.649953111396954,True
4.331,3,0.36,47.20475448903415,3.971,DESTROYING,0.394,54.057478739366886,3.937,6.852724250332734,True
4.332,3,0.36,47.16911032656655,3.972,DESTROYING,0.395,54.22467817440127,3.937,7.055567847834716,True
4.333,3,0.36,47.13350204146242,3.973,DESTROYING,0.396,54.39198582145069,3.937,7.258483779988268,True
4.334,3,0.36,47.09792958859292,3.974,DESTROYING,0.397,54.55940151202173,3.937,7.46147192342881,True
4.335,3,0.36,47.0623929228975,3.975,DESTROYING,0.398,54.72692507823705,3.937,7.6645321553395505,True
4.336,3,0.36,47.02689199938347,3.976,DESTROYING,0.399,54.89455635283073,3.937,7.86766435344726,True
4.337,3,0.36,46.99142677312595,3.977,DESTROYING,0.4,55.06229516914448,3.937,8.070868396018525,True
4.338,3,0.36,46.955997199267934,3.978,DESTROYING,0.401,55.23014136112375,3.937,8.274144161855816,True
4.339,3,0.36,46.92060323301997,3.979,DESTROYING,0.402,55.39809476331435,3.937,8.47749153029438,True
4.34,3,0.36,46.8852448296601,3.98,DESTROYING,0.403,55.5661552108586,3.937,8.680910381198494,True
4.341,3,0.36,46.84992194453378,3.981,DESTROYING,0.404,55.734322539490826,3.937,8.884400594957043,True
4.342,3,0.36,46.81463453305372,3.982,DESTROYING,0.405,55.902596585535335,3.937,9.087962052481615,True
4.343,3,0.36,46.77938255069979,3.983,DESTROYING,0.406,56.070977185901626,3.937,9.291594635201832,True
4.344,3,0.36,46.74416595301893,3.984,DESTROYING,0.407,56.23946417808103,3.937,9.4952982250621,True
4.345,3,0.36,46.70898469562487,3.985,DESTROYING,0.408,56.408057400143306,3.937,9.699072704518436,True
4.346,3,0.36,46.67383873419824,3.986,DESTROYING,0.409,56.576756690733305,3.937,9.902917956535063,True
4.347,3,0.36,46.63872802448637,3.987,DESTROYING,0.41,56.7455618890663,3.937,10.106833864579933,True
4.348,3,0.36,46.60365252230307,3.988,DESTROYING,0.411,56.91447283492635,3.937,10.310820312623278,True
4.349,3,0.36,46.568612183528614,3.989,DESTROYING,0.412,57.08348936866161,3.937,10.514877185132995,True
4.35,3,0.36,46.533606964109666,3.99,DESTROYING,0.413,57.25261133118125,3.937,10.719004367071584,True
4.351,3,0.36,46.49863682005904,3.991,DESTROYING,0.414,57.42183856395226,3.937,10.923201743893216,True
4.352,3,0.36,46.46370170745567,3.992,DESTROYING,0.415,57.59117090899578,3.937,11.127469201540109,True
4.353,3,0.36,46.428801582444464,3.993,DESTROYING,0.416,57.7606082088836,3.937,11.331806626439139,True
4.354,3,0.36,46.393936401236196,3.994,DESTROYING,0.417,57.93015030673566,3.937,11.536213905499466,True
4.355,3,0.36,46.359106120107406,3.995,DESTROYING,0.418,58.099797046216175,3.937,11.740690926108769,True
4.356,3,0.36,46.32431069540023,3.996,DESTROYING,0.419,58.2695482715305,3.937,11.945237576130275,True
4.357,3,0.36,46.289550083522386,3.997,DESTROYING,0.42,58.43940382742213,3.937,12.149853743899747,True
4.358,3,0.36,46.254824240946895,3.998,DESTROYING,0.421,58.60936355916921,3.937,12.354539318222315,True
4.359,3,0.36,46.22013312421219,3.999,DESTROYING,0.422,58.779427312581106,3.937,12.559294188368916,True
4.36,3,0.36,46.18547668992182,4.0,DESTROYING,0.423,58.94959493399635,3.937,12.764118244074531,True
4.361,3,0.36,46.15085489474435,4.001,DESTROYING,0.424,59.11986627027841,3.937,12.969011375534059,True
4.362,3,0.36,46.116267695413406,4.002,DESTROYING,0.425,59.29024116881337,3.937,13.173973473399961,True
4.363,3,0.36,46.0817150487273,4.003,DESTROYING,0.426,59.46071947750633,3.937,13.379004428779034,True
4.364,3,0.36,46.04719691154925,4.004,DESTROYING,0.427,59.631301044778965,3.937,13.584104133229715,True
4.365,3,0.36,46.0127132408069,4.005,DESTROYING,0.428,59.801985719565394,3.937,13.789272478758491,True
4.366,3,0.36,45.97826399349249,4.006,DESTROYING,0.429,59.97277335131068,3.937,13.994509357818188,True
4.367,3,0.36,45.943849126662684,4.007,DESTROYING,0.43,60.143663789966915,3.937,14.199814663304231,True
4.368,3,0.36,45.90946859743827,4.008,DESTROYING,0.431,60.314656885990615,3.937,14.405188288552345,True
4.369,3,0.36,45.87512236300431,4.009,DESTROYING,0.432,60.48575249033971,3.937,14.610630127335405,True
4.37,3,0.36,45.84081038060995,4.01,DESTROYING,0.433,60.6569504544708,3.937,14.81614007386085,True
4.371,3,0.36,45.8065326075681,4.011,DESTROYING,0.434,60.82825063033564,3.937,15.021718022767537,True
4.372,3,0.36,45.7722890012557,4.012,DESTROYING,0.435,60.99965287037934,3.937,15.227363869123643,True
4.373,3,0.36,45.7380795191132,4.013,DESTROYING,0.436,61.171157027537035,3.937,15.433077508423835,True
4.374,3,0.36,45.7039041186448,4.014,DESTROYING,0.437,61.34276295523092,3.937,15.638858836586117,True
4.375,3,0.36,45.66976275741815,4.015,DESTROYING,0.438,61.51447050736772,3.937,15.84470774994957,True
4.376,3,0.36,45.63565539306423,4.016,DESTROYING,0.439,61.68627953833612,3.937,16.05062414527189,True
4.377,3,0.36,45.60158198327736,4.017,DESTROYING,0.44,61.8581899030031,3.937,16.256607919725738,True
4.378,3,0.36,45.567542485815,4.018,DESTROYING,0.441,62.030201456712646,3.937,16.46265897089765,True
4.379,3,0.36,45.53353685849758,4.019,DESTROYING,0.442,62.20231405528202,3.937,16.66877719678444,True
4.38,3,0.36,45.49956505920863,4.02,DESTROYING,0.443,62.374527554999446,3.937,16.874962495790818,True
4.381,3,0.36,45.4656270458943,4.021,DESTROYING,0.444,62.54684181262163,3.937,17.081214766727328,True
4.382,3,0.36,45.43172277656366,4.022,DESTROYING,0.445,62.7192566853709,3.937,17.28753390880724,True
4.383,3,0.36,45.397852209288274,4.023,DESTROYING,0.446,62.89177203093203,3.937,17.493919821643757,True
4.384,3,0.36,45.36401530220222,4.024,DESTROYING,0.447,63.06438770745129,3.937,17.70037240524907,True
4.385,3,0.36,45.33021201350202,4.025,DESTROYING,0.448,63.23710357353214,3.937,17.906891560030118,True
4.386,3,0.36,45.29644230144643,4.026,DESTROYING,0.449,63.409919488233896,3.937,18.113477186787463,True
4.387,3,0.36,45.262706124356384,4.027,DESTROYING,0.45,63.582835311068465,3.937,18.32012918671208,True
4.388,3,0.36,45.22900344061496,4.028,DESTROYING,0.451,63.75585090199845,3.937,18.52684746138349,True
4.389,3,0.36,45.19533420866706,4.029,DESTROYING,0.452,63.92896612143363,3.937,18.73363191276657,True
4.39,3,0.36,45.16169838701954,4.03,DESTROYING,0.453,64.10218083023004,3.937,18.9404824432105,True
4.391,3,0.36,45.12809593424104,4.031,DESTROYING,0.454,64.27549488968609,3.937,19.14739895544505,True
4.392,3,0.36,45.09452680896169,4.032,DESTROYING,0.455,64.44890816154124,3.937,19.35438135257955,True
4.393,3,0.36,45.06099096987327,4.033,DESTROYING,0.456,64.62242050797275,3.937,19.561429538099482,True
4.394,3,0.36,45.02748837572899,4.034,DESTROYING,0.457,64.79603179159405,3.937,19.768543415865054,True
4.395,3,0.36,44.99401898534328,4.035,DESTROYING,0.458,64.96974187545112,3.937,19.97572289010784,True
4.396,3,0.36,44.96058275759192,4.036,DESTROYING,0.459,65.14355062302187,3.937,20.182967865429944,True
4.397,3,0.36,44.927179651411635,4.037,DESTROYING,0.46,65.31745789821242,3.937,20.39027824680079,True
4.398,3,0.36,44.89380962580027,4.038,DESTROYING,0.461,65.49146356535569,3.937,20.597653939555414,True
4.399,3,0.36,44.860472639816585,4.039,DESTROYING,0.462,65.6655674892083,3.937,20.805094849391715,True
4.4,3,0.36,44.827168652579985,4.04,DESTROYING,0.463,65.83976953494917,3.937,21.012600882369185,True
4.401,3,0.36,44.79389762327068,4.041,DESTROYING,0.464,66.01406956817586,3.937,21.220171944905175,True
4.402,3,0.36,44.76065951112946,4.042,DESTROYING,0.465,66.18846745490411,3.937,21.427807943774653,True
4.403,3,0.36,44.72745427545751,4.043,DESTROYING,0.466,66.36296306156447,3.937,21.63550878610696,True
4.404,3,0.36,44.69428187561646,4.044,DESTROYING,0.467,66.53755625500033,3.937,21.843274379383864,True
4.405,3,0.36,44.66114227102813,4.045,DESTROYING,0.468,66.71224690246572,3.937,22.05110463143759,True
4.406,3,0.36,44.62803542117457,4.046,DESTROYING,0.469,66.8870348716235,3.937,22.258999450448925,True
4.407,3,0.36,44.59496128559787,4.047,DESTROYING,0.47,67.06192003054181,3.937,22.466958744943945,True
4.408,3,0.36,44.56191982390002,4.048,DESTROYING,0.471,67.2369022476942,3.937,22.674982423794184,True
4.409,3,0.36,44.52891099574296,4.049,DESTROYING,0.472,67.41198139195559,3.937,22.88307039621263,True
4.41,3,0.36,44.49593476084829,4.05,DESTROYING,0.473,67.58715733260098,3.937,23.091222571752688,True
4.411,3,0.36,44.46299107899725,4.051,DESTROYING,0.474,67.76242993930329,3.937,23.29943886030604,True
4.412,3,0.36,44.43007991003068,4.052,DESTROYING,0.475,67.93779908213101,3.937,23.50771917210033,True
4.413,3,0.36,44.3972012138488,4.053,DESTROYING,0.476,68.11326463154663,3.937,23.716063417697825,True
4.414,3,0.36,44.3643549504112,4.054,DESTROYING,0.477,68.28882645840352,3.937,23.924471507992322,True
4.415,3,0.36,44.33154107973671,4.055,DESTROYING,0.478,68.46448443394532,3.937,24.132943354208606,True
4.416,3,0.36,44.298759561903246,4.056,DESTROYING,0.479,68.64023842980316,3.937,24.341478867899916,True
4.417,3,0.36,44.266010357047755,4.057,DESTROYING,0.48,68.81608831799328,3.937,24.550077960945522,True
4.418,3,0.36,44.23329342536616,4.058,DESTROYING,0.481,68.99203397091617,3.937,24.758740545550005,True
4.419,3,0.36,44.20060872711316,4.059,DESTROYING,0.482,69.16807526135294,3.937,24.967466534239776,True
4.42,3,0.36,44.16795622260222,4.06,DESTROYING,0.483,69.34421206246495,3.937,25.176255839862726,True
4.421,3,0.36,44.13533587220534,4.061,DESTROYING,0.484,69.52044424779127,3.937,25.385108375585936,True
4.422,3,0.36,44.10274763635313,4.062,DESTROYING,0.485,69.69677169124638,3.937,25.594024054893254,True
4.423,3,0.36,44.07019147553461,4.063,DESTROYING,0.486,69.87319426711854,3.937,25.80300279158393,True
4.424,3,0.36,44.03766735029706,4.064,DESTROYING,0.487,70.04971185006823,3.937,26.01204449977117,True
4.425,3,0.36,44.00517522124601,4.065,DESTROYING,0.488,70.22632431512572,3.937,26.22114909387971,True
4.426,3,0.36,43.972715049045185,4.066,DESTROYING,0.489,70.40303153768883,3.937,26.430316488643648,True
4.427,3,0.36,43.940286794416174,4.067,DESTROYING,0.49,70.57983339352239,3.937,26.639546599106218,True
4.428,3,0.36,43.907890418138614,4.068,DESTROYING,0.491,70.75672975875528,3.937,26.84883934061667,True
4.429,3,0.36,43.87552588104985,4.069,DESTROYING,0.492,70.93372050987885,3.937,27.058194628829,True
4.43,3,0.36,43.843193144045095,4.07,DESTROYING,0.493,71.11080552374565,3.937,27.26761237970056,True
4.431,3,0.36,43.810892168077054,4.071,DESTROYING,0.494,71.28798467756593,3.937,27.477092509488877,True
4.432,3,0.36,43.778622914155996,4.072,DESTROYING,0.495,71.46525784890817,3.937,27.68663493475217,True
4.433,3,0.36,43.7463853433496,4.073,DESTROYING,0.496,71.64262491569566,3.937,27.89623957234606,True
4.434,3,0.36,43.71417941678293,4.074,DESTROYING,0.497,71.82008575620523,3.937,28.105906339422297,True
4.435,3,0.36,43.682005095638175,4.075,DESTROYING,0.498,71.9976402490655,3.937,28.315635153427323,True
4.436,3,0.36,43.64986234115474,4.076,DESTROYING,0.499,72.17528827325498,3.937,28.52542593210024,True
4.437,3,0.36,43.61775111462897,4.077,DESTROYING,0.5,72.35302970810072,3.937,28.735278593471747,True
4.438,3,0.36,43.58567137741422,4.078,DESTROYING,0.501,72.53086443327551,3.937,28.94519305586129,True
4.439,3,0.36,43.553623090920695,4.079,DESTROYING,0.502,72.70879232879778,3.937,29.15516923787709,True
4.44,3,0.36,43.521606216615226,4.08,DESTROYING,0.503,72.88681327502869,3.937,29.36520705841346,True
4.441,3,0.36,43.48962071602136,4.081,DESTROYING,0.504,73.06492715267073,3.937,29.57530643664937,True
4.442,3,0.36,43.45766655071922,4.082,DESTROYING,0.505,73.24313384276653,3.937,29.785467292047308,True
4.443,3,0.36,43.42574368234526,4.083,DESTROYING,0.506,73.42143322669587,3.937,29.99568954435061,True
4.444,3,0.36,43.39385207259243,4.084,DESTROYING,0.507,73.59982518617569,3.937,30.205973113583262,True
4.445,3,0.36,43.36199168320975,4.085,DESTROYING,0.508,73.77830960325744,3.937,30.41631792004769,True
4.446,3,0.36,43.33016247600254,4.086,DESTROYING,0.509,73.95688636032565,3.937,30.626723884323113,True
4.447,3,0.36,43.298364412832186,4.087,DESTROYING,0.51,74.13555534009637,3.937,30.83719092726419,True
4.448,3,0.36,43.2665974556159,4.088,DESTROYING,0.511,74.31431642561535,3.937,31.047718969999444,True
4.449,3,0.36,43.234861566326884,4.089,DESTROYING,0.512,74.49316950025707,3.937,31.258307933930183,True
4.45,3,0.36,43.20315670699411,4.09,DESTROYING,0.513,74.67211444772173,3.937,31.468957740727618,True
4.451,3,0.36,43.1714828397021,4.091,DESTROYING,0.514,74.85115115203553,3.937,31.679668312333426,True
4.452,3,0.36,43.139839926591144,4.092,DESTROYING,0.515,75.03027949754768,3.937,31.890439570956538,True
4.453,3,0.36,43.10822792985685,4.093,DESTROYING,0.516,75.20949936892963,3.937,32.101271439072775,True
4.454,3,0.36,43.0766468117503,4.094,DESTROYING,0.517,75.38881065117336,3.937,32.31216383942306,True
4.455,3,0.36,43.045096534577894,4.095,DESTROYING,0.518,75.56821322958875,3.937,32.523116695010856,True
4.456,3,0.36,43.01357706070116,4.096,DESTROYING,0.519,75.74770698980423,3.937,32.73412992910307,True
4.457,3,0.36,42.98208835253676,4.097,DESTROYING,0.52,75.92729181776332,3.937,32.945203465226555,True
4.458,3,0.36,42.950630372556446,4.098,DESTROYING,0.521,76.10696759972423,3.937,33.15633722716778,True
4.459,3,0.36,42.919203083286774,4.099,DESTROYING,0.522,76.28673422225766,3.937,33.36753113897089,True
4.46,3,0.36,42.887806447309195,4.1,DESTROYING,0.523,76.4665915722459,3.937,33.57878512493671,True
4.461,3,0.36,42.85644042725985,4.101,DESTROYING,0.524,76.64653953688114,3.937,33.79009910962129,True
4.462,3,0.36,42.825104985829554,4.102,DESTROYING,0.525,76.8265780036633,3.937,34.001473017833746,True
4.463,3,0.36,42.79380008576369,4.103,DESTROYING,0.526,77.0067068604,3.937,34.21290677463631,True
4.464,3,0.36,42.76252568986201,4.104,DESTROYING,0.527,77.18692599520384,3.937,34.42440030534183,True
4.465,3,0.36,42.731281760978696,4.105,DESTROYING,0.528,77.36723529649178,3.937,34.63595353551309,True
4.466,3,0.36,42.7000682620222,4.106,DESTROYING,0.529,77.54763465298348,3.937,34.847566390961276,True
4.467,3,0.36,42.668885155955095,4.107,DESTROYING,0.53,77.72812395369895,3.937,35.05923879774386,True
4.468,3,0.36,42.63773240579409,4.108,DESTROYING,0.531,77.90870308795876,3.937,35.270970682164666,True
4.469,3,0.36,42.606609974609825,4.109,DESTROYING,0.532,78.0893719453818,3.937,35.482761970771975,True
4.47,3,0.36,42.5755178255269,4.11,DESTROYING,0.533,78.27013041588366,3.937,35.694612590356755,True
4.471,3,0.36,42.544455921723696,4.111,DESTROYING,0.534,78.45097838967553,3.937,35.90652246795183,True
4.472,3,0.36,42.513424226432306,4.112,DESTROYING,0.535,78.63191575726316,3.937,36.11849153083085,True
4.473,3,0.36,42.48242270293845,4.113,DESTROYING,0.536,78.81294240944503,3.937,36.33051970650658,True
4.474,3,0.36,42.45145131458139,4.114,DESTROYING,0.537,78.99405823731051,3.937,36.54260692272912,True
4.475,3,0.36,42.42051002475378,4.115,DESTROYING,0.538,79.17526313223993,3.937,36.75475310748615,True
4.476,3,0.36,42.38959879690173,4.116,DESTROYING,0.539,79.35655698590197,3.937,36.966958189000245,True
4.477,3,0.36,42.35871759452447,4.117,DESTROYING,0.54,79.53793969025295,3.937,37.179222095728484,True
4.478,3,0.36,42.32786638117453,4.118,DESTROYING,0.541,79.7194111375357,3.937,37.39154475636117,True
4.479,3,0.36,42.29704512045743,4.119,DESTROYING,0.542,79.90097122027703,3.937,37.603926099819596,True
4.48,3,0.36,42.266253776031725,4.12,DESTROYING,0.543,80.08261983128789,3.937,37.81636605525616,True
4.481,3,0.36,42.23549231160882,4.121,DESTROYING,0.544,80.26435686366148,3.937,38.02886455205265,True
4.482,3,0.36,42.20476069095303,4.122,DESTROYING,0.545,80.44618221077182,3.937,38.24142151981879,True
4.483,3,0.36,42.17405887788127,4.123,DESTROYING,0.546,80.62809576627257,3.937,38.45403688839129,True
4.484,3,0.36,42.14338683626317,4.124,DESTROYING,0.547,80.81009742409596,3.937,38.66671058783279,True
4.485,3,0.36,42.11274453002082,4.125,DESTROYING,0.548,80.99218707845156,3.937,38.879442548430745,True
4.486,3,0.36,42.08213192312884,4.126,DESTROYING,0.549,81.17436462382389,3.937,39.09223270069505,True
4.487,3,0.36,42.05154897961419,4.127,DESTROYING,0.55,81.35662995497309,3.937,39.3050809753589,True
4.488,3,0.36,42.02099566355607,4.128,DESTROYING,0.551,81.53898296693227,3.937,39.517987303376195,True
4.489,3,0.36,41.990471939085936,4.129,DESTROYING,0.552,81.72142355500691,3.937,39.73095161592097,True
4.49,3,0.36,41.95997777038725,4.13,DESTROYING,0.553,81.90395161477353,3.937,39.943973844386285,True
4.491,3,0.36,41.92951312169553,4.131,DESTROYING,0.554,82.08656704207768,3.937,40.15705392038215,True
4.492,3,0.36,41.89907795729826,4.132,DESTROYING,0.555,82.2692697330342,3.937,40.37019177573595,True
4.493,3,0.36,41.86867224153463,4.133,DESTROYING,0.556,82.4520595840249,3.937,40.58338734249026,True
4.494,3,0.36,41.838295938795724,4.134,DESTROYING,0.557,82.63493649169801,3.937,40.79664055290229,True
4.495,3,0.36,41.807949013524194,4.135,DESTROYING,0.558,82.81790035296616,3.937,41.00995133944197,True
4.496,3,0.36,41.77763143021424,4.136,DESTROYING,0.559,83.00095106500629,3.937,41.22331963479205,True
4.497,3,0.36,41.74734315341166,4.137,DESTROYING,0.56,83.18408852525788,3.937,41.436745371846214,True
4.498,3,0.36,41.717084147713486,4.138,DESTROYING,0.561,83.36731263142123,3.937,41.65022848370774,True
4.499,3,0.36,41.68685437776819,4.139,DESTROYING,0.562,83.55062328145755,3.937,41.863768903689355,True
4.5,3,0.36,41.65665380827547,4.14,DESTROYING,0.563,83.73402037358707,3.937,42.0773665653116,True
4.501,3,0.36,41.626482403986,4.141,DESTROYING,0.564,83.91750380628774,3.937,42.29102140230174,True
4.502,3,0.36,41.59634012970168,4.142,DESTROYING,0.565,84.10107347829457,3.937,42.504733348592886,True
4.503,3,0.36,41.566226950275336,4.143,DESTROYING,0.566,84.28472928859861,3.937,42.718502338323276,True
4.504,3,0.36,41.53614283061056,4.144,DESTROYING,0.567,84.46847113644439,3.937,42.932328305833835,True
4.505,3,0.36,41.50608773566187,4.145,DESTROYING,0.568,84.65229892133114,3.937,43.146211185669266,True
4.506,3,0.36,41.476061630434394,4.146,DESTROYING,0.569,84.83621254300982,3.937,43.36015091257543,True
4.507,3,0.36,41.446064479983946,4.147,DESTROYING,0.57,85.02021190148295,3.937,43.574147421499006,True
4.508,3,0.36,41.41609624941688,4.148,DESTROYING,0.571,85.20429689700306,3.937,43.78820064758618,True
4.509,3,0.36,41.386156903889876,4.149,DESTROYING,0.572,85.38846743007178,3.937,44.00231052618191,True
4.51,3,0.36,41.35624640861013,4.15,DESTROYING,0.573,85.57272340143905,3.937,44.216476992828916,True
4.511,3,0.36,41.32636472883508,4.151,DESTROYING,0.574,85.75706471210107,3.937,44.43069998326599,True
4.512,3,0.36,41.29651182987225,4.152,DESTROYING,0.575,85.94149126330045,3.937,44.6449794334282,True
4.513,3,0.36,41.26668767707942,4.153,DESTROYING,0.576,86.12600295652462,3.937,44.8593152794452,True
4.514,3,0.36,41.23689223586426,4.154,DESTROYING,0.577,86.3105996935045,3.937,45.07370745764024,True
4.515,3,0.36,41.20712547168453,4.155,DESTROYING,0.578,86.49528137621428,3.937,45.28815590452975,True
4.516,3,0.36,41.177387350047745,4.156,DESTROYING,0.579,86.6800479068686,3.937,45.50266055682085,True
4.517,3,0.36,41.1476778365112,4.157,DESTROYING,0.58,86.86489918792391,3.937,45.71722135141271,True
4.518,3,0.36,41.11799689668186,4.158,DESTROYING,0.581,87.04983512207598,3.937,45.93183822539412,True
4.519,3,0.36,41.08834449621642,4.159,DESTROYING,0.582,87.23485561225888,3.937,46.14651111604246,True
4.52,3,0.36,41.058720600820905,4.16,DESTROYING,0.583,87.41996056164442,3.937,46.36123996082351,True
4.521,3,0.36,41.029125176250965,4.161,DESTROYING,0.584,87.60514987364093,3.937,46.57602469738996,True
4.522,3,0.36,40.999558188311454,4.162,DESTROYING,0.585,87.7904234518926,3.937,46.79086526358114,True
4.523,3,0.36,40.970019602856574,4.163,DESTROYING,0.586,87.97578120027724,3.937,47.005761597420666,True
4.524,3,0.36,40.940509385789774,4.164,DESTROYING,0.587,88.1612230229071,3.937,47.22071363711732,True
4.525,3,0.36,40.91102750306345,4.165,DESTROYING,0.588,88.34674882412682,3.937,47.43572132106337,True
4.526,3,0.36,40.88157392067915,4.166,DESTROYING,0.589,88.53235850851236,3.937,47.65078458783321,True
4.527,3,0.36,40.852148604687365,4.167,DESTROYING,0.59,88.71805198087083,3.937,47.86590337618346,True
4.528,3,0.36,40.82275152118738,4.168,DESTROYING,0.591,88.90382914623795,3.937,48.081077625050575,True
4.529,3,0.36,40.7933826363273,4.169,DESTROYING,0.592,89.08968990987908,3.937,48.29630727355178,True
4.53,3,0.36,40.76404191630387,4.17,DESTROYING,0.593,89.27563417728699,3.937,48.51159226098312,True
4.531,3,0.36,40.73472932736253,4.171,DESTROYING,0.594,89.4616618541812,3.937,48.72693252681867,True
4.532,3,0.36,40.70544483579725,4.172,DESTROYING,0.595,89.64777284650695,3.937,48.9423280107097,True
4.533,3,0.36,40.67618840795035,4.173,DESTROYING,0.596,89.8339670604345,3.937,49.157778652484154,True
4.534,3,0.36,40.64696001021262,4.174,DESTROYING,0.597,90.02024440235823,3.937,49.373284392145614,True
4.535,3,0.36,40.617759609023146,4.175,DESTROYING,0.598,90.20660477889476,3.937,49.58884516987161,True
4.536,3,0.36,40.58858717086911,4.176,DESTROYING,0.599,90.39304809688359,3.937,49.80446092601448,True
4.537,3,0.36,40.55944266228596,4.177,DESTROYING,0.6,90.57957426338518,3.937,50.02013160109922,True
4.538,3,0.36,40.530326049857074,4.178,DESTROYING,0.601,90.76618318568,3.937,50.23585713582293,True
4.539,3,0.36,40.50123730021388,4.179,DESTROYING,0.602,90.95287477126844,3.937,50.45163747105456,True
4.54,3,0.36,40.47217638003568,4.18,DESTROYING,0.603,91.13964892786835,3.937,50.66747254783267,True
4.541,3,0.36,40.443143256049474,4.181,DESTROYING,0.604,91.32650556341596,3.937,50.88336230736649,True
4.542,3,0.36,40.414137895030166,4.182,DESTROYING,0.605,91.51344458606376,3.937,51.09930669103359,True
4.543,3,0.36,40.385160263800216,4.183,DESTROYING,0.606,91.70046590418022,3.937,51.315305640380004,True
4.544,3,0.36,40.35621032922957,4.184,DESTROYING,0.607,91.88756942634846,3.937,51.531359097118894,True
4.545,3,0.36,40.327288058235844,4.185,DESTROYING,0.608,92.07475506136575,3.937,51.747467003129906,True
4.546,3,0.36,40.29839341778387,4.186,DESTROYING,0.609,92.26202271824266,3.937,51.96362930045879,True
4.547,3,0.36,40.269526374885935,4.187,DESTROYING,0.61,92.4493723062013,3.937,52.17984593131536,True
4.548,3,0.36,40.24068689660155,4.188,DESTROYING,0.611,92.63680373467587,3.937,52.39611683807431,True
4.549,3,0.36,40.21187495003736,4.189,DESTROYING,0.612,92.82431691331095,3.937,52.61244196327359,True
4.55,3,0.36,40.18309050234715,4.19,DESTROYING,0.613,93.01191175196062,3.937,52.828821249613476,True
4.551,3,0.36,40.154333520731676,4.191,DESTROYING,0.614,93.19958816068814,3.937,53.04525463995646,True
4.552,3,0.36,40.12560397243863,4.192,DESTROYING,0.615,93.38734604976409,3.937,53.26174207732546,True
4.553,3,0.36,40.096901824762625,4.193,DESTROYING,0.616,93.5751853296669,3.937,53.47828350490427,True
4.554,3,0.36,40.06822704504492,4.194,DESTROYING,0.617,93.76310591108093,3.937,53.69487886603601,True
4.555,3,0.36,40.039579600673626,4.195,DESTROYING,0.618,93.95110770489622,3.937,53.91152810422259,True
4.556,3,0.36,40.01095945908339,4.196,DESTROYING,0.619,94.1391906222073,3.937,54.12823116312391,True
4.557,3,0.36,39.98236658775538,4.197,DESTROYING,0.62,94.32735457431262,3.937,54.34498798655724,True
4.558,3,0.36,39.95380095421732,4.198,DESTROYING,0.621,94.51559947271397,3.937,54.56179851849665,True
4.559,3,0.36,39.925262526043255,4.199,DESTROYING,0.622,94.70392522911456,3.937,54.778662703071305,True
4.56,3,0.36,39.89675127085353,4.2,DESTROYING,0.623,94.8923317554196,3.937,54.99558048456608,True
4.561,3,0.36,39.86826715631479,4.201,DESTROYING,0.624,95.08081896373487,3.937,55.21255180742008,True
4.562,3,0.36,39.83981015013977,4.202,DESTROYING,0.625,95.26938676636584,3.937,55.42957661622607,True
4.563,3,0.36,39.81138022008733,4.203,DESTROYING,0.626,95.45803507581736,3.937,55.646654855730034,True
4.564,3,0.36,39.78297733396235,4.204,DESTROYING,0.627,95.6467638047916,3.937,55.863786470829254,True
4.565,3,0.36,39.75460145961555,4.205,DESTROYING,0.628,95.83557286618908,3.937,56.08097140657353,True
4.566,3,0.36,39.72625256494357,4.206,DESTROYING,0.629,96.02446217310656,3.937,56.298209608162985,True
4.567,3,0.36,39.697930617888886,4.207,DESTROYING,0.63,96.21343163883682,3.937,56.51550102094794,True
4.568,3,0.36,39.669635586439504,4.208,DESTROYING,0.631,96.4024811768677,3.937,56.73284559042819,True
4.569,3,0.36,39.64136743862921,4.209,DESTROYING,0.632,96.59161070088145,3.937,56.950243262252236,True
4.57,3,0.36,39.61312614253726,4.21,DESTROYING,0.633,96.780820124754,3.937,57.16769398221674,True
4.571,3,0.36,39.58491166628836,4.211,DESTROYING,0.634,96.97010936255371,3.937,57.38519769626535,True
4.572,3,0.36,39.55672397805272,4.212,DESTROYING,0.635,97.15947832854134,3.937,57.60275435048862,True
4.573,3,0.36,39.528563046045726,4.213,DESTROYING,0.636,97.34892693716898,3.937,57.82036389112326,True
4.574,3,0.36,39.500428838528094,4.214,DESTROYING,0.637,97.53845510307913,3.937,58.038026264551036,True
4.575,3,0.36,39.47232132380577,4.215,DESTROYING,0.638,97.7280627411045,3.937,58.25574141729872,True
4.576,3,0.36,39.44424047022963,4.216,DESTROYING,0.639,97.91774976626631,3.937,58.47350929603668,True
4.577,3,0.36,39.41618624619572,4.217,DESTROYING,0.64,98.10751609377455,3.937,58.69132984757883,True
4.578,3,0.36,39.38815862014494,4.218,DESTROYING,0.641,98.29736163902679,3.937,58.90920301888185,True
4.579,3,0.36,39.360157560563124,4.219,DESTROYING,0.642,98.48728631760744,3.937,59.12712875704432,True
4.58,3,0.36,39.33218303598084,4.22,DESTROYING,0.643,98.67729004528717,3.937,59.345107009306325,True
4.581,3,0.36,39.30423501497342,4.221,DESTROYING,0.644,98.86737273802214,3.937,59.56313772304872,True
4.582,3,0.36,39.27631346616083,4.222,DESTROYING,0.645,99.05753431195335,3.937,59.78122084579252,True
4.583,3,0.36,39.248418358207665,4.223,DESTROYING,0.646,99.24777468340528,3.937,59.99935632519762,True
4.584,3,0.36,39.22054965982289,4.224,DESTROYING,0.647,99.43809376888645,3.937,60.21754410906355,True
4.585,3,0.36,39.19270733976004,4.225,DESTROYING,0.648,99.62849148508762,3.937,60.43578414532758,True
4.586,3,0.36,39.16489136681687,4.226,DESTROYING,0.649,99.81896774888176,3.937,60.65407638206489,True
